post_url,source,likes,sentiment,contenu_original,erreur,langue,theme,type_contenu,auteur,produit_service,date,promotion
https://www.instagram.com/p/DdD5vZUjbyI/,instagram,3,,"Avec Assurances BIAT, roulez l’esprit tranquille. 

ASSURANCES BIAT
باللّي يصير ديما معاك","Error code: 400 - {'error': {'message': ""Failed to validate JSON. Please adjust your prompt. See 'failed_generation' for more details."", 'type': 'invalid_request_error', 'code': 'json_validate_failed', 'failed_generation': ''}}",,,,assurances.biat,,2026-09-09T09:07:24.000Z,
https://www.instagram.com/p/DcvE444kU3z/,instagram,781,positif,"L’équipe d’Assurances BIAT sera ravie de vous accueillir du Lundi au Vendredi : De 08h à 12h et de 13h à 17h ⌚ 

ASSURANCES BIAT

 باللّي يصير ديما معاك",,mixte,Horaires d'accueil BIAT,information pratique,assurances.biat,Assurances BIAT,2026-09-01T07:00:46.000Z,
https://www.instagram.com/p/Dc3RodGjV3J/,instagram,842,,"Retour en images sur la conférence de presse du 02/09/2026 dédiée au renouvellement du partenariat entre Assurances BIAT et @ultra_mirage  El Djerid pour la 10ème année consécutive.

ASSURANCES BIAT
باللّي يصير ديما معاك","Error code: 400 - {'error': {'message': ""Failed to validate JSON. Please adjust your prompt. See 'failed_generation' for more details."", 'type': 'invalid_request_error', 'code': 'json_validate_failed', 'failed_generation': ''}}",,,,assurances.biat,,2026-09-04T11:26:02.000Z,
https://www.instagram.com/p/DcViofajKme/,instagram,4,,"Il n'y a sans doute pas de plus beau projet que de préparer l'avenir de ses enfants.

Une rentrée, des études, un premier départ… Les grandes étapes se préparent bien avant d'arriver. Et le plus souvent, sans jamais le dire, c'est par amour qu'on prend de l'avance.

Avec les solutions d'épargne d'Al Baraka Assurances, vous bâtissez cet avenir à votre rythme, en accord avec vos valeurs, accompagné par un conseiller à chaque étape.

Parce que protéger l'essentiel, c'est voir plus loin. Et parce qu'on n'assure pas l'avenir par peur, mais par amour. ❤️

🏆 Élu Service Client de l'Année 2026 

#Assurance #albarakaassurances","Error code: 400 - {'error': {'message': ""Failed to generate JSON. Please adjust your prompt. See 'failed_generation' for more details."", 'type': 'invalid_request_error', 'code': 'json_validate_failed', 'failed_generation': 'max completion tokens reached before generating a valid document'}}",,,,al_baraka_assurances,,2026-08-22T09:00:25.000Z,
https://www.instagram.com/p/DdHHfWdCZv8/,instagram,3,,"Ce n'est pas le montant que vous mettez de côté qui fait la différence. C'est le nombre d'années pendant lesquelles vous le faites.

Une épargne ne se construit pas avec un gros versement de départ. Elle se construit avec une somme régulière, même modeste, tenue dans la durée.

Études des enfants, apport pour un logement, sérénité pour l'avenir : tous ces projets ont commencé un jour par une première étape.

Parlons de la vôtre 🤍

📞 70 01 51 51

🏆 Élu Service Client de l'Année 2026

#Assurance #albarakaassurances","Error code: 400 - {'error': {'message': ""Failed to generate JSON. Please adjust your prompt. See 'failed_generation' for more details."", 'type': 'invalid_request_error', 'code': 'json_validate_failed', 'failed_generation': 'max completion tokens reached before generating a valid document'}}",,,,al_baraka_assurances,,2026-09-10T15:05:37.000Z,
https://www.instagram.com/p/Dc0p7ePgYVk/,instagram,5,,"Un imprévu pendant votre voyage ?

Avec l'Assistance Voyage Al Baraka, vous bénéficiez d'un accompagnement pour faire face aux situations inattendues, où que vous soyez.

🌍 Avant, pendant ou après votre départ, nous restons à vos côtés.

🛡️ Al Baraka Assurances, votre sérénité voyage avec vous.

📞 70 01 51 51

🏆 Élu Service Client de l'Année 2026

#Assurance #albarakaassurances","Error code: 400 - {'error': {'message': ""Failed to validate JSON. Please adjust your prompt. See 'failed_generation' for more details."", 'type': 'invalid_request_error', 'code': 'json_validate_failed', 'failed_generation': ''}}",,,,al_baraka_assurances,,2026-09-03T11:00:57.000Z,
https://www.instagram.com/p/Dc_goK5FOiT/,instagram,5,,"Votre entreprise avance. Votre protection doit avancer avec elle 📈

Nouveau local, nouveau matériel, nouvelles équipes : votre activité évolue chaque année. Votre couverture, elle, reste souvent inchangée depuis le jour de la signature.

Al Baraka Assurances accompagne les entreprises tunisiennes dans la protection de leurs locaux, de leur matériel, de leur flotte et de leurs collaborateurs.

📞 70 01 51 51

🏆 Élu Service Client de l'Année 2026

#Assurance #albarakaassurances","Error code: 400 - {'error': {'message': ""Failed to validate JSON. Please adjust your prompt. See 'failed_generation' for more details."", 'type': 'invalid_request_error', 'code': 'json_validate_failed', 'failed_generation': ''}}",,,,al_baraka_assurances,,2026-09-07T16:11:23.000Z,
https://www.instagram.com/p/DdOMJY0kQno/,instagram,18,,"Une nouvelle distance s’invite à l’aventure : 100 Miles, soit 162 KM. 🔥
Que vous visiez les 25, 50, 100 KM ou les 100 Miles, un même objectif : aller au bout de vous-même.

📍 Tozeur vous attend.

ASSURANCES BIAT
باللّي يصير ديما معاك","Error code: 400 - {'error': {'message': ""Failed to generate JSON. Please adjust your prompt. See 'failed_generation' for more details."", 'type': 'invalid_request_error', 'code': 'json_validate_failed', 'failed_generation': 'max completion tokens reached before generating a valid document'}}",,,,assurances.biat,,2026-09-13T09:00:39.000Z,
https://www.instagram.com/p/Dc3LPBkjKNq/,instagram,120,positif,"الكرهبة عليك… والتأمين علينا 🚗

Avec l'Assurance Automobile Al Baraka, bénéficiez d'une couverture adaptée pour rouler plus sereinement et faire face aux imprévus de la route.

🤍 Parce que votre tranquillité compte, Al Baraka Assurances reste à vos côtés à chaque déplacement.

🔗 Découvrez nos solutions d'assurance automobile :
https://www.albaraka-assurances.com/devis-automobile/ 

📞 70 01 51 51

🏆 Élu Service Client de l'Année 2026

#Assurance #DevisAuto #albarakaassurances",,mixte,Assurance auto sérénité service,promotion produit,al_baraka_assurances,Assurance Automobile Al Baraka,2026-09-04T10:30:08.000Z,bénéficiez d'une couverture adaptée pour rouler plus sereinement
https://www.instagram.com/p/DcdKPUbgW6v/,instagram,9,positif,"🌙 مولد نبوي مبارك ✨

البركة تأمينات تتمنالكم مولد نبوي مبارك، مليان فرحة وبركة.

ربي يعيده عليكم بالصحة والخير. 🤍

#المولد_النبوى_الشريف #مولدنبوي  #albarakaassurances",,arabe,Fête du Mawlid bénie,relations publiques,al_baraka_assurances,,2026-08-25T08:01:30.000Z,
https://www.instagram.com/p/Dcv9oDTDDH9/,instagram,3,positif,"Derrière chaque appel, il y a quelqu'un qui attend une réponse.

Une question sur un contrat, une démarche à comprendre, un dossier à faire avancer. Ce sont des moments ordinaires, et c'est précisément là que se joue la relation.

Élu Service Client de l'Année 2026. Une distinction qui ne récompense pas un produit, mais une manière d'écouter.

Merci à nos clients pour leur confiance, et à nos équipes qui la font vivre chaque jour. 🤍

📞 70 01 51 51

#Assurance #albarakaassurances",,français,Service client primé 2026,relations publiques,al_baraka_assurances,,2026-09-01T15:16:56.000Z,
https://www.instagram.com/p/Dcla8gYlVfF/,instagram,155,,"شنية تغطّي بالضبط الـ Multirisque Habitation ؟ 🏠

حريق، أضرار المياه، السرقة، كسر البلور، كوارث طبيعية…

وتنجم تزيد تغطيات حسب احتياجاتك :
⏰ مساعدة 24/ 24
🌳 حماية الجنان والمسبح
🩹 مصاريف مرتبطة بالحوادث
🤍 البركة تأمينات، ديما معاك.

🔗 https://www.albaraka-assurances.com/ar/multirisque-habitation-assurances-albaraka/

📞 70 01 51 51
🏆 Élu Service Client de l’Année 2026 

#Assurance #multirisque #albarakaassurances","Error code: 400 - {'error': {'message': ""Failed to validate JSON. Please adjust your prompt. See 'failed_generation' for more details."", 'type': 'invalid_request_error', 'code': 'json_validate_failed', 'failed_generation': ''}}",,,,al_baraka_assurances,,2026-08-28T13:01:32.000Z,
https://www.instagram.com/p/DdL1IZmgUSp/,instagram,5,positif,"🎒✨ Une nouvelle rentrée, de nouveaux défis… et toujours les mêmes rêves à protéger.

Derrière chaque cartable préparé et chaque premier pas vers l’école, il y a une famille qui veille, accompagne et imagine l’avenir avec confiance.

Avec Al Baraka Assurances, avancez sereinement à chaque étape de la vie et offrez à ceux qui comptent le plus une protection adaptée.

❤️ Parce que protéger sa famille, c’est aussi préserver ses rêves.

📞 70 01 51 51
🏆 Élu Service Client de l'Année 2026 

#Assurance #albarakaassurances",,français,Protection familiale pour la rentrée,relations publiques,al_baraka_assurances,Al Baraka Assurances,2026-09-12T11:01:26.000Z,
https://www.instagram.com/p/DctW9m1DMV6/,instagram,6,positif,"📢 Les horaires en double séance reprennent !

Nous avons le plaisir de vous accueillir :
🗓️ Du lundi au vendredi
🕗 08h00 – 12h00
🕐 13h00 – 17h20

Pour toute information :
📞 70 01 51 51

#horaires #doubleséance #albarakaassurances",,français,Reprise horaires double séance,information pratique,al_baraka_assurances,,2026-08-31T15:00:13.000Z,
https://www.instagram.com/p/Dc5lzJ3Dfo8/,instagram,19,,"10 éditions. 10 ans de dépassement. L’aventure continue. 🏜️
Le désert vous attend. 

ASSURANCES BIAT
 باللّي يصير ديما معاك","Error code: 400 - {'error': {'message': ""Failed to generate JSON. Please adjust your prompt. See 'failed_generation' for more details."", 'type': 'invalid_request_error', 'code': 'json_validate_failed', 'failed_generation': 'max completion tokens reached before generating a valid document'}}",,,,assurances.biat,,2026-09-05T09:00:44.000Z,
https://www.instagram.com/p/Dcy0EV7lR8A/,instagram,4,positif,"Protégez votre activité et sécurisez votre commerce ou entreprise en toute tranquillité 🏢🔒
Souscrivez à l'assurance Slamet Errezk de STAR Assurances et tentez de gagner une caméra de surveillance pour garder un œil sur vos locaux en toute circonstance
#STARAssurances #SlametErrezk #SécuritéEntreprise",,français,"Assurance entreprise, sécurité, concours",promotion produit,starassurancestunisie,assurance Slamet Errezk,2026-09-02T17:50:44.000Z,Souscrivez à l'assurance Slamet Errezk de STAR Assurances et tentez de gagner une caméra de surveillance
https://www.instagram.com/p/DctybMPjWrP/,instagram,4,positif,Vos agences STAR Assurances sont toujours là pour vous accueillir 🏢⭐,,français,agences toujours disponibles,relations publiques,starassurancestunisie,,2026-08-31T19:00:11.000Z,
https://www.instagram.com/p/Dc0e4sHlTbv/,instagram,483,positif,"مبروك الرقم القياسي والميدالية الذهبية🥇🏃‍♀️ 
 بإنجاز غير مسبوق، مروى بوزياني تكسر الرقم القياسي في ألعاب تارانتو المتوسطية🏆⏱️",,arabe,Record et médaille d’or,actualité,starassurancestunisie,,2026-09-03T09:24:07.000Z,
https://www.instagram.com/p/DcwkRM0FXOW/,instagram,1837,,"مبروك هذا الفوز المستحق! 🥇🇹🇳
مروى بوزياني تتوج بالميدالية  الذهبية 3000 متر موانع في ألعاب تارانتو المتوسطية🏃‍♀️","Error code: 400 - {'error': {'message': ""Failed to validate JSON. Please adjust your prompt. See 'failed_generation' for more details."", 'type': 'invalid_request_error', 'code': 'json_validate_failed', 'failed_generation': ''}}",,,,starassurancestunisie,,2026-09-01T20:54:12.000Z,
https://www.instagram.com/p/DdLnT8cjXBz/,instagram,5,positif,"Roulez en toute sérénité avec STAR Assurances 🚗
Souscrivez à Trik Esslama, l'assurance automobile de référence, et profitez d'une facilité de paiement jusqu'à 6 fois sans frais ⭐
 #STARAssurances #TrikEsslama",,français,Assurance auto paiement facile,promotion produit,starassurancestunisie,Trik Esslama,2026-09-12T09:00:18.000Z,facilité de paiement jusqu'à 6 fois sans frais
https://www.instagram.com/p/Dc61PTPFTen/,instagram,533,positif,نتمناو كل التوفيق والنجاح لنجمتنا وفاء المسغوني في تحدّي جديد بكوريا الجنوبية ! 🇹🇳💪,,arabe,félicitations star corée,relations publiques,starassurancestunisie,,2026-09-05T20:34:54.000Z,
https://www.instagram.com/p/Dc9KBa-FXVL/,instagram,1101,positif,موعدنا في التحدي القادم.. وكلنا معاك💪🧡,,arabe,"prochain défi, soutien",relations publiques,starassurancestunisie,,2026-09-06T18:15:00.000Z,
https://www.instagram.com/p/Dc1g0CsCZpe/,instagram,492,,"أمّن على كرهبتك مع Trik Esslama
  و استمتع بتسهيلات في الخلاص توصل حتى لـ6مرّات🚗
 

#STARAssurances #TrikEsslama","Error code: 400 - {'error': {'message': ""Failed to validate JSON. Please adjust your prompt. See 'failed_generation' for more details."", 'type': 'invalid_request_error', 'code': 'json_validate_failed', 'failed_generation': ''}}",,,,starassurancestunisie,,2026-09-03T19:00:13.000Z,
https://www.instagram.com/p/CtoDuLihDeC/,instagram,66,neutre,"Walid Ben ammar, agent général Assurances Biat Tunis , nous parle du métier d'agent d'Assurances.

#ASSURANCESBIAT",,français,Métier d'agent d'assurances,information pratique,assurances.biat,,2023-06-18T09:00:49.000Z,
https://www.instagram.com/p/CuG9QrbJnfc/,instagram,69,,"Anis Akriche, agent général Assurances BIAT les jardins de carthage, nous parle du métier d’Agent d’Assurance.

#ASSURANCESBIAT","Error code: 400 - {'error': {'message': ""Failed to generate JSON. Please adjust your prompt. See 'failed_generation' for more details."", 'type': 'invalid_request_error', 'code': 'json_validate_failed', 'failed_generation': 'max completion tokens reached before generating a valid document'}}",,,,assurances.biat,,2023-06-30T09:00:29.000Z,
https://www.instagram.com/p/Ct3gfgWNKHM/,instagram,107,positif,"Fatma Abdennadher, commerciale chez Assurances BIAT SFAX, nous parle de son expérience dans notre compagnie.

#ASSURANCESBIAT",,français,témoignage expérience employée,relations publiques,assurances.biat,,2023-06-24T09:00:33.000Z,
https://www.instagram.com/p/DdJG_phjbgz/,instagram,24,positif,"Des souvenirs, des défis, une énergie unique. 
Revivez les moments forts des précédentes éditions de Assurances BIAT X @ultra_mirage .

ASSURANCES BIAT
 باللّي يصير ديما معاك",,mixte,Souvenirs d'événements Assurances BIAT,relations publiques,assurances.biat,Assurances BIAT,2026-09-11T09:39:52.000Z,
https://www.instagram.com/p/Dc4GA9lC5wD/,instagram,58,,"مبروك لنجمة تونس مروى بوزياني 🇹🇳✨
على تحقيقها الرقم القياسي وتتويجها بالميدالية الذهبية في ألعاب تارانتو المتوسطية 🥇🏃‍♀️","Error code: 400 - {'error': {'message': ""Failed to validate JSON. Please adjust your prompt. See 'failed_generation' for more details."", 'type': 'invalid_request_error', 'code': 'json_validate_failed', 'failed_generation': ''}}",,,,starassurancestunisie,,2026-09-04T19:05:07.000Z,
https://www.instagram.com/p/DccNdlFApJ5/,instagram,11,,"🌙مولد نبوي شريف على كل الأمة الاسلامية
وكل عام وأنتم بخير ✨

#AssurancesZitounaTakaful #Mouled2026","Error code: 400 - {'error': {'message': ""Failed to validate JSON. Please adjust your prompt. See 'failed_generation' for more details."", 'type': 'invalid_request_error', 'code': 'json_validate_failed', 'failed_generation': ''}}",,,,zitouna_takaful,,2026-08-24T23:10:08.000Z,
https://www.instagram.com/p/DcsnA9rDdr3/,instagram,22,,"Retour aux horaires habituels 🕘
À compter du 1er septembre, nos équipes vous accueillent selon les horaires suivants :
🕗 Réseau d’agences (du lundi au vendredi)
8h00 – 12h00 | 13h00 – 17h30
🏢 Agence centrale, succursales de Sousse & Sfax et centres d’expertise
Du lundi au vendredi : 8h15 – 11h45 | 13h00 – 16h30
Le samedi : 9h00 – 12h00
Nous vous remercions pour votre confiance et restons à votre disposition pour toute information complémentaire.
📞 82 10 80 80
🌐 zitounatakaful.com
#ZitounaTakaful #Horaires","Error code: 400 - {'error': {'message': ""Failed to generate JSON. Please adjust your prompt. See 'failed_generation' for more details."", 'type': 'invalid_request_error', 'code': 'json_validate_failed', 'failed_generation': 'max completion tokens reached before generating a valid document'}}",,,,zitouna_takaful,,2026-08-31T08:01:14.000Z,
https://www.instagram.com/p/DdDyLhhiXUX/,instagram,44,,"Être entrepreneur, c’est avancer, décider… et aussi savoir anticiper. 💼
Responsabilité civile, santé, prévoyance, retraite, perte d’exploitation ou encore protection du dirigeant : chaque activité a ses propres risques et mérite une couverture adaptée.
💚 Avec Assurances Zitouna Takaful, faites le point sur vos besoins et construisez une protection à la hauteur de votre activité.
📞 Pour plus d’informations : 82 10 80 80
 🌐 Ou visitez notre site : https://zitounatakaful.com/
#ZitounaTakaful #Entrepreneurs #AssuranceProfessionnelle #Protection #Prévention #Entreprise","Error code: 400 - {'error': {'message': ""Failed to validate JSON. Please adjust your prompt. See 'failed_generation' for more details."", 'type': 'invalid_request_error', 'code': 'json_validate_failed', 'failed_generation': ''}}",,,,zitouna_takaful,,2026-09-09T08:01:20.000Z,
https://www.instagram.com/p/Db-JulSDSgu/,instagram,141,,"نحتفلو اليوم بالمرأة التونسية، بقوّتها، بطموحها وبكلّ إنجازاتها.
عيدك مبروك، اليوم وكلّ يوم 🌸 
#AssurancesZitounaTakaful #JournéeNationaleDeLaFemmeTunisienne #13Août","Error code: 400 - {'error': {'message': ""Failed to validate JSON. Please adjust your prompt. See 'failed_generation' for more details."", 'type': 'invalid_request_error', 'code': 'json_validate_failed', 'failed_generation': ''}}",,,,zitouna_takaful,,2026-08-13T07:00:16.000Z,
https://www.instagram.com/p/DdHRF_lg0ZZ/,instagram,8,,"En cas de sinistre, chaque minute compte.
Assurances Zitouna Takaful met à votre disposition plusieurs canaux pour déclarer votre sinistre rapidement et bénéficier d’un accompagnement tout au long de vos démarches :
✅ En ligne, via votre espace client TAAMINET, disponible 24h/24 et 7j/7
✅ Par téléphone, via notre Numéro Bleu : 82 10 80 80
✅ Auprès de votre agence habituelle 

Nos équipes restent mobilisées pour vous accompagner et vous guider à chaque étape de votre démarche.
وقفتنا معاكم صحيحة 💚
#AssurancesZitounaTakaful #DéclarationDeSinistre #Assurance #Accompagnement #ServiceClient","Error code: 400 - {'error': {'message': ""Failed to generate JSON. Please adjust your prompt. See 'failed_generation' for more details."", 'type': 'invalid_request_error', 'code': 'json_validate_failed', 'failed_generation': 'max completion tokens reached before generating a valid document'}}",,,,zitouna_takaful,,2026-09-10T16:29:14.000Z,
https://www.instagram.com/p/DcS90T6jC8i/,instagram,11,positif,"Chaque voyage a son histoire et Chaque voyageur a ses besoins.
Études, vacances, affaires ou longs séjours : Découvrez nos 5 formules d'Assurance sur zitounatakaful.com

#AssurancesZitounaTakaful #Assurances #TravelSafe #AssuranceVoyage #AssuranceTunisie",,mixte,Assurances voyage personnalisées,promotion produit,zitouna_takaful,Assurance voyage,2026-08-21T09:00:14.000Z,5 formules d'Assurance disponibles sur zitounatakaful.com
https://www.instagram.com/p/DcdjljAiN9Q/,instagram,3315,positif,"ألف حمد وشكر لله 
Mediterranean games Toronto silver medalist🥈 
Of course, silver was never my main goal, but I’m still incredibly proud of myself not for being physically strong, but for how mentally strong I’ve become... I’m proud of my resilience, my efforts, and my determination. This is just the beginning of my journey in this new weight category.🔜🔝🏆

A huge thank you to all my teammates for the motivation, the unforgettable moments, and the sweet memories that I will always cherish!🥹🫂❤️

To my sponsors or rather, my family @starassurancestunisie @daedo.wt @daedo_official  thank you for believing in me and supporting me. It truly means the world to me🥰

Thank you to all the coaches, staff, Tunisians, and everyone who watched and supported me🤜🏼🤛🏼

Last but certainly not least, thank you to my family,my biggest blessing❤️‍🩹

Silver was never the finish line. Losing has never stopped me; it has only fueled my motivation and pushed me to work even harder!!! Lagrintaaa🌶️🔥

This is only the beginning. Stay tuned there’s much more to come, Insha’Allah. 💪🇹🇳

I love you all❤️
To the next🔜✊🏼🔥",,mixte,Silver medal achievement,actualité,wafa_masghouni,,2026-08-25T11:42:40.000Z,
https://www.instagram.com/p/Dc0VWQZGSVS/,instagram,54,positif,"Et vous, quelle autre idée reçue sur l’énergie solaire aimeriez-vous voir dans notre prochain « Vrai ou Faux ? » 🤔
 Dites-le-nous en commentaire ! 👇
#AssurancesZitounaTakaful #VraiOuFaux #ÉnergieSolaire #Photovoltaïque",,français,Idées reçues énergie solaire,relations publiques,zitouna_takaful,,2026-09-03T08:00:48.000Z,
https://www.instagram.com/p/DaiUkzDlcUv/,instagram,6,,"15 سنة معاكم كنا... و معاكم مواصلين! 💚

#الزيتونة_تكافل
#وقفتنا_معاكم_صحيحة","Error code: 400 - {'error': {'message': ""Failed to validate JSON. Please adjust your prompt. See 'failed_generation' for more details."", 'type': 'invalid_request_error', 'code': 'json_validate_failed', 'failed_generation': ''}}",,,,zitouna_takaful,,2026-07-08T15:04:55.000Z,
https://www.instagram.com/p/DdBoQfMgful/,instagram,29,positif,"Retour en vidéo sur la conférence de presse du 02/09/2026 dédiée au Renouvellement du partenariat entre Assurances BIAT et Ultra Mirage el Djerid 2026.

ASSURANCES BIAT
باللّي يصير ديما معاك",,mixte,Renouvellement partenariat Assurances BIAT,relations publiques,assurances.biat,,2026-09-08T11:56:40.000Z,
https://www.instagram.com/p/DcLqX3qEsyr/,instagram,249,positif,"في الطريق، كل ثانية تفرق. 👀🚗

 لحظة تشتّت صغيرة تنجم تكون عواقبها كبيرة.

خليك حاضر، ركّز في الطريق وخلي السلامة ديما أولويتك. 💚

 

#AssurancesZitounaTakaful #SécuritéRoutière #Prévention",,mixte,Sécurité routière vigilance,information pratique,zitouna_takaful,,2026-08-18T12:56:10.000Z,
https://www.instagram.com/p/DZ5fcBrAF8W/,instagram,1316,positif,"ملّي تبدا الفكرة، حتى لّي يولي الحلم حقيقة...
نأمنو بيك وبالقوة اللي فيك..
مش من اليوم، من 15 سنة معاكم واقفين، و عازمين، نكونو ديما معكم في السنين الجايين 💚

#الزيتونة_تكافل #وقفتنا_معاكم_صحيحة",,arabe,confiance et soutien,relations publiques,zitouna_takaful,,2026-06-22T18:31:26.000Z,
https://www.instagram.com/p/DdBi2CEjfqA/,instagram,2,,"كل واحد فينا عندو أولويات مختلفة وقت يسافر... 🌍
​
شنوّا أكثر خدمة تحب تكون متوفرة في تأمين السفر متاعك؟ ​🤔​

💬 شاركونا رأيكم في التعليقات!​

🌐 و اكتشفوا جميع خدمات Assurance Voyage SAFRATY والمزايا إلي نوفروها على 👇​
www.carte.com.tn​

#CARTEAssurances #SAFRATY #AssuranceVoyage #Voyage #Tunisie #Travel #راحة_البال","Error code: 400 - {'error': {'message': ""Failed to validate JSON. Please adjust your prompt. See 'failed_generation' for more details."", 'type': 'invalid_request_error', 'code': 'json_validate_failed', 'failed_generation': ''}}",,,,carte.assurances,,2026-09-08T11:08:50.000Z,
https://www.instagram.com/p/DcyIEUwDaZx/,instagram,2,positif,"💙 Votre santé mérite bien plus qu'une simple assurance.​
Avec SAHATY CONFORT​, profitez d'une couverture adaptée à vos besoins, de remboursements rapides et de services pensés pour votre tranquillité d'esprit.​
En savoir plus sur nos offres: https://www.carte.com.tn

#CARTEAssurances #Assurance #BienÊtre #santé",,français,Assurance santé personnalisée,promotion produit,carte.assurances,SAHATY CONFORT,2026-09-02T11:26:15.000Z,"Couverture adaptée, remboursements rapides et services pour tranquillité d'esprit"
https://www.instagram.com/p/Dc_gd_8jWCQ/,instagram,4,,"مع CARTE Assurances، نوفرولك حلول تأمين تناسب احتياجاتك، باش تعيش كل مرحلة من حياتك براحة بال، بثقة، وحماية ليك ولعزاز عليك. 🛡️❤️​
🌐 اكتشفوا جميع خدماتنا وحلولنا التأمينية عبر موقعنا 👇​
www.carte.com.tn ​","Error code: 400 - {'error': {'message': ""Failed to validate JSON. Please adjust your prompt. See 'failed_generation' for more details."", 'type': 'invalid_request_error', 'code': 'json_validate_failed', 'failed_generation': ''}}",,,,carte.assurances,,2026-09-07T16:09:36.000Z,
https://www.instagram.com/p/DdJPMA-Da1_/,instagram,3,,"La vie est faite de projets, de moments imprévus et de belles étapes. 💙

Et pour chacun d’eux, mieux vaut pouvoir compter sur une protection adaptée. 🛡️

Avec CARTE Assurances, vous bénéficiez de solutions pensées pour vous accompagner au quotidien.

🌐 Découvrez nos solutions sur www.carte.com.tn

#CARTEAssurances #Assurance #Protection #Tranquillité #Confiance","Error code: 400 - {'error': {'message': ""Failed to generate JSON. Please adjust your prompt. See 'failed_generation' for more details."", 'type': 'invalid_request_error', 'code': 'json_validate_failed', 'failed_generation': 'max completion tokens reached before generating a valid document'}}",,,,carte.assurances,,2026-09-11T10:51:00.000Z,
https://www.instagram.com/p/DdEM-DgjWir/,instagram,1,,"كل واحد فينا عندو احتياجات مختلفة... واختيار الـ Pack المناسب هو أول خطوة باش تستفيد من التغطية و الإمتيازات إلي تناسبك أكثر. 🩺✨​

​💬 اكتبولنا اختياركم في التعليقات، و خليها أول خطوة نحو التغطية إلي تناسب احتياجاتك. 👇​

​🌐 اكتشف جميع التفاصيل و الإمتيازات الخاصة بكل Pack عبر موقعنا:​
www.carte.com.tn​

#CARTEAssurances #SahatyConfort #Santé #BienÊtre","Error code: 400 - {'error': {'message': ""Failed to validate JSON. Please adjust your prompt. See 'failed_generation' for more details."", 'type': 'invalid_request_error', 'code': 'json_validate_failed', 'failed_generation': ''}}",,,,carte.assurances,,2026-09-09T11:55:25.000Z,
https://www.instagram.com/p/Dcv4UWjDRN5/,instagram,0,positif,"كان يقولولك عندك الحق تسافر بلاد وحدة في حياتك... وين تختار تمشي ؟ 🤩✈️🌍 
​
​💬 اكتبلنا وجهتك في التعليقات، وقوللنا علاش هي الاختيار متاعك! 👇​
​🌐 تعرّف أكثر على خدماتنا عبر موقعنا:​
www.carte.com.tn​

#CARTEAssurances #SAFRATY #AssuranceVoyage #Voyage #Tunisie #Travel",,arabe,choix destination voyage,relations publiques,carte.assurances,Assurance Voyage,2026-09-01T14:30:09.000Z,
https://www.instagram.com/p/DcocrvQjfvt/,instagram,1,positif,"Chaque consultation, chaque analyse, chaque urgence : Sahaty Confort est là pour vous.​
Votre santé mérite le meilleur accompagnement. 💙​
​En savoir plus sur nos offres: www.carte.com.tn
​
#CARTEAssurances #SahatyConfort #Santé #BienÊtre",,français,Assistance santé d'urgence,promotion produit,carte.assurances,Sahaty Confort,2026-08-29T17:13:59.000Z,
https://www.instagram.com/p/DcjaZ-NjUn6/,instagram,2,,"La différence entre s'inquiéter et être serein ? 
Une bonne assurance. 💙​
Avec CARTE Assurances, on choisit la tranquillité.​
 ​
#CARTEAssurances #Tranquillité #confiance","Error code: 400 - {'error': {'message': ""Failed to validate JSON. Please adjust your prompt. See 'failed_generation' for more details."", 'type': 'invalid_request_error', 'code': 'json_validate_failed', 'failed_generation': ''}}",,,,carte.assurances,,2026-08-27T18:17:53.000Z,
https://www.instagram.com/p/DdFOXQos4yw/,instagram,40,positif,"PLAY YOUR GAME. UNLOCK THE SURPRISE.

Le challenge ne s’arrête pas au score. 🎾

Pour cette 12e étape du Circuit National des Jeunes de Padel, une surprise attend l’un des jeunes participants…

🔥 Tous ses entraînements au club pris en charge jusqu’à la fin de la saison

Le terrain sera votre premier challenge.
La surprise ? Il faudra la mériter.

U12 · U14 · U16 · U18
📅 11 · 12 · 13 septembre
📍 Padel Society

Dernières 24h pour s’inscrire.
Don’t miss your chance. #nextgen #cartevie #padel #society",,mixte,Challenge padel jeunes,information pratique,padel_society_tunis,,2026-09-09T21:31:32.000Z,Entraînements au club pris en charge jusqu’à la fin de la saison pour le gagnant
https://www.instagram.com/p/Dcf-OkJjZXQ/,instagram,1,positif,"🩺 Et vous, quel est votre indispensable ? 💙
Parmi ces avantages, lequel ferait vraiment la différence dans votre quotidien ?

💬 Répondez avec le numéro 1, 2, 3 ou 4 en commentaire !

#SahatyConfort #CarteAssurances #Santé #protection",,français,engagement sur avantages santé,relations publiques,carte.assurances,,2026-08-26T10:13:56.000Z,
https://www.facebook.com/reel/1775938013603039/,facebook,2,,"Parce que les imprévus font partie de la vie, l'Assurance Multirisques Habitation protège votre logement, vos biens et votre responsabilité civile face aux aléas du quotidien !

📞 Une question ? Besoin de plus d’informations ?
Nos conseillers sont à votre disposition au 82 10 80 80.

🌐 Découvrez également notre offre en ligne :
https://zitounatakaful.com/fr/vous-etes-un-particulier/assurance-habitation
#AssurancesZitounaTakaful #Assurances #MultirisquesHabitation","Error code: 400 - {'error': {'message': ""Failed to validate JSON. Please adjust your prompt. See 'failed_generation' for more details."", 'type': 'invalid_request_error', 'code': 'json_validate_failed', 'failed_generation': ''}}",,,,zitounatakaful.com.tn,,2026-09-11T08:01:30.000Z,
https://www.facebook.com/zitounatakaful.com.tn/posts/pfbid02E2hHyYKGkVwixJtakSUPaPi9FQo7Mfsce2BmdJVu97NSbY6A4rJ5cNRwSL7KEbm9l,facebook,3,positif,"En cas de sinistre, chaque minute compte.
Assurances Zitouna Takaful met à votre disposition plusieurs canaux pour déclarer votre sinistre rapidement et bénéficier d’un accompagnement tout au long de vos démarches :
✅ En ligne, via votre espace client TAAMINET, disponible 24h/24 et 7j/7
✅ Par téléphone, via notre Numéro Bleu : 82 10 80 80
✅ Auprès de votre agence habituelle 

Nos équipes restent mobilisées pour vous accompagner et vous guider à chaque étape de votre démarche.

وقفتنا معاكم صحيحة 💚
#AssurancesZitounaTakaful #DéclarationDeSinistre #Assurance #Accompagnement #ServiceClient",,mixte,Déclaration sinistre multicanal,information pratique,zitounatakaful.com.tn,Assurances Zitouna Takaful,2026-09-10T15:50:27.000Z,
https://www.facebook.com/zitounatakaful.com.tn/posts/pfbid0iE1TZWchbAS3nmv2qR1e8QY6EpEREwzMmZ93N9aTAz7ZegpMLeFsYZSruXWToEpFl,facebook,402,,"نشاطك تطوّر؟ محل جديد؟ معدات جديدة؟
 أي تغيير في نشاطك ينجم يبدّل المخاطر اللي تنجم تواجهها.
هذاكا علاش، من المستحسن تحيّن عقد التأمين متاعك وتتثبّت اللي التغطية مازالت مناسبة لنشاطك واحتياجاتك. 
تأمينات الزيتونة تكافل، علي ذمتك باش ننصحوك ونعاونوك.
📞 لمزيد المعلومات، اتصل بينا على :
 82 10 80 80

  🌐 ولا زور موقعنا: https://zitounatakaful.com/

#AssurancesZitounaTakaful #AssuranceProfessionnelle #Entrepreneurs","Error code: 400 - {'error': {'message': ""Failed to validate JSON. Please adjust your prompt. See 'failed_generation' for more details."", 'type': 'invalid_request_error', 'code': 'json_validate_failed', 'failed_generation': ''}}",,,,zitounatakaful.com.tn,,2026-09-07T08:00:48.000Z,
https://www.facebook.com/AssuranceCarteFouedTurki/posts/pfbid02TYPQytHzjHKQsp3Vf9rujyyAxWnWxrMjkxZ1tFNvAPCpxfnejZ9Nw2qert3jZpWol,facebook,7,,AGENCE TURKI FOUED VOUS SOUHAITE AID FETR MOUBARAK.,"Error code: 400 - {'error': {'message': ""Failed to generate JSON. Please adjust your prompt. See 'failed_generation' for more details."", 'type': 'invalid_request_error', 'code': 'json_validate_failed', 'failed_generation': 'max completion tokens reached before generating a valid document'}}",,,,AssuranceCarteFouedTurki,,2022-05-04T10:46:43.000Z,
https://www.facebook.com/StarAssurances/posts/pfbid037Aqnwzv9GVaS7n2XwhQKggb69VNuEfQ8Bd4DgGcrEuw5gDiUpYuVZVHpj9xxSFcnl,facebook,2,positif,"Roulez en toute sérénité avec STAR Assurances 🚗
Souscrivez à Trik Esslama, l'assurance automobile de référence, et profitez d'une facilité de paiement jusqu'à 6 fois sans frais ⭐
 #STARAssurances #TrikEsslama",,français,Assurance auto paiement facile,promotion produit,StarAssurances,Trik Esslama,2026-09-12T09:00:11.000Z,facilité de paiement jusqu'à 6 fois sans frais
https://www.facebook.com/StarAssurances/posts/pfbid0xojPzyHQtFwmJj3xcgpJTk89HR1S8GUShkKjgtRwJYnnPQdRiNuhAhFjtUJr3aXcl,facebook,1231,positif,موعدنا في التحدي القادم.. وكلنا معاك💪🧡,,arabe,"Défi à venir, soutien",relations publiques,StarAssurances,,2026-09-06T18:14:56.000Z,
https://www.facebook.com/StarAssurances/posts/pfbid0K4Pxv67TrfxtyAje68F4nZ37nax7gkTtyrLTSGnZsGkPwjnhGgbTgk1HdNkBpnQ2l,facebook,300,,نتمناو كل التوفيق والنجاح لنجمتنا وفاء المسغوني في تحدّي جديد بكوريا الجنوبية ! 🇹🇳💪,"Error code: 400 - {'error': {'message': ""Failed to validate JSON. Please adjust your prompt. See 'failed_generation' for more details."", 'type': 'invalid_request_error', 'code': 'json_validate_failed', 'failed_generation': ''}}",,,,StarAssurances,,2026-09-05T20:34:52.000Z,
https://www.facebook.com/LesAssurancesBIAT/posts/pfbid0FxCZHgoL3ns4pKU6pJxmYvhFnQbY3bULhJzrkqdN5yZR1qVRQkbteRH91q3Pjem5l,facebook,9,positif,"Une nouvelle distance s’invite à l’aventure : 100 Miles, soit 162 KM. 🔥
Que vous visiez les 25, 50, 100 KM ou les 100 Miles, un même objectif : aller au bout de vous-même.

📍 Tozeur vous attend.

ASSURANCES BIAT
باللّي يصير ديما معاك",,mixte,Nouvelle distance aventure Tozeur,relations publiques,LesAssurancesBIAT,,2026-09-13T09:00:36.000Z,
https://www.facebook.com/reel/1610200150486593/,facebook,16,,"Des souvenirs, des défis, une énergie unique. 
Revivez les moments forts des précédentes éditions de Assurances BIAT X Ultra Mirage .

ASSURANCES BIAT
 باللّي يصير ديما معاك","Error code: 400 - {'error': {'message': ""Failed to generate JSON. Please adjust your prompt. See 'failed_generation' for more details."", 'type': 'invalid_request_error', 'code': 'json_validate_failed', 'failed_generation': 'max completion tokens reached before generating a valid document'}}",,,,LesAssurancesBIAT,,2026-09-11T09:40:31.000Z,
https://www.facebook.com/LesAssurancesBIAT/posts/pfbid02xeLaB5qXmhQnY2VMA1dBoXQZvsD6n9Hf3KCGjEt71Mks9t88bVcpyLT5mGno1PhVl,facebook,118,positif,"Avec Assurances BIAT, roulez l’esprit tranquille. 

ASSURANCES BIAT
باللّي يصير ديما معاك",,mixte,Assurance conduite tranquillité,promotion produit,LesAssurancesBIAT,Assurances BIAT,2026-09-09T09:07:22.000Z,
https://www.facebook.com/zitounatakaful.com.tn/posts/pfbid02emH94YsfyYwKSHFgGz7jMAgD4SdZm1dJa4NcG7F5Ynidbo9XqQUDz8dwAPGcY2iil,facebook,668,positif,"Tout le monde parle de la rentrée.
Nous, nous pensons déjà à demain. 🎓
Parce que préparer l’avenir de ses enfants, c’est aussi épargner aujourd’hui pour leurs projets de demain.
Avec la Bourse d’étude Takaful Imtiez, pensez dès aujourd’hui à leur avenir.
📞 Une question ? Besoin de plus d’informations ?
Nos conseillers sont à votre disposition au 82 10 80 80.

🌐 Découvrez également notre offre en ligne :
https://zitounatakaful.com/fr/vous-etes-un-particulier/assurance-bourse-detude-takaful-imtiez
#AssurancesZitounaTakaful #ÉpargneImtiez #RentréeScolaire",,français,Épargne scolaire via assurance,promotion produit,zitounatakaful.com.tn,Bourse d’étude Takaful Imtiez,2026-09-04T08:00:22.000Z,Assurance bourse d’étude permettant d’épargner dès aujourd’hui pour les projets futurs des enfants
https://www.facebook.com/zitounatakaful.com.tn/posts/pfbid0np9sTQuU2SnYGQHtGWyLWCpuQLgtiZbcxZdkSbHJr2pTDHSLS8f3TX7D9rBE1Sz3l,facebook,31,,"Retour aux horaires habituels 🕘
À compter du 1er septembre, nos équipes vous accueillent selon les horaires suivants :
🕗 Réseau d’agences (du lundi au vendredi)
8h00 – 12h00 | 13h00 – 17h30
🏢 Agence centrale, succursales de Sousse & Sfax et centres d’expertise
Du lundi au vendredi : 8h15 – 11h45 | 13h00 – 16h30
Le samedi : 9h00 – 12h00
Nous vous remercions pour votre confiance et restons à votre disposition pour toute information complémentaire.
📞 82 10 80 80
🌐 zitounatakaful.com
#ZitounaTakaful #Horaires","Error code: 400 - {'error': {'message': ""Failed to generate JSON. Please adjust your prompt. See 'failed_generation' for more details."", 'type': 'invalid_request_error', 'code': 'json_validate_failed', 'failed_generation': 'max completion tokens reached before generating a valid document'}}",,,,zitounatakaful.com.tn,,2026-08-31T08:00:27.000Z,
https://www.facebook.com/zitounatakaful.com.tn/posts/pfbid0xEkSxXiNg6ZN1CtU7Aoh2hNWeJc6tmiznXSrWPSJDXkgT43AWEjpHKUT7xspvjVul,facebook,41,positif,"صحة فريقك، استثمار في نجاح مؤسستك. 
 مع التأمين الصحي الجماعي من تأمينات الزيتونة تكافل، وفّر لفريقك تغطية صحية ترافقهم وتساهم في راحة بالهم.
كلمونا على :
82 10 80 80
🌐 أو زورونا على موقعنا :
https://zitounatakaful.com/ar/altamyn-almhny-walmwssaty/tamyn-alswht-aljmay
#Assurances #ZitounaTakaful #AssuranceSantéGroupe #Entreprise #CapitalHumain",,arabe,Assurance santé collective entreprise,promotion produit,zitounatakaful.com.tn,Assurance santé groupe,2026-08-28T09:00:03.000Z,"Assurance santé collective pour les équipes, offrant une couverture médicale complète"
https://www.facebook.com/LesAssurancesBIAT/posts/pfbid0CZHzf3NaMmgHkT98hnQtaZFXX9XfMkp51AJwQ2G6HHESWUVDcARU3hMaaXbUPEeZl,facebook,7,positif,Renouvellement du partenariat entre ASSURANCES BIAT et ULTRA MIARGE EL DJERID 2026,,français,Renouvellement partenariat 2026,relations publiques,LesAssurancesBIAT,,2026-09-07T14:08:28.000Z,
https://www.facebook.com/LesAssurancesBIAT/posts/pfbid0wTX2CRTHPh79d5w6Yuh6VPkd62rVSRp9aqdFG3eEppJACnC3NRimxuV7xFyFmyFl,facebook,16,,"10 éditions. 10 ans de dépassement. L’aventure continue. 🏜️
Le désert vous attend. 

ASSURANCES BIAT
 باللّي يصير ديما معاك","Error code: 400 - {'error': {'message': ""Failed to validate JSON. Please adjust your prompt. See 'failed_generation' for more details."", 'type': 'invalid_request_error', 'code': 'json_validate_failed', 'failed_generation': ''}}",,,,LesAssurancesBIAT,,2026-09-05T09:00:38.000Z,
https://www.facebook.com/LesAssurancesBIAT/posts/pfbid02VshUGzQkyvPf6r4XtQg95WKnGV4thT8hgc1zGUAndJ8zBmgoNzs5Wui2hpTV8QKBl,facebook,1182,,"Retour en images sur la conférence de presse du 02/09/2026 dédiée au renouvellement du partenariat entre Assurances BIAT et Ultra Mirage  El Djerid pour la 10ème année consécutive.

ASSURANCES BIAT
باللّي يصير ديما معاك","Error code: 400 - {'error': {'message': ""Failed to validate JSON. Please adjust your prompt. See 'failed_generation' for more details."", 'type': 'invalid_request_error', 'code': 'json_validate_failed', 'failed_generation': ''}}",,,,LesAssurancesBIAT,,2026-09-04T11:24:35.000Z,
https://www.facebook.com/AssuranceCarteFouedTurki/videos/603638840697099/,facebook,2,,Assurance CARTE Agence FOUED TURKI vous souhaite bonne et heureuse année 2022,"Error code: 400 - {'error': {'message': ""Failed to generate JSON. Please adjust your prompt. See 'failed_generation' for more details."", 'type': 'invalid_request_error', 'code': 'json_validate_failed', 'failed_generation': 'max completion tokens reached before generating a valid document'}}",,,,AssuranceCarteFouedTurki,,2022-01-05T10:13:43.000Z,
https://www.facebook.com/zitounatakaful.com.tn/posts/pfbid0KyuiVPw2kzFkDdcs4Fv6Rn2sPFL2FwHzGBPdy1pJfNkSTXqqUkMJ1knEY9q8sftAl,facebook,627,,"🌙مولد نبوي شريف على كل الأمة الاسلامية
وكل عام وأنتم بخير ✨

#AssurancesZitounaTakaful #Mouled2026","Error code: 400 - {'error': {'message': ""Failed to validate JSON. Please adjust your prompt. See 'failed_generation' for more details."", 'type': 'invalid_request_error', 'code': 'json_validate_failed', 'failed_generation': ''}}",,,,zitounatakaful.com.tn,,2026-08-24T23:10:01.000Z,
https://www.facebook.com/reel/2310361849703590/,facebook,31,,"Votre santé mérite une protection au quotidien ! 

Pour de nombreuses familles, les dépenses liées aux consultations médicales, aux examens ou aux soins peuvent représenter une charge importante, surtout en l’absence d’une couverture maladie.
Avec le module Traitement des Maladies Externes de l'Assurance Santé Zitouna Health premium, vous bénéficiez d’un accompagnement pour vos besoins de santé au quotidien :
✅ Consultations chez les médecins généralistes et spécialistes
✅ Examens médicaux : radios, analyses…
✅ Interventions chirurgicales en régime ambulatoire

Zitouna Health premium vous aide à accéder aux soins dont vous avez besoin, quand vous en avez besoin. 💚 
#ZHP #Santé #AssuranceSanté #Protection #BienÊtre","Error code: 400 - {'error': {'message': ""Failed to generate JSON. Please adjust your prompt. See 'failed_generation' for more details."", 'type': 'invalid_request_error', 'code': 'json_validate_failed', 'failed_generation': 'max completion tokens reached before generating a valid document'}}",,,,zitounatakaful.com.tn,,2026-08-22T09:00:56.000Z,
https://www.facebook.com/zitounatakaful.com.tn/posts/pfbid0ZZeBE1CKFM59urKSfnsT1i8ToASpFknfekC9dcaw2UPtD5SMQ4WRxcUeZrAqN1trl,facebook,6,,"أحميوا رواحكم، وخلي سلامتكم هي الأولوية 🌧️⚠️

التقلبات الجوية تنجم تكون مفاجئة. خذوا احتياطاتكم، كونوا حذرين وتفادوا المخاطر🛑
سلامتكم وسلامة عائلاتكم قبل كل شي !

تأمينات الزيتونة تكافل، ديما معاكم .
#AssurancesZitounaTakaful
#Prévention #sécurité  
#أحميوا_رواحكم","Error code: 400 - {'error': {'message': ""Failed to generate JSON. Please adjust your prompt. See 'failed_generation' for more details."", 'type': 'invalid_request_error', 'code': 'json_validate_failed', 'failed_generation': 'max completion tokens reached before generating a valid document'}}",,,,zitounatakaful.com.tn,,2026-08-21T12:15:00.000Z,
https://www.facebook.com/LesAssurancesBIAT/videos/28026843770306343/,facebook,17,positif,En direct de la conférence de presse pour annoncer le renouvellement du partenariat entre ASSURANCES BIAT ET UMED pour la 10ème année consécutive,,français,Renouvellement partenariat Assurances BIAT UMED,relations publiques,LesAssurancesBIAT,,2026-09-02T09:04:23.000Z,
https://www.facebook.com/LesAssurancesBIAT/posts/pfbid031WZEEnBcbEK1yR4f2883UtMwALckNjHKTM288aYNSNy4tK3LLgTdhA44NGPjPbkQl,facebook,989,positif,"L’équipe d’Assurances BIAT sera ravie de vous accueillir du Lundi au Vendredi : De 08h à 12h et de 13h à 17h ⌚ 

ASSURANCES BIAT

 باللّي يصير ديما معاك",,mixte,Horaires d'accueil Assurances BIAT,information pratique,LesAssurancesBIAT,Assurances BIAT,2026-09-01T07:00:47.000Z,
https://www.facebook.com/reel/1746025229773900/,facebook,630,positif,"Les plus belles aventures ne s'arrêtent jamais… elles continuent.
Assurances BIAT X Ultra Mirage

Crédits : Malek Boukerchi
Restez connectés. 

ASSURANCES BIAT
باللّي يصير ديما معاك",,mixte,Aventures continues assurance BIAT,promotion produit,LesAssurancesBIAT,Assurances BIAT X Ultra Mirage,2026-08-31T18:00:26.000Z,
https://www.facebook.com/reel/1652156719696580/,facebook,89,positif,"Votre voiture vous parle, savez-vous l'écouter ?
Un grincement suspect, une pédale un peu molle ou une distance d'arrêt plus longue... Ce ne sont pas de simples détails, mais des signaux d'alerte de votre système de freinage ! 
N'attendez pas qu'il soit trop tard pour vérifier vos freins. Un entretien régulier, c'est la garantie d'une conduite en toute sécurité pour vous et vos proches.

#Assurances #ZitounaTakaful #Prévention #SécuritéRoutière #Automobile",,français,Sécurité freinage automobile,information pratique,zitounatakaful.com.tn,,2026-08-19T09:01:02.000Z,
https://www.facebook.com/reel/1581220567029347/,facebook,28,,"Assurances BIAT vous donne rendez-vous pour la 10ᵉ édition de l’UltraMirage ElDjerid. 

🗓️ Du 01 au 04 octobre 2026
📍 Tozeur, Tunisie

Restez connectés, le désert vous attend.","Error code: 400 - {'error': {'message': ""Failed to validate JSON. Please adjust your prompt. See 'failed_generation' for more details."", 'type': 'invalid_request_error', 'code': 'json_validate_failed', 'failed_generation': ''}}",,,,LesAssurancesBIAT,,2026-08-31T15:08:57.000Z,
https://www.facebook.com/AssuranceCarteFouedTurki/videos/198608622339972/,facebook,3,,"مع assurance carte السباقة في الحلول التكنولوجية 
توفرلكم Portail Digital 😍
                                                               Application
 تسهل عليكم المعاملات كيما :
-تنجم تبع دوسياتك✅
-تنجم تبع بطاقات العلاج و بطاقات إسترجاع المصاريف و برشا خدمات أخرا ✅
إستعمالها ساهل تبع الفيديو لاكثر تفاصيل 👇","Error code: 400 - {'error': {'message': ""Failed to validate JSON. Please adjust your prompt. See 'failed_generation' for more details."", 'type': 'invalid_request_error', 'code': 'json_validate_failed', 'failed_generation': ''}}",,,,AssuranceCarteFouedTurki,,2021-11-18T21:00:04.000Z,
https://www.facebook.com/AssuranceCarteFouedTurki/posts/pfbid02JzaD3moBw6BB7GXTJmPNhSKCA5H9h8y4UEVAmcAKYW3HpARBfskVEFQwL8b37UZ8l,facebook,2,,"باش تأمن على صحتك و بالك مرتاح ما عليك كان تدخل لـل carte.tn

باش تتعرف على Les formules  متاعنا ✅","Error code: 400 - {'error': {'message': ""Failed to generate JSON. Please adjust your prompt. See 'failed_generation' for more details."", 'type': 'invalid_request_error', 'code': 'json_validate_failed', 'failed_generation': 'max completion tokens reached before generating a valid document'}}",,,,AssuranceCarteFouedTurki,,2021-11-10T21:00:06.000Z,
https://www.facebook.com/AssuranceCarteFouedTurki/videos/610393853613699/,facebook,4,,"مع assurance carte السباقة في الحلول التكنولوجية  
                Vos traitements sont désormais digitalisés 
تحط عل ذمتك Application  بش  تسهل عليك الخدمات وتوفر لك مصاريف العلاج ✅

Nous vous accompagnons au cours de votre parcours santé 🥰","Error code: 400 - {'error': {'message': ""Failed to validate JSON. Please adjust your prompt. See 'failed_generation' for more details."", 'type': 'invalid_request_error', 'code': 'json_validate_failed', 'failed_generation': ''}}",,,,AssuranceCarteFouedTurki,,2021-11-08T09:00:13.000Z,
https://www.facebook.com/reel/2152872555268034/,facebook,4322,positif,"مبروك لنجمة تونس مروى بوزياني 🇹🇳✨
على تحقيقها الرقم القياسي وتتويجها بالميدالية الذهبية في ألعاب تارانتو المتوسطية 🥇🏃‍♀️",,arabe,Médaille d'or Taranto,actualité,StarAssurances,,2026-09-04T19:05:21.000Z,
https://www.facebook.com/StarAssurances/posts/pfbid027vrWFfLNza3hsUmGS5ASvgnAHaFdT2YbA4goUjvy5LcAjt7c3Zqhxo8zo9FM4GAzl,facebook,220,,"أمّن على كرهبتك مع Trik Esslama
  و استمتع بتسهيلات في الخلاص توصل حتى لـ6مرّات🚗
 

#STARAssurances #TrikEsslama","Error code: 400 - {'error': {'message': ""Failed to validate JSON. Please adjust your prompt. See 'failed_generation' for more details."", 'type': 'invalid_request_error', 'code': 'json_validate_failed', 'failed_generation': ''}}",,,,StarAssurances,,2026-09-03T19:00:10.000Z,
https://www.facebook.com/StarAssurances/posts/pfbid02EiSut5Q8qcLWYof7Ffc3WuRuw1qQnv4pyexQsxHPL9151V2xLHcNyrRg2LMP9JKkl,facebook,1773,positif,"مبروك الرقم القياسي والميدالية الذهبية🥇🏃‍♀️ 
 بإنجاز غير مسبوق، مروى بوزياني تكسر الرقم القياسي في ألعاب تارانتو المتوسطية🏆⏱️",,arabe,record et médaille d’or,actualité,StarAssurances,,2026-09-03T09:24:04.000Z,
https://www.facebook.com/carte.assurances/posts/pfbid0tQ54rXT1a6XfiG5tycgUhEijPtwm26vWLzicJEvV7onESNR8iusYtFfp7NnVhkcTl,facebook,5,,"المتابعة الطبية، التحاليل والفحوصات الصحية جزء من حياتنا اليومية. 💙🩺

مع SAHATY CONFORT، استفيدوا من تغطية صحية مصمّمة باش ترافقكم وتعاونكم على التخفيف من مصاريفكم الصحية.

🌐 اكتشفوا المزيد:
https://www.carte.com.tn/assurance/assurance-sante 

#CARTEAssurances #SahatyConfort #Santé #صحتك_أهم","Error code: 400 - {'error': {'message': ""Failed to validate JSON. Please adjust your prompt. See 'failed_generation' for more details."", 'type': 'invalid_request_error', 'code': 'json_validate_failed', 'failed_generation': ''}}",,,,carte.assurances,,2026-09-11T09:00:28.000Z,
https://www.facebook.com/carte.assurances/posts/pfbid02265rnz9VC9CKg4rMgDbiyyDqL2P5L15iTZenDqBHKC6znZ2DLBRwgAfh6jzAXwNBl,facebook,3,,"La vie est faite de projets, de moments imprévus et de belles étapes. 💙

Et pour chacun d’eux, mieux vaut pouvoir compter sur une protection adaptée. 🛡️

Avec CARTE Assurances, vous bénéficiez de solutions pensées pour vous accompagner au quotidien.

🌐 Découvrez nos solutions sur www.carte.com.tn

#CARTEAssurances #Assurance #Protection #Tranquillité #Confiance","Error code: 400 - {'error': {'message': ""Failed to validate JSON. Please adjust your prompt. See 'failed_generation' for more details."", 'type': 'invalid_request_error', 'code': 'json_validate_failed', 'failed_generation': ''}}",,,,carte.assurances,,2026-09-09T09:00:40.000Z,
https://www.facebook.com/carte.assurances/posts/pfbid093BRdVQu5Puoj49e3JtXZfF5t431nLgQjW6vb2ariHZwGbDFBY3GXsnhFf1bcqkgl,facebook,5,positif,"كل واحد فينا عندو احتياجات مختلفة... واختيار الـ Pack المناسب هو أول خطوة باش تستفيد من التغطية و الإمتيازات  إلي تناسبك أكثر. 🩺✨​

​💬 اكتبولنا اختياركم في التعليقات، و خليها أول خطوة نحو التغطية إلي تناسب احتياجاتك. 👇​

​🌐 اكتشف جميع التفاصيل و الإمتيازات  الخاصة بكل Pack عبر موقعنا:​

www.carte.com.tn​

#CARTEAssurances #SahatyConfort #Santé #BienÊtre",,arabe,Choix de packs santé,promotion produit,carte.assurances,Pack d'assurance,2026-08-31T09:00:10.000Z,
https://www.facebook.com/StarAssurances/posts/pfbid02DqzX2SiFvxMptkQpn8tf5fvRgpiQHizrb6YenPaP81BXHjMdVsaT7JTs62S6ooKHl,facebook,1477,,"Protégez votre activité et sécurisez votre commerce ou entreprise en toute tranquillité 🏢🔒
Souscrivez à l'assurance Slamet Errezk de STAR Assurances et tentez de gagner une caméra de surveillance pour garder un œil sur vos locaux en toute circonstance
#STARAssurances #SlametErrezk #SécuritéEntreprise","Error code: 400 - {'error': {'message': ""Failed to generate JSON. Please adjust your prompt. See 'failed_generation' for more details."", 'type': 'invalid_request_error', 'code': 'json_validate_failed', 'failed_generation': 'max completion tokens reached before generating a valid document'}}",,,,StarAssurances,,2026-09-02T17:50:42.000Z,
https://www.facebook.com/StarAssurances/posts/pfbid07cWRQqSQTZkRkJMZapJghbjsA91q4SXqguk1hZeY3874WPiDpzEGvFSd91NtULXEl,facebook,3232,positif,"مبروك هذا الفوز المستحق! 🥇🇹🇳
مروى بوزياني تتوج بالميدالية  الذهبية 3000 متر موانع في ألعاب تارانتو المتوسطية🏃‍♀️",,arabe,Médaille d'or 3000m,actualité,StarAssurances,,2026-09-01T20:54:10.000Z,
https://www.facebook.com/StarAssurances/posts/pfbid0KCNMrtD1dLemRt5L7f3GgN6y9DgZMbAd1jbhoWwVSBrQhpPDADyUytiwMzfiYVi9l,facebook,15,positif,Vos agences STAR Assurances sont toujours là pour vous accueillir 🏢⭐,,français,Agences toujours disponibles,relations publiques,StarAssurances,,2026-08-31T19:00:08.000Z,
https://www.facebook.com/carte.assurances/posts/pfbid04CWYPQ71KxGu4w6o4EQ68qfWMw9TLbX4AKu46BSosHY22ccE6cKEzintiSz5GqcZl,facebook,7,,"كل واحد فينا عندو أولويات مختلفة وقت يسافر... 🌍​

شنوّا أكثر خدمة تحب تكون متوفرة في تأمين السفر متاعك؟ ​🤔​

💬 شاركونا رأيكم في التعليقات!​

🌐 واكتشفوا جميع خدمات Assurance Voyage SAFRATY والمزايا إلي نوفروها على 👇​

www.carte.com.tn​

#CARTEAssurances #SAFRATY #AssuranceVoyage #Voyage #Tunisie #Travel #راحة_البال","Error code: 400 - {'error': {'message': ""Failed to validate JSON. Please adjust your prompt. See 'failed_generation' for more details."", 'type': 'invalid_request_error', 'code': 'json_validate_failed', 'failed_generation': ''}}",,,,carte.assurances,,2026-08-28T09:00:08.000Z,
https://www.facebook.com/carte.assurances/posts/pfbid0fpmM3sgx5ZxHNSu7cWSrAZfmN2EYLCfFo4yn78m4hAdiwEcVsfvgrFPovbqyneael,facebook,606,,إن شاء الله مولدكم مبروك 🌙🕌✨🤍,"Error code: 400 - {'error': {'message': ""Failed to validate JSON. Please adjust your prompt. See 'failed_generation' for more details."", 'type': 'invalid_request_error', 'code': 'json_validate_failed', 'failed_generation': ''}}",,,,carte.assurances,,2026-08-25T07:00:13.000Z,
https://www.facebook.com/carte.assurances/posts/pfbid02D3UBPLqNHUrU3xneHUr2GxWFoMmUmZ4yyedBX5maTKouqk3yXGC9s8eBfRpUHnD8l,facebook,10,,"مع CARTE Assurances، نوفرولك حلول تأمين تناسب احتياجاتك، باش تعيش كل مرحلة من حياتك براحة بال، بثقة، وحماية ليك ولعزاز عليك. 🛡️❤️​

🌐 اكتشفوا جميع خدماتنا وحلولنا التأمينية عبر موقعنا 👇​
www.carte.com.tn ​ 

#CARTEAssurances #expertise","Error code: 400 - {'error': {'message': ""Failed to generate JSON. Please adjust your prompt. See 'failed_generation' for more details."", 'type': 'invalid_request_error', 'code': 'json_validate_failed', 'failed_generation': 'max completion tokens reached before generating a valid document'}}",,,,carte.assurances,,2026-08-24T09:00:04.000Z,
https://www.facebook.com/AssuranceCarteFouedTurki/posts/pfbid0MzYbtcMER94oN8Bz5PCacGWFnqDhcEEPCntkgSxhcEMaLeenuzCuF3B9dG4tAgtYl,facebook,1,,"Assurance santé إلي تسهلك حياتك  
أمن على صحتك ✅
بال Formule و mode de paiement    
إلي يساعدك 
لاكثر معلومات:

https://bit.ly/3Eaeqpz","Error code: 400 - {'error': {'message': ""Failed to validate JSON. Please adjust your prompt. See 'failed_generation' for more details."", 'type': 'invalid_request_error', 'code': 'json_validate_failed', 'failed_generation': ''}}",,,,AssuranceCarteFouedTurki,,2021-11-03T09:00:02.000Z,
https://www.facebook.com/carte.assurances/posts/pfbid02zs6bwGJvACWmdCSobiXs4tzuQiPR61mGhi5Mwu9cwvxXMiZdfdpmachdKUWZZuVQl,facebook,6,,"💙 Votre santé mérite bien plus qu'une simple assurance.​

Avec SAHATY CONFORT​, profitez d'une couverture adaptée à vos besoins, de remboursements rapides et de services pensés pour votre tranquillité d'esprit.​

En savoir plus sur nos offres: https://www.carte.com.tn/assurance/assurance-sante ​

#CARTEAssurances #Assurance #BienÊtre #santé","Error code: 400 - {'error': {'message': ""Failed to validate JSON. Please adjust your prompt. See 'failed_generation' for more details."", 'type': 'invalid_request_error', 'code': 'json_validate_failed', 'failed_generation': ''}}",,,,carte.assurances,,2026-08-20T09:00:20.000Z,
https://www.facebook.com/carte.assurances/posts/pfbid0XhrLPyGkx3yLqCeha9Bkn2Wx6qmiTg18sqYVXnDH5CGmnQiSPSrckee32WCr2nCol,facebook,477,positif,"كان يقولولك عندك الحق تسافر بلاد وحدة في حياتك... وين تختار تمشي ؟ 🤩✈️🌍 ​

​💬 اكتبلنا وجهتك في التعليقات، وقوللنا علاش هي الاختيار متاعك! 👇​

​🌐 تعرّف أكثر على خدماتنا عبر موقعنا:​

https://www.carte.com.tn/assurance/assistance-voyage ​

#CARTEAssurances #SAFRATY #AssuranceVoyage #Voyage #Tunisie #Travel",,arabe,Choix de destination voyage,relations publiques,carte.assurances,Assistance Voyage,2026-08-17T09:00:03.000Z,
https://www.facebook.com/carte.assurances/posts/pfbid0UkcLABr9GK6ARgAajZFSyq1jhihMzUpMsWTgNs1wG8XYsGytWMxvJyfX4cjL5Wiel,facebook,30,,"🌷 كل عام والمرأة التونسية بألف خير، ونتمنّى لكنّ دوام الصحة، والنجاح.​

#عيد_المرأة_التونسية #13_أوت #CARTEAssurances #Tunisie","Error code: 400 - {'error': {'message': ""Failed to validate JSON. Please adjust your prompt. See 'failed_generation' for more details."", 'type': 'invalid_request_error', 'code': 'json_validate_failed', 'failed_generation': ''}}",,,,carte.assurances,,2026-08-13T08:00:16.000Z,
https://www.facebook.com/StarAssurances/posts/pfbid02Pt5kou67ynBXXMgGG6sRGe29WyfCWXnd18T6MFQzb4p9y7876fLWD9AMGaoEQxnkl,facebook,3699,,مولدكم مبروك✨,"Error code: 400 - {'error': {'message': ""Failed to validate JSON. Please adjust your prompt. See 'failed_generation' for more details."", 'type': 'invalid_request_error', 'code': 'json_validate_failed', 'failed_generation': ''}}",,,,StarAssurances,,2026-08-24T20:00:03.000Z,
https://www.facebook.com/carte.assurances/posts/pfbid0zA31UHRpXTTSxhseMzwrS9s1mZYNXDBfQuA5iDeyJ3TWKbXz59BzfBrPhDghtR1Hl,facebook,96,positif,"Chaque consultation, chaque analyse, chaque urgence : Sahaty Confort est là pour vous.​

Votre santé mérite le meilleur accompagnement. 💙​

​En savoir plus sur nos offres: https://www.carte.com.tn/assurance/assurance-sante ​

​
#CARTEAssurances #SahatyConfort #Santé #BienÊtre",,français,Assurance santé promotion,promotion produit,carte.assurances,Sahaty Confort,2026-08-12T09:00:33.000Z,"Offre d'assurance santé couvrant consultations, analyses et urgences"
