title,category,city,address,website,instagram_url,facebook_url
Assurances STAR Agence Chokri Abid,Agence d'assurance,Sfax,"54 Av. Habib Bourguiba, Sfax 3000, Tunisie",https://www.star.com.tn/agences/sfax/chokri-abid-601?utm_source=gmb&utm_medium=organic&utm_content=chokri-abid-601&utm_campaign=local,https://www.instagram.com/starassurancestunisie/,https://www.facebook.com/StarAssurances/
Assurances STAR Succursale Sfax,Agence d'assurance,Sfax,"31 Rue de Habib Maazoun, Sfax 3000, Tunisie",https://www.star.com.tn/agences/sfax/succursale-sfax-600?utm_source=gmb&utm_medium=organic&utm_content=Succursale%20Sfax-600&utm_campaign=local,https://www.instagram.com/starassurancestunisie/,https://www.facebook.com/StarAssurances/
Assurance CARTE FOUED TURKI,Agence d'assurance,Sfax,"3027, Sfax 3027, Tunisie",,https://www.instagram.com/carte.assurances/,https://www.facebook.com/AssuranceCarteFouedTurki/albums/112974994501533/
Assurance STAR sfax,Agence d'assurance,Sfax,"PPQW+54V, P13, Sfax, Tunisie",https://www.star.com.tn/,https://www.instagram.com/starassurancestunisie/,https://www.facebook.com/StarAssurances/
Carte Assurances,Agence d'assurance,Sfax,"Sfax, Tunisie",,https://www.instagram.com/carte.assurances/,https://www.facebook.com/carte.assurances/
Assurances STAR Agence Ahmed Trigui,Agence d'assurance,Sfax,"128 imm. Le gallerie, شارع 14 جانفي, Sfax 3000, Tunisie",https://www.star.com.tn/agences/sfax/ahmed-trigui-615?utm_source=gmb&utm_medium=organic&utm_content=ahmed-trigui-615&utm_campaign=local,https://www.instagram.com/starassurancestunisie/,https://www.facebook.com/StarAssurances/
Al Baraka Assurances Sfax - Mme Abir Ben Fradj,Agence d'assurance,Sfax,"13 Rue jamel eddin el Afghani, Sfax, Tunisie",,https://www.instagram.com/al_baraka_assurances/,https://www.facebook.com/people/Al-Baraka-Assurances-Sfax-Mme-Abir-Ben-Fradj/61586674512091/
Assurances ZITOUNA TAKAFUL - Agence Sfax II,Agence d'assurance,Sfax,"Mezzanine, 3027, Immeuble BANQUE ZITOUNA, Av. des Martyrs, Sfax 3027, Tunisie",https://zitounatakaful.com/,https://www.instagram.com/zitouna_takaful/,https://www.facebook.com/zitounatakaful.com.tn/
Assurances BIAT Agence Sfax Chaker,Agence d'assurance,Sfax,"45 Av. Hedi Chaker, Sfax, Tunisie",http://www.assurancesbiat.com.tn/,https://www.instagram.com/assurances.biat/,https://www.facebook.com/LesAssurancesBIAT/
Assurances Zitouna Takaful - Succursale SFAX,Compagnie d'assurance,Sfax,"Av. Ali Belhouane, Sfax, Tunisie",https://zitounatakaful.com/fr,https://www.instagram.com/zitouna_takaful/,https://www.facebook.com/zitounatakaful.com.tn/
