"additionalInfo/Accessibilité/0/Boucle magnétique","additionalInfo/Accessibilité/0/Entrée accessible en fauteuil roulant","additionalInfo/Accessibilité/0/Parking accessible en fauteuil roulant","additionalInfo/Accessibilité/0/Places assises accessibles en fauteuil roulant","additionalInfo/Accessibilité/0/Toilettes accessibles en fauteuil roulant","additionalInfo/Accessibilité/0/Équipé pour les malentendants","additionalInfo/Accessibilité/1/Boucle magnétique","additionalInfo/Accessibilité/1/Entrée accessible en fauteuil roulant","additionalInfo/Accessibilité/1/Parking accessible en fauteuil roulant","additionalInfo/Accessibilité/1/Places assises accessibles en fauteuil roulant","additionalInfo/Accessibilité/1/Toilettes accessibles en fauteuil roulant","additionalInfo/Accessibilité/1/Équipé pour les malentendants","additionalInfo/Accessibilité/2/Boucle magnétique","additionalInfo/Accessibilité/2/Entrée accessible en fauteuil roulant","additionalInfo/Accessibilité/2/Parking accessible en fauteuil roulant","additionalInfo/Accessibilité/2/Places assises accessibles en fauteuil roulant","additionalInfo/Accessibilité/2/Toilettes accessibles en fauteuil roulant","additionalInfo/Accessibilité/2/Équipé pour les malentendants","additionalInfo/Accessibilité/3/Boucle magnétique","additionalInfo/Accessibilité/3/Entrée accessible en fauteuil roulant","additionalInfo/Accessibilité/3/Parking accessible en fauteuil roulant","additionalInfo/Accessibilité/3/Places assises accessibles en fauteuil roulant","additionalInfo/Accessibilité/3/Toilettes accessibles en fauteuil roulant","additionalInfo/Accessibilité/3/Équipé pour les malentendants","additionalInfo/Accessibilité/4/Boucle magnétique","additionalInfo/Accessibilité/4/Entrée accessible en fauteuil roulant","additionalInfo/Accessibilité/4/Parking accessible en fauteuil roulant","additionalInfo/Accessibilité/4/Places assises accessibles en fauteuil roulant","additionalInfo/Accessibilité/4/Toilettes accessibles en fauteuil roulant","additionalInfo/Accessibilité/4/Équipé pour les malentendants","additionalInfo/Fournis par l'établissement/0/S'identifie comme géré par une femme","additionalInfo/Parking/0/Parking couvert gratuit","additionalInfo/Parking/0/Parking gratuit","additionalInfo/Parking/0/Parking gratuit dans la rue","additionalInfo/Parking/0/Parking sur place","additionalInfo/Parking/1/Parking couvert gratuit","additionalInfo/Parking/1/Parking gratuit","additionalInfo/Parking/1/Parking gratuit dans la rue","additionalInfo/Parking/1/Parking sur place","additionalInfo/Parking/2/Parking couvert gratuit","additionalInfo/Parking/2/Parking gratuit","additionalInfo/Parking/2/Parking gratuit dans la rue","additionalInfo/Parking/2/Parking sur place","additionalInfo/Planning/0/Rendez-vous obligatoire","additionalInfo/Services/0/Toilettes non genrées","additionalInfo/Services disponibles/0/Rendez-vous en ligne","additionalInfo/Services disponibles/0/Services sur place","additionalInfo/Services disponibles/1/Rendez-vous en ligne","additionalInfo/Services disponibles/1/Services sur place","address","categories/0","categories/1","categories/2","categories/3","categories/4","categories/5","categories/6","categories/7","categories/8","categories/9","categoryName","checkInDate","checkOutDate","cid","city","claimThisBusiness","countryCode","description","fid","floor","googleFoodUrl","hotelDescription","hotelStars","imageCategories/0","imageCategories/1","imageCategories/2","imageCategories/3","imageCategories/4","imageUrl","imagesCount","isAdvertisement","kgmid","language","locatedIn","location/lat","location/lng","menu","neighborhood","openingHours/0/day","openingHours/0/hours","openingHours/1/day","openingHours/1/hours","openingHours/2/day","openingHours/2/hours","openingHours/3/day","openingHours/3/hours","openingHours/4/day","openingHours/4/hours","openingHours/5/day","openingHours/5/hours","openingHours/6/day","openingHours/6/hours","peopleAlsoSearch/0/category","peopleAlsoSearch/0/reviewsCount","peopleAlsoSearch/0/title","peopleAlsoSearch/0/totalScore","peopleAlsoSearch/1/category","peopleAlsoSearch/1/reviewsCount","peopleAlsoSearch/1/title","peopleAlsoSearch/1/totalScore","peopleAlsoSearch/2/category","peopleAlsoSearch/2/reviewsCount","peopleAlsoSearch/2/title","peopleAlsoSearch/2/totalScore","peopleAlsoSearch/3/category","peopleAlsoSearch/3/reviewsCount","peopleAlsoSearch/3/title","peopleAlsoSearch/3/totalScore","peopleAlsoSearch/4/category","peopleAlsoSearch/4/reviewsCount","peopleAlsoSearch/4/title","peopleAlsoSearch/4/totalScore","permanentlyClosed","phone","phoneUnformatted","placeId","plusCode","popularTimesLivePercent","popularTimesLiveText","postalCode","price","rank","reserveTableUrl","reviewsCount","reviewsDistribution/fiveStar","reviewsDistribution/fourStar","reviewsDistribution/oneStar","reviewsDistribution/threeStar","reviewsDistribution/twoStar","reviewsTags/0/count","reviewsTags/0/title","reviewsTags/1/count","reviewsTags/1/title","reviewsTags/2/count","reviewsTags/2/title","reviewsTags/3/count","reviewsTags/3/title","reviewsTags/4/count","reviewsTags/4/title","reviewsTags/5/count","reviewsTags/5/title","reviewsTags/6/count","reviewsTags/6/title","reviewsTags/7/count","reviewsTags/7/title","reviewsTags/8/count","reviewsTags/8/title","reviewsTags/9/count","reviewsTags/9/title","scrapedAt","searchPageUrl","searchString","servicesLink","state","street","subTitle","temporarilyClosed","title","totalScore","url","website"
,,,,,,,,,,,,,,,,,,,,,,,,,,,,,,,,,,,,,,,,,,,,,"true",,,"true","Immeuble 'Centre Ibrahim, Av. Habib Bourguiba, Sousse 4000, Tunisie","Agence de marketing",,,,,,,,,,"Agence de marketing",,,"169479809105089343","Sousse","false","TN",,"0x12fdf5b9bc4b6f5d:0x25a1cfd0a4f533f",,,,,"Tout","Intérieur","Vidéos","Photos du propriétaire","Street View et 360°","https://lh3.googleusercontent.com/gps-cs-s/APNQkAEAYZgkV9FZ14YbwurwXgOAd4gl_KShGgu59SDaQMf0L4UatThnA9cqD1G15eSEgCkXGdEVeujtgbuxrldQi5ii545i0V1-8LZ-dHf-_iVgJofYavOrd47KrdmGPgTqX-1-Q49z0Q=w513-h240-k-no","9","false","/g/11t88_k_rc","fr",,"35.8299374","10.6403451",,,"lundi","08:30 to 18:00","mardi","08:30 to 18:00","mercredi","08:30 to 18:00","jeudi","08:30 to 18:00","vendredi","08:30 to 18:00","samedi","08:30 to 18:00","dimanche","08:30 to 18:00","Recherches associées","0","agence de marketing","0","Recherches associées","4","DevIT","4","Recherches associées","3","Astronet","5","Recherches associées","0","Capdev","0","Recherches associées","0","DigieTab - Agence Digitale","0","false","+216 31 439 350","+21631439350","ChIJXW9LvLn1_RIRP1NPCv0cWgI","RJHR+X4 Sousse, Tunisie",,,"4000",,"1",,"9","9","0","0","0","0",,,,,,,,,,,,,,,,,,,,,"2026-07-06T19:56:56.464Z","https://www.google.com/maps/search/content%20creation%20/@35.83519730000001,10.62865055495159,17z?hl=fr","content creation ",,,"Immeuble 'Centre Ibrahim, Av. Habib Bourguiba",,"false","Visioad","5","https://www.google.com/maps/search/?api=1&query=Visioad&query_place_id=ChIJXW9LvLn1_RIRP1NPCv0cWgI","http://www.visioad.com/"
,,,"true",,,,,,,,,,,,,,,,,,,,,,,,,,,,,,"true",,,,,,,,,,"true","true","true",,,"true","Av. de Yasser Arafat, Arafet 4054, Tunisie","Agence de publicité","Agence de branding","Agence e-commerce","Agence de marketing",,,,,,,"Agence de publicité",,,"11978239076971701511","Arafet","false","TN",,"0x12fd8b0e477ed989:0xa63b40fa2199e507",,,,,"Tout","Intérieur","Vidéos","Photos du propriétaire","Street View et 360°","https://lh3.googleusercontent.com/gps-cs-s/APNQkAGXm9T3EVeKnYG9FNGS2mXexBiqYnb497csl_zWQPTOcOvJOgd9Ix6UJ8AFX7V5o7u1pMo2w--siOqIDkgrH9aZhzn-UykXNLuy7WiDfu3oisq0_-4vy-nNE0FqnTyUfexuQ4pdeg=w408-h725-k-no","18","false","/g/11hs_ynysq","fr",,"35.8352834","10.5949188",,"Sahloul","lundi","09:00 to 19:00","mardi","09:00 to 19:00","mercredi","09:00 to 19:00","jeudi","09:00 to 19:00","vendredi","09:00 to 19:00","samedi","09:00 to 17:00","dimanche","11:00 to 17:00","Recherches associées","0","AdVibe","0","Recherches associées","0","Adrenaline Agency","0","Recherches associées","4","ACM Marketing Tunisie","5","Recherches associées","0","macoloragency","0","Recherches associées","0","Advision","0","false","+216 25 667 034","+21625667034","ChIJidl-Rw6L_RIRB-WZIfpAO6Y","RHPV+4X Sousse, Tunisie",,,"4054",,"1",,"20","20","0","0","0","0","3","stratégie","2","présence en ligne","2","travail",,,,,,,,,,,,,,,"2026-07-06T19:57:07.128Z","https://www.google.com/maps/search/content%20creation%20/@35.83519730000001,10.585727705112964,17z?hl=fr","content creation ",,,"Av. de Yasser Arafat",,"false","Advery Agency","5","https://www.google.com/maps/search/?api=1&query=Advery%20Agency&query_place_id=ChIJidl-Rw6L_RIRB-WZIfpAO6Y","https://www.advery.agency/"
,,,,,,,,,,,,,,,,,,,,,,,,,,,,,,,,,,,,,,,,,,,,,,,,,"Z3 Tantana, Hammam Sousse 4042, Tunisie","Agence de marketing",,,,,,,,,,"Agence de marketing",,,"5877596620679546717","Hammam Sousse","false","TN",,"0x12fd890018c0beb5:0x51916afc54a4075d",,,,,"Tout","Photos du propriétaire",,,,"https://lh3.googleusercontent.com/gps-cs-s/APNQkAEkFEswjEUCZji_EXRmUaGCPA0s4bK29-gfPHVQroeOQ6_bVwHoOlcUQOp6MRnGwQouj5LmM-wBnJq3FHdlWpp-FAkHhUSjNPgSSzvCrP3Pa5X4aFpZLdL3UE8qJ9sC5o4z70J4=w408-h408-k-no","1","false","/g/11vskzq2hw","fr",,"35.9233245","10.5686328",,,"lundi","Ouvert 24h/24","mardi","Ouvert 24h/24","mercredi","Ouvert 24h/24","jeudi","Ouvert 24h/24","vendredi","Ouvert 24h/24","samedi","Ouvert 24h/24","dimanche","Fermé","Recherches associées","0","KreativeAds","0","Recherches associées","0","Griotte","0","Recherches associées","0","Gravitec Advertising Agency","0","Recherches associées","0","Rize Prod","0","Recherches associées","3","Astronet","5","false","+216 99 607 099","+21699607099","ChIJtb7AGACJ_RIRXQekVPxqkVE","WHF9+8F Hammam Sousse, Tunisie",,,"4042",,"1",,"1","1","0","0","0","0",,,,,,,,,,,,,,,,,,,,,"2026-07-06T19:57:13.094Z","https://www.google.com/maps/search/content%20creation%20/@35.870011445239726,10.61148141501614,17z?hl=fr","content creation ",,,"Z3 Tantana",,"false","Startanrise Creative Digital Agency","5","https://www.google.com/maps/search/?api=1&query=Startanrise%20Creative%20Digital%20Agency&query_place_id=ChIJtb7AGACJ_RIRXQekVPxqkVE","https://www.startanrise.com/"
,,,,,,,,,,,,,,,,,,,,,,,,,,,,,,,,,,,,,,,,,,,,,,,,,"4051 Av. Jalloul Ben Cherifa, Sousse, Tunisie","Service de marketing Internet",,,,,,,,,,"Service de marketing Internet",,,"9654931783263426983","Sousse","true","TN",,"0x12fd8a87511adc13:0x85fd354d880b99a7",,,,,,,,,,,"0","false","/g/11hcmh1fh7","fr",,"35.835725","10.6146403",,,"lundi","08:00 to 21:30","mardi","08:00 to 21:30","mercredi","08:00 to 21:30","jeudi","08:00 to 21:30","vendredi","08:00 to 21:30","samedi","08:00 to 21:30","dimanche","08:00 to 21:30","Recherches associées","2","LibertaCom","5","Recherches associées","3","CLICK2WEB","5","Recherches associées","0","Wowmart Digital","0","Recherches associées","0","Wezoom","0","Recherches associées","3","Deltaweb IT","5","false","+216 28 866 871","+21628866871","ChIJE9waUYeK_RIRp5kLiE01_YU","RJP7+7V Sousse, Tunisie",,,,,"1",,"5","4","0","1","0","0",,,,,,,,,,,,,,,,,,,,,"2026-07-06T19:57:16.741Z","https://www.google.com/maps/search/content%20creation%20/@35.842160129047954,10.637235124919316,17z?hl=fr","content creation ",,,"4051 Av. Jalloul Ben Cherifa",,"false","Bravo Byte","4.2","https://www.google.com/maps/search/?api=1&query=Bravo%20Byte&query_place_id=ChIJE9waUYeK_RIRp5kLiE01_YU",
,,,"false",,,,,,,"false",,,,,,,,,,,,,,,,,,,,,,,,,,,,,,,,,"true",,"true",,,,"Khzema Ouest, Av. Hsan Ben Said, Sousse 4071, Tunisie","Agence de marketing",,,,,,,,,,"Agence de marketing",,,"2187168100811769730","Sousse","false","TN",,"0x2cd3f3d1e0250c0d:0x1e5a61ccb0f38782",,,,,"Tout","Photos du propriétaire",,,,"https://lh3.googleusercontent.com/gps-cs-s/APNQkAGWafp95og1q2D0iOZSxxilTwHJs_GxyaiZOf4QK6NOwAN7xeziP4KOZMhdWXXA8pvSWQf6CauADaZ_e0Gc_0ZiiYii2-PJn4J2wRoylbRWncOXY-Q-cG_x8zykmyGKw1OFAkTFXQ=w408-h429-k-no","4","false","/g/11ks6mc53c","fr",,"35.8470658","10.6014032",,,"lundi","10:00 to 18:00","mardi","10:00 to 18:00","mercredi","10:00 to 18:00","jeudi","10:00 to 18:00","vendredi","10:00 to 18:00","samedi","10:00 to 16:00","dimanche","Fermé","Recherches associées","0","agence de marketing","0","Recherches associées","4","ACM Marketing Tunisie","5","Recherches associées","6","CHEMEK BROTHERS ad. agency","4.3","Recherches associées","2","Hyperkom Agence Web et Communication","3","Recherches associées","9","Maxicom","5","false","+216 97 488 830","+21697488830","ChIJDQwl4NHz0ywRgofzsMxhWh4","RJW2+RH Sousse, Tunisie",,,"4071",,"1",,"10","9","1","0","0","0",,,,,,,,,,,,,,,,,,,,,"2026-07-06T19:57:23.938Z","https://www.google.com/maps/search/content%20creation%20/@35.842160129047954,10.602896845048415,17z?hl=fr","content creation ",,,"Khzema Ouest, Av. Hsan Ben Said",,"false","MHM Marketing Agency Sousse","4.9","https://www.google.com/maps/search/?api=1&query=MHM%20Marketing%20Agency%20Sousse&query_place_id=ChIJDQwl4NHz0ywRgofzsMxhWh4","https://www.mhm-agency.com/"
,,,,,,,,,,,,,,,,,,,,,,,,,,,,,,,,,,,,,,,,,,,,,"true",,,"true","Route de Tunis, Hammam Sousse 4011, Tunisie","Agence de marketing","Agence de publicité","Consultant informatique","Agence de design","Graphiste","Service de marketing Internet","Entreprise de logiciels","Concepteur de sites Web",,,"Agence de marketing",,,"14403658454029166570","Hammam Sousse","false","TN",,"0x12fd8b0050bce227:0xc7e4130cd275e7ea",,,,,"Tout","Photos du propriétaire","Street View et 360°",,,"https://streetviewpixels-pa.googleapis.com/v1/thumbnail?panoid=nJgij2tUM5-VXBlNnju8VQ&cb_client=search.gws-prod.gps&w=408&h=240&yaw=238.17871&pitch=0&thumbfov=100","5","false","/g/11xd4rhqpn","fr",,"35.8557865","10.6016557",,,"lundi","09:00 to 17:00","mardi","09:00 to 17:00","mercredi","09:00 to 17:00","jeudi","09:00 to 17:00","vendredi","09:00 to 17:00","samedi","Fermé","dimanche","Fermé",,,,,,,,,,,,,,,,,,,,,"false","+216 99 767 659","+21699767659","ChIJJ-K8UACL_RIR6ud10gwT5Mc","VJ42+8M Hammam Sousse, Tunisie",,,"4011",,"1",,"2","2","0","0","0","0",,,,,,,,,,,,,,,,,,,,,"2026-07-06T19:57:25.575Z","https://www.google.com/maps/search/content%20creation%20/@35.85608578714384,10.602896845048415,17z?hl=fr","content creation ",,,"Route de Tunis",,"false","Duality Agency","5","https://www.google.com/maps/search/?api=1&query=Duality%20Agency&query_place_id=ChIJJ-K8UACL_RIR6ud10gwT5Mc","https://www.dualityagency.net/"
,,,,,,,,,,,,,,,,,,,,,,,,,,,,,,,,,,,,,,,,,,,,,,,,,"El Manar, Bizerte 7000, Tunisie","Service de marketing Internet",,,,,,,,,,"Service de marketing Internet",,,"9515042319281642030","Bizerte","false","TN",,"0x12e31f92164c806b:0x840c389397975a2e",,,,,"Tout","Photos du propriétaire",,,,"https://lh3.googleusercontent.com/gps-cs-s/APNQkAHFhGthIlfw0aOk6QHhf1xHlmQO6SACy2bK_txpkD0iX72KfxeTKX9rzPhSxpCJwiJftFnQ-1tqj9gOOd40nKfK8ZhcfDgKzLUtuSLV6yAbbYFRM2Y1O_WHvYJCxNeNfaUppfbUNAtOA8O4=w459-h240-k-no","2","false","/g/11msp6v2kf","fr",,"37.2701801","9.8750352",,,"lundi","Ouvert 24h/24","mardi","Ouvert 24h/24","mercredi","Ouvert 24h/24","jeudi","Ouvert 24h/24","vendredi","Ouvert 24h/24","samedi","Ouvert 24h/24","dimanche","Ouvert 24h/24",,,,,,,,,,,,,,,,,,,,,"false","+216 25 317 517","+21625317517","ChIJa4BMFpIf4xIRLlqXl5M4DIQ","7VCG+32 Bizerte, Tunisie",,,"7000",,"1",,"1","1","0","0","0","0",,,,,,,,,,,,,,,,,,,,,"2026-07-06T19:57:40.561Z","https://www.google.com/maps/search/content%20creation%20/@37.47273852444979,9.701046999999999,10z?hl=fr","content creation ",,,"El Manar",,"false","LansiCom","5","https://www.google.com/maps/search/?api=1&query=LansiCom&query_place_id=ChIJa4BMFpIf4xIRLlqXl5M4DIQ","https://www.lansicom.com/"
,,,"false",,,,,,,"false",,,,,,,,,,,,,,,,,,,,"true",,,,,,,,,,,,,"true",,"true",,,"true","hassan hlel, Kairouan 3100, Tunisie","Service de marketing Internet","Agence de publicité","Consultant","Service de saisie de données","Agence de design","Agence événementielle","Organisateur d'événements","Agence de marketing","Consultant en marketing","Concepteur de sites Web","Service de marketing Internet",,,"10974442239083075923","Kairouan","false","TN",,"0x12fdc56894569dfd:0x984d0d124496d953",,,,,"Tout","Intérieur","Vidéos","Photos du propriétaire",,"https://lh3.googleusercontent.com/gps-cs-s/APNQkAHB16rZtNEZBEAKS4Sck2K4LF4OsWVMa3g5LpYsIbiKK1vNmQHwOSW0Nq13nburlQbgrC3vn5lhYcTvtUUK_Md7iT0CwazHiYqsWa0c63dy2n_3EQqW4cUuwUY9JmJefhM5JvY=w426-h240-k-no","46","false","/g/11sjjy7jqw","fr",,"35.6563556","10.0843537",,"Mansourah","lundi","08:00 to 18:00","mardi","08:00 to 18:00","mercredi","08:00 to 18:00","jeudi","08:00 to 18:00","vendredi","08:00 to 18:00","samedi","08:00 to 18:00","dimanche","Fermé","Recherches associées","0","Rize Prod","0","Recherches associées","5","MediaZone","5","Recherches associées","0","Digital Plus","0","Recherches associées","0","agence de marketing","0","Recherches associées","2","Bee digital solutions","4","false","+216 22 105 514","+21622105514","ChIJ_Z1WlGjF_RIRU9mWRBINTZg","M34M+GP Kairouan, Tunisie",,,"3100",,"1",,"28","28","0","0","0","0","7","stratégie","4","médias sociaux","3","compréhension","3","succès","3","continuation","2","prise de décision","2","esthétiquement","2","expérience utilisateur","2","consultant seo","2","expertise","2026-07-06T19:57:42.766Z","https://www.google.com/maps/search/content%20creation%20/@35.733678912224896,9.701046999999999,10z?hl=fr","content creation ",,,"hassan hlel",,"false","Digital rise solutions | SEO | référencement naturel | Agence SEO Tunisie | سيو","5","https://www.google.com/maps/search/?api=1&query=Digital%20rise%20solutions%20%7C%20SEO%20%7C%20r%C3%A9f%C3%A9rencement%20naturel%20%7C%20Agence%20SEO%20Tunisie%20%7C%20%D8%B3%D9%8A%D9%88&query_place_id=ChIJ_Z1WlGjF_RIRU9mWRBINTZg","https://digital-rise-solutions.com/"
,,,,,,,,,,,,,,,,,,,,,,,,,,,,,,,,,,,,,,,,,,,"true",,"true",,,"false","Ceg- APP N°18, Im Hamid, Route Tunis, Km 9 5, Sfax 3021, Tunisie","Agence de marketing",,,,,,,,,,"Agence de marketing",,,"13607583491978548476","Sfax","false","TN",,"0x1301d3282184b887:0xbcd7d91702d9d4fc",,,,,"Tout","Photos du propriétaire","Street View et 360°",,,"https://streetviewpixels-pa.googleapis.com/v1/thumbnail?panoid=6d22mp8UVb8I6UI6zEmtGg&cb_client=search.gws-prod.gps&w=408&h=240&yaw=269.45947&pitch=0&thumbfov=100","4","false","/g/11vjjmt6k8","fr",,"34.8345964","10.7645507",,,"lundi","08:00 to 18:00","mardi","08:00 to 18:00","mercredi","08:00 to 18:00","jeudi","08:00 to 18:00","vendredi","08:00 to 18:00","samedi","10:00 to 14:00","dimanche","Fermé","Recherches associées","5","Interacti Marketing Agency","5","Recherches associées","131","Taguini Marketing","5","Recherches associées","1","VirtuA Agency | Agence conseil E-Business et marketing digital Tunisie","5","Recherches associées","2","Black and White Agency","5","Recherches associées","7","Ad and Brand","5","false","+216 26 994 474","+21626994474","ChIJh7iEISjTARMR_NTZAhfZ17w","RQM7+RR Sfax, Tunisie",,,"3021",,"1",,"18","18","0","0","0","0",,,,,,,,,,,,,,,,,,,,,"2026-07-06T19:57:45.928Z","https://www.google.com/maps/search/content%20creation%20/@34.86414910611245,10.707485985429638,10z?hl=fr","content creation ",,,"Ceg- APP N°18, Im Hamid, Route Tunis, Km 9 5",,"false","marqenti","5","https://www.google.com/maps/search/?api=1&query=marqenti&query_place_id=ChIJh7iEISjTARMR_NTZAhfZ17w","http://marqenti.tn/"
,,,,,,,,,,,,,,,,,,,,,,,,,,,,,,,,,,,,,,,,,,,,,,,,,"gabes el manara tbelbou, Tunisie","Travailleur social",,,,,,,,,,"Travailleur social",,,"7983289343492674906","El Manara","false","TN",,"0x12556fe094cd360f:0x6eca575c520ad55a",,,,,,,,,,,"0","false","/g/11z2ljklpr","fr",,"33.8580323","10.1101009",,,"lundi","Ouvert 24h/24","mardi","Ouvert 24h/24","mercredi","Ouvert 24h/24","jeudi","Ouvert 24h/24","vendredi","Ouvert 24h/24","samedi","Ouvert 24h/24","dimanche","Ouvert 24h/24",,,,,,,,,,,,,,,,,,,,,"false","+216 29 298 416","+21629298416","ChIJDzbNlOBvVRIRWtUKUlxXym4","V456+62 El Manara, Tunisie",,,,,"1",,,,,,,,,,,,,,,,,,,,,,,,,,,,"2026-07-06T19:57:46.178Z","https://www.google.com/maps/search/content%20creation%20/@33.994619300000004,9.701046999999999,10z?hl=fr","content creation ",,,"gabes el manara tbelbou",,"false","video editing | content creation",,"https://www.google.com/maps/search/?api=1&query=video%20editing%20%7C%20content%20creation&query_place_id=ChIJDzbNlOBvVRIRWtUKUlxXym4",
,,,,,,,,,,,,,,,,,,,,,,,,,,,,,,,"true",,,,,,,,,,,,"true",,,,,,"Rue de la bourse, Immeuble Saphir, Tunis 1053, Tunisie","Agence de marketing",,,,,,,,,,"Agence de marketing",,,"14638094383597428284","Tunis","false","TN",,"0x12fd4b43f4f1d5c9:0xcb24f54932f71e3c",,,,,,,,,,"https://lh3.googleusercontent.com/gps-cs-s/APNQkAFWivdjgMuAivSxVX8RTi20ZZObOMibwLmJEFO6XBksKoR6pvRXuBPKjgNOdg8WoBDOxCvnyXaEN0V7HVGReJt4O27q1YlGlowzzvO5fwzNe11VnNNFRj4l_KpXSx18mdIVp_3O=w408-h271-k-no","11","false","/g/11mnlnmxvj","fr",,"36.8482443","10.2705197",,,"lundi","08:00 to 17:30","mardi","08:00 to 17:30","mercredi","08:00 to 17:30","jeudi","08:00 to 17:30","vendredi","08:00 to 17:30","samedi","Fermé","dimanche","Fermé",,,,,,,,,,,,,,,,,,,,,"false","+216 36 216 987","+21636216987","ChIJydXx9ENL_RIRPB73Mkn1JMs",,,,"1053",,"1",,"19",,,,,,,,,,,,,,,,,,,,,,,,,,"2026-07-06T19:57:50.204Z","https://www.google.com/maps/search/content%20creation%20/@36.60320871833734,10.707485985429638,10z?hl=fr","content creation ",,,"Rue de la bourse, Immeuble Saphir",,"false","Creado Agency","4.9","https://www.google.com/maps/search/?api=1&query=Creado%20Agency&query_place_id=ChIJydXx9ENL_RIRPB73Mkn1JMs","http://www.creado.agency/"
,,,,,,,,,,,,,,,,,,,,,,,,,,,,,,,,,,,,,,,,,,,,"true","true",,,"false","gl/DzYCYCmN5prQgTjj7, https://maps.app.goo, 2045, Tunisie","Agence de marketing",,,,,,,,,,"Agence de marketing",,,"3338650720980272076",,"false","TN",,"0x12e2cb56201833ad:0x2e5545244d2183cc",,,,,,,,,,"https://lh3.googleusercontent.com/gps-cs-s/APNQkAGy0PMbz7-5WFxjsSh8Uq2Yk-GwEBbo8sVIxARzznFALnOjc3UkiKz34WaqxwJxYm1YSdTMBInzYfaP7dEFlAQJCCdbiibl59cvQaw9R9qSdV5uqGBXEkQjYhjOCQ9E1X-M5QtrF_CwDcu3=w648-h240-k-no","3","false","/g/11ym3hwtkt","fr",,"36.8556514","10.2557635",,"El Aouina","lundi","09:00 to 17:00","mardi","09:00 to 17:00","mercredi","09:00 to 17:00","jeudi","09:00 to 17:00","vendredi","09:00 to 17:00","samedi","Fermé","dimanche","09:00 to 17:00",,,,,,,,,,,,,,,,,,,,,"false","+216 54 404 776","+21654404776","ChIJrTMYIFbL4hIRzIMhTSRFVS4",,,,"2045",,"2",,,,,,,,,,,,,,,,,,,,,,,,,,,,"2026-07-06T19:57:50.204Z","https://www.google.com/maps/search/content%20creation%20/@36.60320871833734,10.707485985429638,10z?hl=fr","content creation ",,,"gl/DzYCYCmN5prQgTjj7, https://maps.app.goo",,"false","digital_content_creation",,"https://www.google.com/maps/search/?api=1&query=digital_content_creation&query_place_id=ChIJrTMYIFbL4hIRzIMhTSRFVS4",
,,,,,,,,,,,,,,,,,,,,,,,,,,,,,,,,,,,,,,,,,,,,,,,,,"Rue de la Bourse Immeuble Horizon, Tunis 1053, Tunisie","Agence de marketing","Agence e-commerce","Agence de publicité","Média","Régie publicitaire","Concepteur de sites Web",,,,,"Agence de marketing",,,"5031582363598487050","Tunis","false","TN",,"0x12fd33688d446f09:0x45d3c58050687e0a",,,,,,,,,,"https://lh3.googleusercontent.com/gps-cs-s/APNQkAHGJeoFkiZIO79AOHxOn1Yi4lLkPdYgWTSuSl8PCjgip8XyuyY__6UgiM6SWzg4boWdNQyauyvrvNAxw7dvTDokeMr3hehIMu_4hofTZOj_jkGtlcsqW7HAg9RccztdBm0c_Hxvxg=w408-h272-k-no","39","false","/g/1tmg8n4y","fr",,"36.8491382","10.2721278",,,"lundi","09:00 to 19:00","mardi","09:00 to 19:00","mercredi","09:00 to 19:00","jeudi","09:00 to 19:00","vendredi","09:00 to 19:00","samedi","Fermé","dimanche","Fermé",,,,,,,,,,,,,,,,,,,,,"false","+216 31 327 327","+21631327327","ChIJCW9EjWgz_RIRCn5oUIDF00U",,,,"1053",,"22",,"26","18","3","0","4","1",,,,,,,,,,,,,,,,,,,,,"2026-07-06T19:57:51.453Z","https://www.google.com/maps/search/content%20creation%20/@36.60320871833734,10.707485985429638,10z?hl=fr","content creation ",,,"Rue de la Bourse Immeuble Horizon",,"false","Access Content Agency","4.5","https://www.google.com/maps/search/?api=1&query=Access%20Content%20Agency&query_place_id=ChIJCW9EjWgz_RIRCn5oUIDF00U","http://www.access.tn/"
,,,,,,,,,,,,,,,,,,,,,,,,,,,,,,,,,,,,,,,,,,,,,,,,,"4 Rue Ibrahim Jaffel, Tunis 2037, Tunisie","Agence de marketing",,,,,,,,,,"Agence de marketing",,,"1240859611301524838","Tunis","false","TN",,"0x12fd35a6ff8e37c3:0x11386b3dfbc1b566",,,,,,,,,,"https://lh3.googleusercontent.com/gps-cs-s/APNQkAE9CxKAINRDTPxe09hqfHHkQF6Gpd5_adzs0aYnYELgBOower9-ZL2P-2fSv13O7IYLpFi3v0isTMODCm-iXXrGlE0Jb8SmLrGhqDnueg_-NgHdDoxZm8MTq0cHj0hOhJOikqOscdjAnDR8=w408-h288-k-no","3","false","/g/11xrly83nx","fr",,"36.8452052","10.1826758",,"El Menzah","lundi","09:00 to 18:00","mardi","09:00 to 18:00","mercredi","09:00 to 18:00","jeudi","09:00 to 18:00","vendredi","09:00 to 18:00","samedi","Fermé","dimanche","Fermé",,,,,,,,,,,,,,,,,,,,,"false","+216 28 373 764","+21628373764","ChIJwzeO_6Y1_RIRZrXB-z1rOBE",,,,"2037",,"24",,"10","10","0","0","0","0",,,,,,,,,,,,,,,,,,,,,"2026-07-06T19:57:51.453Z","https://www.google.com/maps/search/content%20creation%20/@36.60320871833734,10.707485985429638,10z?hl=fr","content creation ",,,"4 Rue Ibrahim Jaffel",,"false","Snakup Content","5","https://www.google.com/maps/search/?api=1&query=Snakup%20Content&query_place_id=ChIJwzeO_6Y1_RIRZrXB-z1rOBE","https://snakupcontent.com/"
,,,,,,,,,,,,,,,,,,,,,,,,,,,,,,,,,,,,,,,,,,,,,,,,,"15, Résidence Golf du nord, Les berges du lac 2, Tunis 1053, Tunisie","Agence de marketing","Espace de coworking",,,,,,,,,"Agence de marketing",,,"3744112252008066955","Tunis","true","TN",,"0x12e2b4e74d61324b:0x33f5c2418c20ef8b",,,,,,,,,,"https://lh3.googleusercontent.com/gps-cs-s/APNQkAGw4RsZnADANaHGC3BV1-xLr1KJNfjt4_sfjbu0sy_aV_oGNSm1ElMjNkQ5QU9PjMvHmzY_QbbwS2R3SQaSRVd1-bxpGXdyxl7BkIluy7ZBmjzs4Uw03zwvTtKp8h9lsR1hkIgv=w408-h272-k-no","2","false","/g/11ckvc37jn","fr",,"36.8431717","10.2787809",,,"lundi","09:00 to 19:00","mardi","09:00 to 19:00","mercredi","09:00 to 19:00","jeudi","09:00 to 19:00","vendredi","09:00 to 19:00","samedi","Fermé","dimanche","Fermé",,,,,,,,,,,,,,,,,,,,,"false","+216 98 578 657","+21698578657","ChIJSzJhTee04hIRi-8gjEHC9TM",,,,"1053",,"25",,"10","5","4","0","1","0",,,,,,,,,,,,,,,,,,,,,"2026-07-06T19:57:51.453Z","https://www.google.com/maps/search/content%20creation%20/@36.60320871833734,10.707485985429638,10z?hl=fr","content creation ",,,"15, Résidence Golf du nord, Les berges du lac 2",,"false","Creativa","4.4","https://www.google.com/maps/search/?api=1&query=Creativa&query_place_id=ChIJSzJhTee04hIRi-8gjEHC9TM","https://creativaspace.com/"
,,,,,,,,,,,,,,,,,,,,,,,,,,,,,,,,,,,,,,,,,,,,"true","true",,,"true","Appt 6, 3éme étage, 32 Av. Habib Bourguiba, Ariana 2080, Tunisie","Agence de marketing",,,,,,,,,,"Agence de marketing",,,"5632089571284073407","Ariana","false","TN",,"0x12fd33a4595476f9:0x4e29339fff91bbbf",,,,,,,,,,"https://lh3.googleusercontent.com/gps-cs-s/APNQkAGidHHvR7AJOWoK5fPCvhEes6znF4upoaVoohN1zRH6tHCaQEkB1zhhEiX_h37Mz-OT6-Sbz112dc6t0AVqUCUXDyxYzRzM1Y37MLyPXdnRKgjTKcjHAVSWwLfCGBTQjDRrSZA=w498-h240-k-no","4","false","/g/11b7gmdqdf","fr",,"36.8490822","10.1831993",,,"lundi","08:00 to 20:00","mardi","08:00 to 20:00","mercredi","08:00 to 20:00","jeudi","08:00 to 20:00","vendredi","08:00 to 20:00","samedi","08:00 to 20:00","dimanche","08:00 to 20:00",,,,,,,,,,,,,,,,,,,,,"false","+216 53 821 288","+21653821288","ChIJ-XZUWaQz_RIRv7uR_58zKU4",,,,"2080",,"26",,"18","17","0","1","0","0",,,,,,,,,,,,,,,,,,,,,"2026-07-06T19:57:51.454Z","https://www.google.com/maps/search/content%20creation%20/@36.60320871833734,10.707485985429638,10z?hl=fr","content creation ",,,"Appt 6, 3éme étage, 32 Av. Habib Bourguiba",,"false","iTrend - Agence SEO Tunisie","4.8","https://www.google.com/maps/search/?api=1&query=iTrend%20-%20Agence%20SEO%20Tunisie&query_place_id=ChIJ-XZUWaQz_RIRv7uR_58zKU4","https://www.itrend.tn/"
,,,,,,,,,,,,,,,,,,,,,,,,,,,,,,,,"true",,,,,"true",,,,,,,,"true",,,"true","Immeuble Napoleon, Porte à gauche, 3eme ETAGE, ZI Khéreddine 2015, Lac3, Tunisie","Agence de marketing","Service de marketing Internet",,,,,,,,,"Agence de marketing",,,"7115529683057621706","Lac3","false","TN",,"0x12fd4bf00b3159d9:0x62bf708c0b65baca",,,,,,,,,,"https://lh3.googleusercontent.com/gps-cs-s/APNQkAEISzqcy5pio_ZxWSsi12tXvefxdv89yiBEDtFJoOaE-R2qO5o77q67dr_LweA-Dq47dyI7Tb8E1C7xiC--KW6IbSWiVDR6sYGGYiwhEmann06JGGvtrtNLv-KJZhx4MA2GpUIb04GOBRZ4=w547-h240-k-no","5","false","/g/11j10v7smb","fr",,"36.8358877","10.3023361",,,"lundi","09:00 to 18:00","mardi","09:00 to 18:00","mercredi","09:00 to 18:00","jeudi","09:00 to 18:00","vendredi","09:00 to 18:00","samedi","Fermé","dimanche","Fermé",,,,,,,,,,,,,,,,,,,,,"false","+216 52 660 190","+21652660190","ChIJ2VkxC_BL_RIRyrplC4xwv2I",,,,,,"27",,"5","5","0","0","0","0",,,,,,,,,,,,,,,,,,,,,"2026-07-06T19:57:51.454Z","https://www.google.com/maps/search/content%20creation%20/@36.60320871833734,10.707485985429638,10z?hl=fr","content creation ",,,"Immeuble Napoleon, Porte à gauche, 3eme ETAGE, ZI Khéreddine 2015",,"false","Convergen Agency","5","https://www.google.com/maps/search/?api=1&query=Convergen%20Agency&query_place_id=ChIJ2VkxC_BL_RIRyrplC4xwv2I","https://convergengroup.io/"
,,,,,,,,,,,,,,,,,,,,,,,,,,,,,,,,"true",,,,,"true",,,,,"true",,,"true",,,"true","6 Rue Ibn Khaldoun Immeuble Bureau 1, 8000, Tunisie","Agence de marketing","Service de développement commercial","Agence de design","Graphiste","Services d’information","Agence de publicité","Consultant en marketing","Agence photographique","Concepteur de sites Web","Photographe de mariage","Agence de marketing",,,"9138323282219009751","Nabeul‎","false","TN",,"0x131d33f6ec318fd9:0x7ed1d89bb75886d7",,,,,,,,,,"https://lh3.googleusercontent.com/gps-cs-s/APNQkAFyn3NugfgI5CCb15T43VwPrbG_fby-8oONDvR8TGQouhS19y7RwzQRuNK9jvFcQ8bIT0Htnp0yU3jB5WYi6WoM2Pj2_ipiJviApLPpfpLSe2_jwqUewBMuLUX-95E70x6OR7_I3A=w408-h885-k-no","9","false","/g/11h8ky18jt","fr",,"36.451978","10.7362544",,,"lundi","09:00 to 18:00","mardi","09:00 to 18:00","mercredi","09:00 to 18:00","jeudi","09:00 to 18:00","vendredi","09:00 to 18:00","samedi","09:00 to 14:00","dimanche","Fermé",,,,,,,,,,,,,,,,,,,,,"false","+216 93 733 739","+21693733739","ChIJ2Y8x7PYzHRMR14ZYt5vY0X4",,,,"8000",,"28",,"26","23","0","3","0","0",,,,,,,,,,,,,,,,,,,,,"2026-07-06T19:57:51.454Z","https://www.google.com/maps/search/content%20creation%20/@36.60320871833734,10.707485985429638,10z?hl=fr","content creation ",,,"6 Rue Ibn Khaldoun Immeuble Bureau 1",,"false","elBoita","4.5","https://www.google.com/maps/search/?api=1&query=elBoita&query_place_id=ChIJ2Y8x7PYzHRMR14ZYt5vY0X4","https://www.elboita.com/"
,,,,,,,,,,,,,,,,,,,,,,,,,,,,,,,,,,,,,,,,,,,,,,,,,"Tunis 1064, Tunisie","Agence de marketing",,,,,,,,,,"Agence de marketing",,,"12068260569685667895","Tunis","false","TN",,"0x12fd356129006233:0xa77b130c38f7b037",,,,,,,,,,"https://lh3.googleusercontent.com/gps-cs-s/APNQkAHbqr28ragAD6whEbtXql4lZnFzKKgkJ0A5MO--n86LdF8ZdhQ-xnPaivzenkdX1A13fdqei_PVaZ7J5sPNkvhEP0--JzxViqpk0ujOvdmAyUMV5bdErDosTAkqdtyNM2nQOkr4KZxFObj_=w408-h544-k-no","5","false","/g/11kpg205j4","fr",,"36.8441939","10.2695519",,,"lundi","09:00 to 17:00","mardi","09:00 to 17:00","mercredi","09:00 to 17:00","jeudi","09:00 to 17:00","vendredi","09:00 to 17:00","samedi","Fermé","dimanche","Fermé",,,,,,,,,,,,,,,,,,,,,"false","+216 29 161 291","+21629161291","ChIJM2IAKWE1_RIRN7D3OAwTe6c",,,,"1064",,"29",,"9","6","0","3","0","0",,,,,,,,,,,,,,,,,,,,,"2026-07-06T19:57:51.454Z","https://www.google.com/maps/search/content%20creation%20/@36.60320871833734,10.707485985429638,10z?hl=fr","content creation ",,,,,"false","GenZ Creative Agency || TikTok Agency","3.7","https://www.google.com/maps/search/?api=1&query=GenZ%20Creative%20Agency%20%7C%7C%20TikTok%20Agency&query_place_id=ChIJM2IAKWE1_RIRN7D3OAwTe6c","https://genzcreativeagency.com/"
,,,,,,,,,,,,,,,,,,,,,,,,,,,,,,,,,,,,,,,,,,,,,,,,,"4éme étage, Imm N40, Rue Ben Ghedhahem, Tunis 1001, Tunisie","Société de production cinématographique",,,,,,,,,,"Société de production cinématographique",,,"6806117028677245997","Tunis","false","TN",,"0x12fd4bd05c881f0b:0x5e742f60920b5c2d",,,,,,,,,,"https://lh3.googleusercontent.com/gps-cs-s/APNQkAE1KWldxuhu6glN3aMN07dwVLXGk7ZmIFz_CalNktWmg1sCm-ftKUC0fsLaUuKZRrKc2_m9mA8OgR55ODUJPfHnIg829O9GDCqOowDtt_S7D-mrA9qaUdY5ywy4dlfLRIZqON7c9A=w426-h240-k-no","10","false","/g/11fqkx6kzb","fr",,"36.794975","10.182672",,"Tunis Centre","lundi","09:00 to 18:00","mardi","09:00 to 18:00","mercredi","09:00 to 18:00","jeudi","09:00 to 18:00","vendredi","09:00 to 18:00","samedi","09:00 to 16:00","dimanche","Fermé",,,,,,,,,,,,,,,,,,,,,"false","+216 54 060 986","+21654060986","ChIJCx-IXNBL_RIRLVwLkmAvdF4",,,,"1001",,"30",,"24","21","2","0","1","0",,,,,,,,,,,,,,,,,,,,,"2026-07-06T19:57:51.454Z","https://www.google.com/maps/search/content%20creation%20/@36.60320871833734,10.707485985429638,10z?hl=fr","content creation ",,,"4éme étage, Imm N40, Rue Ben Ghedhahem",,"false","Seed","4.8","https://www.google.com/maps/search/?api=1&query=Seed&query_place_id=ChIJCx-IXNBL_RIRLVwLkmAvdF4",
,,,,,,,,,,,,,,,,,,,,,,,,,,,,,,,,,,,,,,,,,,,,,"true",,,"true","Bur A1, Tunis 1082, Tunisie","Agence de marketing",,,,,,,,,,"Agence de marketing",,,"17390166462677246869","Tunis","false","TN",,"0x41ef2e8c4ff4809d:0xf1564842c0c9e395",,,,,,,,,,"https://lh3.googleusercontent.com/gps-cs-s/APNQkAGpWJj8NbxTmYaxvp05eYct2oyQgfzQ2lSaxP36eYqRIRG3Gr-vRMvfQ9TXo99GV2aTkEwN-P0ojLJV_bcca9RjQqqmn189D_nLWURb8pg2SGwzuisZgLQPXvVOg8jVEK0LnUoj=w408-h408-k-no","45","false","/g/11t9y04g9j","fr",,"36.8494334","10.1980804",,,"lundi","08:00 to 17:00","mardi","08:00 to 17:00","mercredi","08:00 to 17:00","jeudi","08:00 to 17:00","vendredi","08:00 to 17:00","samedi","Fermé","dimanche","Fermé",,,,,,,,,,,,,,,,,,,,,"false","+216 90 179 186","+21690179186","ChIJnYD0T4wu70ERlePJwEJIVvE",,,,"1082",,"31",,"31","31","0","0","0","0",,,,,,,,,,,,,,,,,,,,,"2026-07-06T19:57:51.454Z","https://www.google.com/maps/search/content%20creation%20/@36.60320871833734,10.707485985429638,10z?hl=fr","content creation ",,,"Bur A1",,"false","Jasmin Marketing and Advertising Agency","5","https://www.google.com/maps/search/?api=1&query=Jasmin%20Marketing%20and%20Advertising%20Agency&query_place_id=ChIJnYD0T4wu70ERlePJwEJIVvE","https://jasminmarketing.com/"
,,,,,,,,,,,,,,,,,,,,,,,,,,,,,,,,,,,,,,,,,,,,,,,,,"26 Av. Mohamed Abdelwaheb, Tunis 2092, Tunisie","Agence de publicité",,,,,,,,,,"Agence de publicité",,,"1541532780978290662","Tunis","false","TN",,"0x12fd33239a5d0583:0x15649fe59bd4bfe6",,,,,,,,,,"https://lh3.googleusercontent.com/gps-cs-s/APNQkAH739LQaPp8awhCEU33hnAQY0339gCZUa-BFLCo6iKq0SH_VSB83RspQ5YSKVvg6bc9h9MBvGIOvS3MpNuHnE3tU4vN0f6sYdX6ApZYFWgunMbTJFAyafvzJ3wVGgzFAxN_-VsVXBToapk=w485-h240-k-no","1","false","/g/11nqpfb6b8","fr",,"36.8351596","10.1397405",,,"lundi","09:00 to 20:00","mardi","09:00 to 20:00","mercredi","09:00 to 20:00","jeudi","09:00 to 20:00","vendredi","09:00 to 16:00","samedi","Fermé","dimanche","Fermé",,,,,,,,,,,,,,,,,,,,,"false","+216 97 305 604","+21697305604","ChIJgwVdmiMz_RIR5r_Um-WfZBU",,,,"2092",,"32",,"1","1","0","0","0","0",,,,,,,,,,,,,,,,,,,,,"2026-07-06T19:57:51.454Z","https://www.google.com/maps/search/content%20creation%20/@36.60320871833734,10.707485985429638,10z?hl=fr","content creation ",,,"26 Av. Mohamed Abdelwaheb",,"false","7digi Content LAB","5","https://www.google.com/maps/search/?api=1&query=7digi%20Content%20LAB&query_place_id=ChIJgwVdmiMz_RIR5r_Um-WfZBU",
,,,,,,,,,,,,,,,,,,,,,,,,,,,,,,,,,"true",,,,,,,,,,"true",,,"true","false",,"TAWA Digital Talents, 4A Avenue De La Livre، Tunis 1053, Tunisie","Agence de marketing",,,,,,,,,,"Agence de marketing",,,"11501256710406937748","Tunis","false","TN",,"0x12fd3552d9679f75:0x9f9cac0ab6621c94",,,,,,,,,,"https://lh3.googleusercontent.com/gps-cs-s/APNQkAG_SU0Yk9Trg7U6_vlkqOm1TgmG0gO-CiAkr0eI8ZdzvRBnrCkXhdfurFQseoKOXjIgV-PilfeuVHVmo2ytoTGgOWY1gPGKFn9EXItQ8XolSEhEFcfc1SleghL5WNbm0DvRmclO=w408-h271-k-no","13","false","/g/11t1j9f_t4","fr",,"36.8442342","10.2635262",,,"lundi","09:00 to 18:00","mardi","09:00 to 18:00","mercredi","09:00 to 18:00","jeudi","09:00 to 18:00","vendredi","09:00 to 18:00","samedi","Fermé","dimanche","Fermé",,,,,,,,,,,,,,,,,,,,,"false","+216 52 779 999","+21652779999","ChIJdZ9n2VI1_RIRlBxitgqsnJ8",,,,"1053",,"33",,"10","9","0","1","0","0",,,,,,,,,,,,,,,,,,,,,"2026-07-06T19:57:51.454Z","https://www.google.com/maps/search/content%20creation%20/@36.60320871833734,10.707485985429638,10z?hl=fr","content creation ",,,"TAWA Digital Talents, 4A Avenue De La Livre",,"false","TAWA Digital Talents","4.6","https://www.google.com/maps/search/?api=1&query=TAWA%20Digital%20Talents&query_place_id=ChIJdZ9n2VI1_RIRlBxitgqsnJ8","http://www.tawa.digital/"
,,,,,,,,,,,,,,,,,,,,,,,,,,,,,,,,,,,,,,,,,,,,,,,,,"ZI Chotrana II, Ariana 2036, Tunisie","Centre de formation",,,,,,,,,,"Centre de formation",,,"6665099191855048143","Ariana","false","TN",,"0x12e2cb004b721297:0x5c7f3066db4365cf",,,,,,,,,,"https://lh3.googleusercontent.com/gps-cs-s/APNQkAGyZ3CBFwQ2lvwzQVXN388V7lcFqVVTm5Ty83R9TQQartZV_xM5AM1WCzDeOGxLwH2Whre6kQ1fDBQSmAVQYRww93NumvrTG7GoTR9kObWuQOzTncAJPjAkGtB5KJT9K12pbaX3=w533-h240-k-no","26","false","/g/11vcvfm65b","fr",,"36.9012716","10.1951153",,"En Nekhilet",,,,,,,,,,,,,,,,,,,,,,,,,,,,,,,,,,,"false","+216 56 340 161","+21656340161","ChIJlxJySwDL4hIRz2VD22Ywf1w",,,,"2036",,"34",,"14","5","4","3","2","0",,,,,,,,,,,,,,,,,,,,,"2026-07-06T19:57:51.454Z","https://www.google.com/maps/search/content%20creation%20/@36.60320871833734,10.707485985429638,10z?hl=fr","content creation ",,,"ZI Chotrana II",,"false","Yalla Digital Academy","3.6","https://www.google.com/maps/search/?api=1&query=Yalla%20Digital%20Academy&query_place_id=ChIJlxJySwDL4hIRz2VD22Ywf1w","https://www.yalla-academy.com/"
,,,,,,,,,,,,,,,,,,,,,,,,,,,,,,,,,,,,,,,,,,,,,"true",,,"false","Lot K.M.K N° 9, Sulayman 8020, Tunisie","Agence de publicité",,,,,,,,,,"Agence de publicité",,,"13710863792595769089","Soliman","false","TN",,"0xa3e1704a0458a613:0xbe46c5f9e16f9701",,,,,,,,,,"https://lh3.googleusercontent.com/gps-cs-s/APNQkAFE2yGW9_LjZlVfaMfrBpHM1B_PnZS-lGAqrmgZErytz8CHdGGT4rEkmKsc9kl6BELRH_DsRuAkzWDIVIoMQot1MFvHmVfeprTu48arBXONwS95nD5Db_fc-sJUrkkUVQh2j6b_Jw=w408-h510-k-no","6","false","/g/11sdvnz1ct","fr",,"36.6991301","10.4808375",,,"lundi","09:00 to 17:00","mardi","09:00 to 17:00","mercredi","09:00 to 17:00","jeudi","09:00 to 17:00","vendredi","09:00 to 17:00","samedi","09:00 to 17:00","dimanche","09:00 to 17:00",,,,,,,,,,,,,,,,,,,,,"false","+216 24 383 957","+21624383957","ChIJE6ZYBEpw4aMRAZdv4fnFRr4",,,,"8020",,"35",,"1","1","0","0","0","0",,,,,,,,,,,,,,,,,,,,,"2026-07-06T19:57:51.454Z","https://www.google.com/maps/search/content%20creation%20/@36.60320871833734,10.707485985429638,10z?hl=fr","content creation ",,,"Lot K.M.K N° 9",,"false","The Shiny Creatives","5","https://www.google.com/maps/search/?api=1&query=The%20Shiny%20Creatives&query_place_id=ChIJE6ZYBEpw4aMRAZdv4fnFRr4","https://theshinycreatives.com/"
,,,,,,,,,,,,,,,,,,,,,,,,,,,,,,,,,,,,,,,,,,,"true",,"true",,,,"Palestine street, Manouba 2010, Tunisie","Agence de marketing","Agence de publicité",,,,,,,,,"Agence de marketing",,,"18104449798735223472","Manouba","false","TN",,"0x12fd33722f56172f:0xfb3fed2ba3815ab0",,,,,,,,,,"https://lh3.googleusercontent.com/gps-cs-s/APNQkAEDMvzaJ05ugo_JleJtye1SFCoD2jO9mcfXSZ4cAb-PbCFAbC4wYOfTS_9rYpmsUgg1Yvo3X-xh-p6KD2BWXKPH01t9jcHTLGRibQ5ItxTPibwCDph4rnokZiMeODOHkDNrxGEUSWZjJYA=w408-h274-k-no","3","false","/g/11x1w41m74","fr",,"36.8093413","10.0989479",,,"lundi","09:00 to 18:00","mardi","09:00 to 18:00","mercredi","09:00 to 18:00","jeudi","09:00 to 18:00","vendredi","09:00 to 18:00","samedi","Fermé","dimanche","Fermé",,,,,,,,,,,,,,,,,,,,,"false","+216 55 046 920","+21655046920","ChIJLxdWL3Iz_RIRsFqBoyvtP_s",,,,"2010",,"36",,"3","3","0","0","0","0",,,,,,,,,,,,,,,,,,,,,"2026-07-06T19:57:51.454Z","https://www.google.com/maps/search/content%20creation%20/@36.60320871833734,10.707485985429638,10z?hl=fr","content creation ",,,"Palestine street",,"false","SEO Glow Agency","5","https://www.google.com/maps/search/?api=1&query=SEO%20Glow%20Agency&query_place_id=ChIJLxdWL3Iz_RIRsFqBoyvtP_s","https://seo-glow.com/"
,"true",,,,,,,,,,"true",,,"true",,,,,,,"true",,,,,,,"true",,,,"true",,,,,"true",,,,,"true","true",,"true",,,"true","Gammarth 2094, Tunisie","Agence de marketing","Agence de branding","Agence de design","Agence de publicité","Entreprise de packaging",,,,,,"Agence de marketing",,,"16980942749439457443","Gammarth","false","TN",,"0x12e2b5bd8074313d:0xeba86d76339578a3",,,,,,,,,,"https://lh3.googleusercontent.com/gps-cs-s/APNQkAGE9yNE17FVH_zPX189fzaGQPcU7BaAoenKKQ53UJYJh-HKo9ALDFcqEFD2q5KkfAJgkRWRiXlh0cSTT2ImzKuxwsMB0NT6a655dPm3fX-8hRDmZ0JztR2fGDqtwdOEC8se_0hM15qsNz8=w426-h240-k-no","84","false","/g/11ytrv7n9s","fr",,"36.9173042","10.2852532",,,"lundi","Ouvert 24h/24","mardi","Ouvert 24h/24","mercredi","Ouvert 24h/24","jeudi","Ouvert 24h/24","vendredi","Ouvert 24h/24","samedi","Ouvert 24h/24","dimanche","Ouvert 24h/24",,,,,,,,,,,,,,,,,,,,,"false","+216 58 984 977","+21658984977","ChIJPTF0gL214hIRo3iVM3ZtqOs",,,,"2094",,"37",,"20","20","0","0","0","0",,,,,,,,,,,,,,,,,,,,,"2026-07-06T19:57:51.454Z","https://www.google.com/maps/search/content%20creation%20/@36.60320871833734,10.707485985429638,10z?hl=fr","content creation ",,,,,"false","L'Alchimiste : Agence de communication Tunisie","5","https://www.google.com/maps/search/?api=1&query=L'Alchimiste%20%3A%20Agence%20de%20communication%20Tunisie&query_place_id=ChIJPTF0gL214hIRo3iVM3ZtqOs","https://lalchimiste-studio.com/"
,,,,,,,,,,,,,,,,,,,,,,,,,,,,,,,,,,,,,,,,,,,,,,,,,"Immeuble Bluesquare, Avenue De La Bourse، Tunis 1053, Tunisie","Agence de marketing",,,,,,,,,,"Agence de marketing",,,"6895492730762967751","Tunis","false","TN",,"0x12fd4b7d76959ba5:0x5fb1b61ad06a3ac7",,,,,,,,,,"https://lh3.googleusercontent.com/gps-cs-s/APNQkAHGmGiq1esrdZJOtemkWbx-1FCAkLoATrl0SrW9zDVuyunYy7v2ZhfMm-xn483mtFOsnqLakA8TRltL58vMo6SHJjL31Z5ckOzQxCKY4BhJPySvLCCKF-DEPgu-RggFBEKrgbLyzA=w408-h261-k-no","1","false","/g/11v_1bv75c","fr",,"36.8478475","10.2685438",,,"lundi","09:30 to 16:00","mardi","09:30 to 04:00","mercredi","09:30 to 04:00","jeudi","09:30 to 16:00","vendredi","09:30 to 04:00","samedi","Fermé","dimanche","Fermé",,,,,,,,,,,,,,,,,,,,,"false","+216 56 666 734","+21656666734","ChIJpZuVdn1L_RIRxzpq0Bq2sV8",,,,"1053",,"38",,"5","5","0","0","0","0",,,,,,,,,,,,,,,,,,,,,"2026-07-06T19:57:51.454Z","https://www.google.com/maps/search/content%20creation%20/@36.60320871833734,10.707485985429638,10z?hl=fr","content creation ",,,"Immeuble Bluesquare, Avenue De La Bourse",,"false","Cousin NET AGENCY","5","https://www.google.com/maps/search/?api=1&query=Cousin%20NET%20AGENCY&query_place_id=ChIJpZuVdn1L_RIRxzpq0Bq2sV8","https://cousin-net.agency/"
"false",,,,,,,,,"false",,,,,,,"false",,,,,,,,,,,,,,,,,,"true",,,,,,,,,"true","true","true",,,"true","A.V. Hedi ouali. Hammamet. Tunisie, Hammamet 8050, Tunisie","Agence de marketing",,,,,,,,,,"Agence de marketing",,,"16415618561077080303","Hammamet","false","TN",,"0x12fd61fc2b754d83:0xe3cffe1b8d4ef0ef",,,,,,,,,,"https://lh3.googleusercontent.com/gps-cs-s/APNQkAFQFL2l9SwUSndS0gNVW9hAnR4SIZ46oaLyLLK3cxErmVhFD26YzSIIcZjszbISOe39Hv6QVRWa21hyuJCqlJbkVS24g2lC9rUHc8L3ewr5atVTeQRvWe3md1Ha1QTmrm7aDD0Dz_FXqwU=w408-h506-k-no","8","false","/g/11b7tq1w8p","fr",,"36.405383","10.6289968",,"Hammamet Intérieure","lundi","08:30 to 17:00","mardi","08:30 to 17:00","mercredi","08:30 to 17:00","jeudi","08:30 to 17:00","vendredi","08:30 to 17:00","samedi","08:30 to 13:00","dimanche","Fermé",,,,,,,,,,,,,,,,,,,,,"false","+216 52 241 833","+21652241833","ChIJg011K_xh_RIR7_BOjRv-z-M",,,,"8050",,"39",,"14","10","2","0","1","1",,,,,,,,,,,,,,,,,,,,,"2026-07-06T19:57:51.454Z","https://www.google.com/maps/search/content%20creation%20/@36.60320871833734,10.707485985429638,10z?hl=fr","content creation ",,,"A.V. Hedi ouali. Hammamet. Tunisie",,"false","IconConcept","4.5","https://www.google.com/maps/search/?api=1&query=IconConcept&query_place_id=ChIJg011K_xh_RIR7_BOjRv-z-M","http://www.iconconcept.com/"
,"true",,,,,,,,,,"true",,,"true",,,,,,,"true",,,,,,,"false",,,"true",,,,,,,,,,,,"true",,"true",,,"true","Le belvedere, 136 Av. de La Liberté, Tunis 1000, Tunisie","Agence de marketing","Service de développement commercial","Assistance et services informatiques","Service de marketing Internet","Consultant en marketing",,,,,,"Agence de marketing",,,"9845663574451006714","Tunis","false","TN",,"0x12fd350592a1ba61:0x88a2d2db3d27acfa",,,,,,,,,,"https://lh3.googleusercontent.com/gps-cs-s/APNQkAEyvV2QYLo8y5_5-U1vbA5eC9iNe4h1--R__IE5XTy7Zp57OKCoYM5p4PWZfcuoEHE7Y1eUB5-q7j9O9fvDpaozo0YW2zqtY4ryuyo6_MozCLvwUi2TkKz-3Rd1Y2I6QnlUpZ1Efjwt1ECl=w408-h725-k-no","8","false","/g/11kq55nn_k","fr",,"36.8182094","10.1784098",,,"lundi","09:00 to 17:00","mardi","09:00 to 17:00","mercredi","09:00 to 17:00","jeudi","09:00 to 17:00","vendredi","09:00 to 15:00","samedi","Fermé","dimanche","Fermé",,,,,,,,,,,,,,,,,,,,,"false","+216 29 543 202","+21629543202","ChIJYbqhkgU1_RIR-qwnPdvSoog",,,,"1000",,"40",,"40","34","5","1","0","0",,,,,,,,,,,,,,,,,,,,,"2026-07-06T19:57:51.454Z","https://www.google.com/maps/search/content%20creation%20/@36.60320871833734,10.707485985429638,10z?hl=fr","content creation ",,,"Le belvedere, 136 Av. de La Liberté",,"false","Mynds","4.8","https://www.google.com/maps/search/?api=1&query=Mynds&query_place_id=ChIJYbqhkgU1_RIR-qwnPdvSoog","http://mynds-team.com/"
,,,"true",,,,,,,,,,,,,,,,,,,,,,,,,,,,,,,,,,,,,,,,"true","true","true",,,"true","Oum ettamer، 4111, Tunisie","Agence de marketing",,,,,,,,,,"Agence de marketing",,,"12696218367982783316",,"false","TN",,"0x1254d78aa8cd0b29:0xb032075696674b54",,,,,"Tout","Photos du propriétaire","Vidéos",,,"https://lh3.googleusercontent.com/gps-cs-s/APNQkAHL2lD24Xu0TXEz9F9UfEWNadeieSNWbkAfiljJhx1teSDaqWT1gLVAulamwauLtUyLgN319FRV0EEwZR_xfhIiSuVKP_PNPWFo9wI7qnsqr7WSSdBi3TtzzmA5te5owFw4AwBjeQ=w408-h665-k-no","143","false","/g/11gjhnbntg","fr",,"33.3760083","10.4352492",,,"lundi","Ouvert 24h/24","mardi","Ouvert 24h/24","mercredi","Ouvert 24h/24","jeudi","Ouvert 24h/24","vendredi","Ouvert 24h/24","samedi","Ouvert 24h/24","dimanche","Fermé","Recherches associées","0","Kemibuy","0","Recherches associées","0","Orange koutine - شفرات فورية","0","Recherches associées","0","Agence Marketing Ji Media","0",,,,,,,,,"false","+216 94 960 240","+21694960240","ChIJKQvNqIrXVBIRVEtnllYHMrA","9CGP+C3 Metameur, Tunisie",,,"4111",,"1",,"3","3","0","0","0","0",,,,,,,,,,,,,,,,,,,,,"2026-07-06T19:57:51.635Z","https://www.google.com/maps/search/content%20creation%20/@33.12508949388756,10.707485985429638,10z?hl=fr","content creation ",,,"Oum ettamer",,"false","ClickTN","5","https://www.google.com/maps/search/?api=1&query=ClickTN&query_place_id=ChIJKQvNqIrXVBIRVEtnllYHMrA","https://www.clicktn.com/"
,,,,,,,,,,,,,,,,,,,,,,,,,,,,,,,,,,,,,,,,,,,,,,,,,"el bassatin, 9 sadreball st, el Bassatin 2097, Tunisie","Agence de marketing","Agence de publicité",,,,,,,,,"Agence de marketing",,,"14504887113476567227","el Bassatin","false","TN",,"0x12fd49c02a81c4e5:0xc94bb5fac1e970bb",,,,,,,,,,"https://lh3.googleusercontent.com/gps-cs-s/APNQkAHv8TIpF0N8cq8fIVFOfGgdVpIJ1b8HSpvI25owvRtSHzEsK4HzOOpIQUaS7kOXD_zKBNvuq01wmF4C3SzLR7nLpWbRPMTHcWE2nhMe1o9d_qmsc68m9lE_4yCaDe0m7ubay5cAtw=w523-h240-k-no","1","false","/g/11x1nx2ncb","fr",,"36.7295203","10.2955932",,,"lundi","Ouvert 24h/24","mardi","Ouvert 24h/24","mercredi","Ouvert 24h/24","jeudi","Ouvert 24h/24","vendredi","Ouvert 24h/24","samedi","Ouvert 24h/24","dimanche","Fermé",,,,,,,,,,,,,,,,,,,,,"false","+216 93 351 111","+21693351111","ChIJ5cSBKsBJ_RIRu3Dpwfq1S8k",,,,"2097",,"41",,,,,,,,,,,,,,,,,,,,,,,,,,,,"2026-07-06T19:57:52.360Z","https://www.google.com/maps/search/content%20creation%20/@36.60320871833734,10.707485985429638,10z?hl=fr","content creation ",,,"el bassatin, 9 sadreball st",,"false","Jassmark",,"https://www.google.com/maps/search/?api=1&query=Jassmark&query_place_id=ChIJ5cSBKsBJ_RIRu3Dpwfq1S8k",
,,,,,,,,,,,,,,,,,,,,,,,,,,,,,,,,,,,,,,,,,,,"true",,"true",,,,"121 Ave. Hedi Chaker, Nabeul‎ 8000, Tunisie","Agence de marketing",,,,,,,,,,"Agence de marketing",,,"14358467419626086186","Nabeul‎","false","TN",,"0x13029920b296ef59:0xc743860b31d51f2a",,,,,,,,,,"https://streetviewpixels-pa.googleapis.com/v1/thumbnail?panoid=xdTk_608gjnW4Jp3NK-9pg&cb_client=search.gws-prod.gps&w=408&h=240&yaw=136.34239&pitch=0&thumbfov=100","2","false","/g/11fk5gl0jv","fr",,"36.4519822","10.733506",,,"lundi","08:00 to 17:00","mardi","08:00 to 17:00","mercredi","08:00 to 17:00","jeudi","08:00 to 17:00","vendredi","08:00 to 17:00","samedi","08:00 to 17:00","dimanche","Fermé",,,,,,,,,,,,,,,,,,,,,"false","","","ChIJWe-WsiCZAhMRKh_VMQuGQ8c",,,,"8000",,"42",,"1","1","0","0","0","0",,,,,,,,,,,,,,,,,,,,,"2026-07-06T19:57:52.361Z","https://www.google.com/maps/search/content%20creation%20/@36.60320871833734,10.707485985429638,10z?hl=fr","content creation ",,,"121 Ave. Hedi Chaker",,"false","Orientorise","5","https://www.google.com/maps/search/?api=1&query=Orientorise&query_place_id=ChIJWe-WsiCZAhMRKh_VMQuGQ8c","http://orise.tn/"
,,,,,,,,,,,,,,,,,,,,,,,,,,,,,,,,,,,,,,,,,,,,,,,,,"41 Av. Kheireddine Pacha, Tunis 1002, Tunisie","Agence de marketing","Assistance et services informatiques","Consultant en audiovisuel","Studio d'enregistrement",,,,,,,"Agence de marketing",,,"11621280383034894103","Tunis","false","TN",,"0x12fd351d4cf8a781:0xa14714efaa02a717",,,,,,,,,,"https://lh3.googleusercontent.com/gps-cs-s/APNQkAFvyG8R4siX7JczxZKzF2_G9iHgQvqRSgeudp2Fr319V_dnT-z0oEjZYIqucClmBeNv1yxl8rAHlqUfMncPzyaR-lvIr0j9IAcQRlV4o-6Dxka0NjekKw4uH9ZPIyoaruzNzcyq5-vFUkcB=w408-h544-k-no","5","false","/g/11y_ym1l1n","fr",,"36.8214916","10.1900206",,"Bourgil","lundi","09:00 to 22:00","mardi","09:00 to 22:00","mercredi","09:00 to 22:00","jeudi","09:00 to 22:00","vendredi","09:00 to 22:00","samedi","09:00 to 22:00","dimanche","09:00 to 22:00",,,,,,,,,,,,,,,,,,,,,"false","+216 99 447 993","+21699447993","ChIJgaf4TB01_RIRF6cCqu8UR6E",,,,"1002",,"43",,"3","3","0","0","0","0",,,,,,,,,,,,,,,,,,,,,"2026-07-06T19:57:52.361Z","https://www.google.com/maps/search/content%20creation%20/@36.60320871833734,10.707485985429638,10z?hl=fr","content creation ",,,"41 Av. Kheireddine Pacha",,"false","DCB Authority Group","5","https://www.google.com/maps/search/?api=1&query=DCB%20Authority%20Group&query_place_id=ChIJgaf4TB01_RIRF6cCqu8UR6E","https://www.dcbag.net/"
,,,,,,,,,,,,,,,,,,,,,,,,,,,,,,,,,,,,,,,,,,,,,"true",,,"true","Cherif, Sidi Abdel Waheb، Nabeul‎ 8000, Tunisie","Agence de marketing",,,,,,,,,,"Agence de marketing",,,"3232550109206552419","Nabeul‎","false","TN",,"0x4ab19ae194e2da39:0x2cdc533291e81f63",,,,,,,,,,"https://lh3.googleusercontent.com/gps-cs-s/APNQkAF84OEoj22670oqhysvB5t4_lAbq3I7Es8oGM7U98zZsH_CzoAL9TxHjiEjR__VevxHdOBwg9g_QRTgYuN8oLZWIFtZsfKKE3KZ3ymPAjYIzux2koipG0I2xrtzw53J_JV3aA2X=w960-h240-k-no","2","false","/g/11vf900jt9","fr",,"36.4580699","10.738769",,,"lundi","08:00 to 18:00","mardi","08:00 to 18:00","mercredi","08:00 to 18:00","jeudi","08:00 to 18:00","vendredi","08:00 to 18:00","samedi","08:00 to 14:00","dimanche","Fermé",,,,,,,,,,,,,,,,,,,,,"false","+216 23 115 800","+21623115800","ChIJOdrilOGasUoRYx_okTJT3Cw",,,,"8000",,"44",,"14","14","0","0","0","0",,,,,,,,,,,,,,,,,,,,,"2026-07-06T19:57:52.361Z","https://www.google.com/maps/search/content%20creation%20/@36.60320871833734,10.707485985429638,10z?hl=fr","content creation ",,,"Cherif, Sidi Abdel Waheb",,"false","HobCom","5","https://www.google.com/maps/search/?api=1&query=HobCom&query_place_id=ChIJOdrilOGasUoRYx_okTJT3Cw","https://hobcom.tn/"
,,,,,,,,,,,,,,,,,,,,,,,,,,,,,,,,,,,,,,,,,,,,,"true",,,"true","Ariana 2080, Tunisie","Consultant en marketing","Service d'hébergement de site Web",,,,,,,,,"Consultant en marketing",,,"12287220892414090786","Ariana","false","TN",,"0x12e2cb85018b64e7:0xaa84fa4d19199e22",,,,,,,,,,"https://lh3.googleusercontent.com/gps-cs-s/APNQkAHZvMH7X046v_TU-l3ZWUgMN_eoTPtrLn5A9qGCj5PsQkEZiPcqyz9WFbj4TkxY3u97RDDN1cMBsxFGG6cob3TRAmR69sEPU970dwUauqi1rY8euux4eiOqmdFIuVWLuaVFxec=w408-h272-k-no","5","false","/g/11p3dxnct2","fr",,"36.8592175","10.20022",,,"lundi","09:00 to 21:00","mardi","09:00 to 21:00","mercredi","09:00 to 21:00","jeudi","09:00 to 21:00","vendredi","09:00 to 21:00","samedi","09:00 to 21:00","dimanche","Fermé",,,,,,,,,,,,,,,,,,,,,"false","+216 56 300 025","+21656300025","ChIJ52SLAYXL4hIRIp4ZGU36hKo",,,,"2080",,"45",,"128","113","14","0","1","0",,,,,,,,,,,,,,,,,,,,,"2026-07-06T19:57:52.361Z","https://www.google.com/maps/search/content%20creation%20/@36.60320871833734,10.707485985429638,10z?hl=fr","content creation ",,,,,"false","Oussema Boufaid : Consultant SEO Tunisie Freelance et Agence","4.9","https://www.google.com/maps/search/?api=1&query=Oussema%20Boufaid%20%3A%20Consultant%20SEO%20Tunisie%20Freelance%20et%20Agence&query_place_id=ChIJ52SLAYXL4hIRIp4ZGU36hKo","http://oussemaboufaid.com/"
,"true",,,,,,,,,,,,,,,,,,,,,,,,,,,,,,,,,,,,,,,,,,,,,,,,"16 Rue de La Palestine, Tunis 1002, Tunisie","Concepteur de sites Web","Service de marketing Internet","Service d'hébergement de site Web",,,,,,,,"Concepteur de sites Web",,,"1496896315781850748","Tunis","false","TN",,"0x12fd2eefdffa81bf:0x14c60b44afc4a67c",,,,,,,,,,"https://lh3.googleusercontent.com/gps-cs-s/APNQkAG8bT12jsx5_jyDB5dCg0ALqj1sknlKokb84Xu_dFRgSm8iNAY75DfuiyV67AFkCw5MFVfokHtkIvKK0jpE52kDtqZ6PfFVpj287wMavHUPxHfxDXCwG4lvmAklX0NPe6FqJ79I=w408-h272-k-no","73","false","/g/1q629jxq_","fr",,"36.8096877","10.1806966",,,"lundi","09:00 to 18:00","mardi","09:00 to 18:00","mercredi","09:00 to 18:00","jeudi","09:00 to 18:00","vendredi","09:00 to 18:00","samedi","Fermé","dimanche","Fermé",,,,,,,,,,,,,,,,,,,,,"false","+216 71 255 206","+21671255206","ChIJv4H63-8u_RIRfKbEr0QLxhQ",,,,"1002",,"46",,"23","20","0","2","1","0",,,,,,,,,,,,,,,,,,,,,"2026-07-06T19:57:52.361Z","https://www.google.com/maps/search/content%20creation%20/@36.60320871833734,10.707485985429638,10z?hl=fr","content creation ",,,"16 Rue de La Palestine",,"false","Businessweb Agency","4.6","https://www.google.com/maps/search/?api=1&query=Businessweb%20Agency&query_place_id=ChIJv4H63-8u_RIRfKbEr0QLxhQ",
,,,,,,,,,,,,,,,,,,,,,,,,,,,,,,,,,,,,,,,,,,,,,"true",,,"true","Immeuble KORTOBA, II 2094, Tunisie","Agence de marketing",,,,,,,,,,"Agence de marketing",,,"6766200314873532652","II","false","TN",,"0x12fd35d0680f44c1:0x5de65f56672c50ec",,,,,,,,,,,"0","false","/g/11rt_3wswf","fr",,"36.857049","10.1277997",,"Jardins d'El Menzah 2","lundi","08:00 to 20:00","mardi","08:00 to 20:00","mercredi","08:00 to 20:00","jeudi","08:00 to 20:00","vendredi","08:00 to 20:00","samedi","Fermé","dimanche","Fermé",,,,,,,,,,,,,,,,,,,,,"false","+216 29 444 077","+21629444077","ChIJwUQPaNA1_RIR7FAsZ1Zf5l0",,,,"2094",,"47",,"3","3","0","0","0","0",,,,,,,,,,,,,,,,,,,,,"2026-07-06T19:57:52.361Z","https://www.google.com/maps/search/content%20creation%20/@36.60320871833734,10.707485985429638,10z?hl=fr","content creation ",,,"Immeuble KORTOBA",,"false","Le Labo Marketing","5","https://www.google.com/maps/search/?api=1&query=Le%20Labo%20Marketing&query_place_id=ChIJwUQPaNA1_RIR7FAsZ1Zf5l0",
,,,,,,,,,,,,,,,,,,,,,,,,,,,,,,,,,,,,,,,,,,,,,,,,,"47 Lac Leman, Tunis, Tunisie","Agence de marketing","Agence de publicité","Agence de relations publiques",,,,,,,,"Agence de marketing",,,"10495422391878914179","Tunis","false","TN",,"0x12fd3545001255db:0x91a73b0eeb9f9083",,,,,,,,,,"https://lh3.googleusercontent.com/gps-cs-s/APNQkAGwPrnPGQMlExgilkX3K0C1L3nHh5bJ4EBDLw9R8dcUGZ5CWkHSxuw3d8ggVjqi4HfU1-Q4YRBRJ_swjryMVhgencuvz_pFN2_x3dNjuA29GmNX1YesCq9OzfWt3iHqLF6_CAItgA=w408-h271-k-no","1","false","/g/1th45_sq","fr",,"36.8409447","10.2460465",,,,,,,,,,,,,,,,,,,,,,,,,,,,,,,,,,,,,"false","+216 71 160 900","+21671160900","ChIJ21USAEU1_RIRg5Cf6w47p5E",,,,,,"48",,"3","2","0","0","1","0",,,,,,,,,,,,,,,,,,,,,"2026-07-06T19:57:52.361Z","https://www.google.com/maps/search/content%20creation%20/@36.60320871833734,10.707485985429638,10z?hl=fr","content creation ",,,"47 Lac Leman",,"false","Groupe Impact","4.3","https://www.google.com/maps/search/?api=1&query=Groupe%20Impact&query_place_id=ChIJ21USAEU1_RIRg5Cf6w47p5E","http://www.groupeimpact.com/"
,,,,,,,,,,,,,,,,,,,,,,,,,,,,,,,,,,,,,,,,,,,,,,,,,"Cite Ali Bourguiba, Cebalat Ben Ammar 2094, Tunisie","Agence de marketing",,,,,,,,,,"Agence de marketing",,,"15795953816497595487","Cebalat Ben Ammar","false","TN",,"0x12e2cdbcf649fde5:0xdb36804e38d0a45f",,,,,,,,,,"https://lh3.googleusercontent.com/gps-cs-s/APNQkAEBT2DBO59qGXfUD3n-iHqViX0v_rnTft1TsSuTY8D7vFz8Rri8pNdI0CwOWFceAQaBHzfuyyUfqIPD9pHLBnpWwdv4fBcf_D6TVgjiEK3U3sGNVzMcssBDBHR48e57aM4CUX1T=w506-h240-k-no","1","false","/g/11wc9rtg_6","fr",,"36.8696834","10.1160921",,,"lundi","08:00 to 18:00","mardi","08:00 to 18:00","mercredi","08:00 to 18:00","jeudi","08:00 to 18:00","vendredi","08:00 to 18:00","samedi","08:00 to 18:00","dimanche","08:00 to 18:00",,,,,,,,,,,,,,,,,,,,,"false","","","ChIJ5f1J9rzN4hIRX6TQOE6ANts",,,,"2094",,"49",,"16","16","0","0","0","0",,,,,,,,,,,,,,,,,,,,,"2026-07-06T19:57:52.361Z","https://www.google.com/maps/search/content%20creation%20/@36.60320871833734,10.707485985429638,10z?hl=fr","content creation ",,,"Cite Ali Bourguiba",,"false","BizzBoost Media","5","https://www.google.com/maps/search/?api=1&query=BizzBoost%20Media&query_place_id=ChIJ5f1J9rzN4hIRX6TQOE6ANts","https://bizzboostmedia.com/home"
,,,,,,,,,,,,,,,,,,,,,,,,,,,,,,"true",,,,,,,,,,,,,,,,,,,,"Consultant","Service establishment","Service de marketing Internet","Consultant en marketing",,,,,,,"Consultant",,,"10047632036704580516",,"false",,,"0x12fd35be7004a8e5:0x8b705c1a4d9c73a4",,,,,,,,,,"https://lh3.googleusercontent.com/gps-cs-s/APNQkAEcFAfcKmqID_g0mrkDnEhgXkNYO9iPiUDidlMrR4ZoLk0_8BY7rzFjeuG18Q2i4M6N5GXGLuQuoszCaFMZegrsq7ENQ4EGZOE4xI9xcRtp4bxdnj9ez_ByaPkLbp9xztHKN-sh=w408-h272-k-no","57","false","/g/11qm078_w2","fr",,"33.985867","9.560764",,,"lundi","09:00 to 16:00","mardi","09:00 to 16:00","mercredi","09:00 to 16:00","jeudi","09:00 to 16:00","vendredi","09:00 to 16:00","samedi","Fermé","dimanche","Fermé",,,,,,,,,,,,,,,,,,,,,"false","+216 55 011 324","+21655011324","ChIJ5agEcL41_RIRpHOcTRpccIs",,,,,,"50",,"53","47","4","2","0","0",,,,,,,,,,,,,,,,,,,,,"2026-07-06T19:57:52.361Z","https://www.google.com/maps/search/content%20creation%20/@36.60320871833734,10.707485985429638,10z?hl=fr","content creation ",,,,,"false","Maha Digital","4.8","https://www.google.com/maps/search/?api=1&query=Maha%20Digital&query_place_id=ChIJ5agEcL41_RIRpHOcTRpccIs","https://maha.digital/"
,,,,,,,,,,,,,,,,,,,,,,,,,,,,,,,,,,,,,,,,,,,,,"true",,,"true","Avenue de l'environnement, Tunis 8020, Tunisie","Agence de marketing","Entreprise de réseautage d'affaires","Service de réparation d'ordinateurs","Service de saisie de données","Entreprise de gestion de bases de données","Services d’information","Concepteur de sites Web","Consultant en marketing","Huissier","Service de réparation","Agence de marketing",,,"6528979502069687767","Tunis","false","TN",,"0x12fd51f725890fa1:0x5a9b9843deaba5d7",,,,,,,,,,"https://streetviewpixels-pa.googleapis.com/v1/thumbnail?panoid=vdTrahZbqb4LuXlvIejs1g&cb_client=search.gws-prod.gps&w=408&h=240&yaw=175.39055&pitch=0&thumbfov=100","1","false","/g/11y8lgfdy0","fr",,"36.805764","10.1813442",,"Le Passage","lundi","Ouvert 24h/24","mardi","Ouvert 24h/24","mercredi","Ouvert 24h/24","jeudi","Ouvert 24h/24","vendredi","Ouvert 24h/24","samedi","Ouvert 24h/24","dimanche","Ouvert 24h/24",,,,,,,,,,,,,,,,,,,,,"false","+216 22 341 882","+21622341882","ChIJoQ-JJfdR_RIR16Wr3kOYm1o",,,,"8020",,"51",,"2","2","0","0","0","0",,,,,,,,,,,,,,,,,,,,,"2026-07-06T19:57:52.361Z","https://www.google.com/maps/search/content%20creation%20/@36.60320871833734,10.707485985429638,10z?hl=fr","content creation ",,,"Avenue de l'environnement",,"false","AmazingPandph : Création site Web : Tunisie","5","https://www.google.com/maps/search/?api=1&query=AmazingPandph%20%3A%20Cr%C3%A9ation%20site%20Web%20%3A%20Tunisie&query_place_id=ChIJoQ-JJfdR_RIR16Wr3kOYm1o","https://amazingpandph.com/"
,,,,,,,,,,,,,,,,,,,,,,,,,,,,,,,,,,,,,,,,,,,,,,,,,"Résidence ULYSSE, Cité les pins، Tunis 1053, Tunisie","Agence de marketing",,,,,,,,,,"Agence de marketing",,,"9517055040554649463","Tunis","false","TN",,"0x12fd4b2fcee6bc09:0x84135f22c819c777",,,,,,,,,,,"0","false","/g/11tjg08vzq","fr",,"36.8451513","10.2839384",,,"lundi","Ouvert 24h/24","mardi","Ouvert 24h/24","mercredi","Ouvert 24h/24","jeudi","Ouvert 24h/24","vendredi","Ouvert 24h/24","samedi","Fermé","dimanche","Fermé",,,,,,,,,,,,,,,,,,,,,"false","+216 28 380 228","+21628380228","ChIJCbzmzi9L_RIRd8cZyCJfE4Q",,,,"1053",,"52",,"2","2","0","0","0","0",,,,,,,,,,,,,,,,,,,,,"2026-07-06T19:57:52.362Z","https://www.google.com/maps/search/content%20creation%20/@36.60320871833734,10.707485985429638,10z?hl=fr","content creation ",,,"Résidence ULYSSE, Cité les pins",,"false","Digital New Age","5","https://www.google.com/maps/search/?api=1&query=Digital%20New%20Age&query_place_id=ChIJCbzmzi9L_RIRd8cZyCJfE4Q","https://digitalnewage.agency/"
,,,,,,,,,,,,,,,,,,,,,,,,,,,,,,,,,,,,,,,,,,,"true",,"true",,,"false","near residence el mimosas, 18 rue monaco, Mrezga 8000, Tunisie","Agence de marketing",,,,,,,,,,"Agence de marketing",,,"9832451505007637194","Mrezga","false","TN",,"0x13029f556271ca71:0x8873e28c9b3c32ca",,,,,,,,,,,"0","false","/g/11xvngc2bd","fr",,"36.4277393","10.6865183",,,"lundi","08:30 to 18:30","mardi","08:30 to 18:30","mercredi","08:30 to 18:30","jeudi","08:30 to 18:30","vendredi","08:30 to 18:30","samedi","09:00 to 13:00","dimanche","Fermé",,,,,,,,,,,,,,,,,,,,,"false","+216 55 566 629","+21655566629","ChIJccpxYlWfAhMRyjI8m4zic4g",,,,"8000",,"53",,"5","4","0","1","0","0",,,,,,,,,,,,,,,,,,,,,"2026-07-06T19:57:52.362Z","https://www.google.com/maps/search/content%20creation%20/@36.60320871833734,10.707485985429638,10z?hl=fr","content creation ",,,"near residence el mimosas, 18 rue monaco",,"false","Hamzaoui Yassine | Growth Marketing Tunisia | تسويق رقمي","4.2","https://www.google.com/maps/search/?api=1&query=Hamzaoui%20Yassine%20%7C%20Growth%20Marketing%20Tunisia%20%7C%20%D8%AA%D8%B3%D9%88%D9%8A%D9%82%20%D8%B1%D9%82%D9%85%D9%8A&query_place_id=ChIJccpxYlWfAhMRyjI8m4zic4g","https://elmarketeur.online/"
,,,,,,,,,,,,,,,,,,,,,,,,,,,,,,,,,"true",,,,,,,,,,"true",,"true",,,"true","24 Rue avicenne, Bou Mhel el-Bassatine 2097, Tunisie","Agence de marketing",,,,,,,,,,"Agence de marketing",,,"13381844822476880080","Boumhel El Bassatine","false","TN",,"0x12fd494e24593fd5:0xb9b5dcf74b2278d0",,,,,,,,,,"https://lh3.googleusercontent.com/gps-cs-s/APNQkAGpUFbx66YkQFBSebXYgw3P9PobaeM97YBiW7QloUIy4P9kCXQADGmmWDcpx67Ka0g5PLwXiydV2qGbtHgxsmRAaW_mvP5DYqrzIGKg2e2YIUTu_XIUaS3EDrIsexiWlLBZ_PnMb_m1xSZx=w408-h612-k-no","2","false","/g/11xnlqntx2","fr",,"36.7222945","10.3006205",,,"lundi","10:00 to 20:00","mardi","10:00 to 20:00","mercredi","10:00 to 20:00","jeudi","10:00 to 20:00","vendredi","10:00 to 20:00","samedi","10:00 to 20:00","dimanche","Fermé",,,,,,,,,,,,,,,,,,,,,"false","+216 25 809 717","+21625809717","ChIJ1T9ZJE5J_RIR0HgiS_fctbk",,,,"2097",,"54",,"59","58","1","0","0","0",,,,,,,,,,,,,,,,,,,,,"2026-07-06T19:57:52.362Z","https://www.google.com/maps/search/content%20creation%20/@36.60320871833734,10.707485985429638,10z?hl=fr","content creation ",,,"24 Rue avicenne",,"false","Ghassen Digital – Expert Marketing Digital & Publicité Réseaux Sociaux","5","https://www.google.com/maps/search/?api=1&query=Ghassen%20Digital%20%E2%80%93%20Expert%20Marketing%20Digital%20%26%20Publicit%C3%A9%20R%C3%A9seaux%20Sociaux&query_place_id=ChIJ1T9ZJE5J_RIR0HgiS_fctbk","https://www.behance.net/ghassentrabelsi5/projects"
,,,,,,,,,,,,,,,,,,,,,,,,,,,,,,,,,,,,,,,,,,,,,,,,,"N 1, étage, Centre Mariem Bureau, 66, 3 Av. Jean Jaurès, Tunis 1001, Tunisie","Agence de marketing","Site d'entreprise","Agence de design","Agence e-commerce","Concepteur de sites Web","Recherche et développement de produits","Service d'hébergement de site Web",,,,"Agence de marketing",,,"16491066137472839116","Tunis","false","TN",,"0x12fd346e36decab1:0xe4dc0947538aadcc",,,,,,,,,,"https://lh3.googleusercontent.com/gps-cs-s/APNQkAEZ3JqiXKnK8AQCnMcN8I8Qo5KoGYQPCqBHqIa9ySDsL6ejOcQxYHt5W389-JTF_S9aoHupeSYU1MdL3NTFckliyaEjvNBrwsooXxqEX4IhgPRd-NEqvwSz7O1uK01aKRpiA3uZ=w408-h577-k-no","38","false","/g/1thlq566","fr",,"36.806987","10.181332",,,"lundi","08:00 to 17:00","mardi","08:00 to 17:00","mercredi","08:00 to 17:00","jeudi","08:00 to 17:00","vendredi","08:00 to 17:00","samedi","Fermé","dimanche","Fermé",,,,,,,,,,,,,,,,,,,,,"false","+216 25 472 525","+21625472525","ChIJscreNm40_RIRzK2KU0cJ3OQ",,,,"1001",,"55",,"178","166","5","4","1","2",,,,,,,,,,,,,,,,,,,,,"2026-07-06T19:57:52.362Z","https://www.google.com/maps/search/content%20creation%20/@36.60320871833734,10.707485985429638,10z?hl=fr","content creation ",,,"N 1, étage, Centre Mariem Bureau, 66, 3 Av. Jean Jaurès",,"false","Web Media Tunisie","4.8","https://www.google.com/maps/search/?api=1&query=Web%20Media%20Tunisie&query_place_id=ChIJscreNm40_RIRzK2KU0cJ3OQ","http://webmedia-tunisie.com/"
,,,,,,,,,,,,,,,,,,,,,,,,,,,,,,,,,,,,,,,,,,,,,"true",,,,"Immeube le campus 1er etage , 9 rue habib chatti,el manar 1, Tunis 2092 Elmanar, 1 2092, Tunisie","Consultant en marketing",,,,,,,,,,"Consultant en marketing",,,"10091226086794094578","1","false","TN",,"0x231bb16a261fd691:0x8c0b3ca90b8467f2",,,,,,,,,,"https://lh3.googleusercontent.com/gps-cs-s/APNQkAHKjfCttwRgCBYeLt93i5DILvrgj54UTawrBb1C48cPUqA7j6GkT3GHDJYPeKHL7xsqJsmNFb8NytcSjo4OnQbwPGF2dxyvcmBsjtDmKmVDd2cNH-CaJGZWI_IwabjG45NksH0=w408-h408-k-no","3","false","/g/11sqhgs1rf","fr",,"36.835476","10.1499466",,"El Manar 1","lundi","Ouvert 24h/24","mardi","Ouvert 24h/24","mercredi","Ouvert 24h/24","jeudi","Ouvert 24h/24","vendredi","Ouvert 24h/24","samedi","09:00 to 13:00","dimanche","Fermé",,,,,,,,,,,,,,,,,,,,,"false","+216 55 566 070","+21655566070","ChIJkdYfJmqxGyMR8meEC6k8C4w",,,,"2092",,"56",,"10","10","0","0","0","0",,,,,,,,,,,,,,,,,,,,,"2026-07-06T19:57:52.362Z","https://www.google.com/maps/search/content%20creation%20/@36.60320871833734,10.707485985429638,10z?hl=fr","content creation ",,,"Immeube le campus 1er etage , 9 rue habib chatti,el manar 1, Tunis 2092 Elmanar",,"false","Socialwings","5","https://www.google.com/maps/search/?api=1&query=Socialwings&query_place_id=ChIJkdYfJmqxGyMR8meEC6k8C4w","http://socialwings.tn/"
,,,,,,,,,,,,,,,,,,,,,,,,,,,,,,,,,,,,,,,,,,,,,"true",,,"true","5, Mamia Palace B1, 81 Av. Habib Bourguiba, Ariana 2080, Tunisie","Agence de marketing",,,,,,,,,,"Agence de marketing",,,"16059164779158604434","Ariana","false","TN",,"0x12fd3524b28351bd:0xdedd9d4813368a92",,,,,,,,,,"https://lh3.googleusercontent.com/gps-cs-s/APNQkAGpArUQakDcxi3y9GVVbAkCYH_3LsQLa3wWITb90FskxmhNWLPHJv31TMfLcLJsEuRSNrANAZX6NKaUwAS7hcQS-pWPZLaChz0kVnD3Dj0EKS5hEX_B6iW_BBlewNa8VR4Tlz0V=w408-h272-k-no","6","false","/g/11khclsmgh","fr",,"36.8534463","10.185412",,,"lundi","08:30 to 17:30","mardi","08:30 to 17:30","mercredi","08:30 to 17:30","jeudi","08:30 to 17:30","vendredi","08:30 to 17:30","samedi","Fermé","dimanche","Fermé",,,,,,,,,,,,,,,,,,,,,"false","+216 55 411 862","+21655411862","ChIJvVGDsiQ1_RIRkoo2E0id3d4",,,,"2080",,"57",,"12","12","0","0","0","0",,,,,,,,,,,,,,,,,,,,,"2026-07-06T19:57:52.362Z","https://www.google.com/maps/search/content%20creation%20/@36.60320871833734,10.707485985429638,10z?hl=fr","content creation ",,,"5, Mamia Palace B1, 81 Av. Habib Bourguiba",,"false","Ratnafy Agency","5","https://www.google.com/maps/search/?api=1&query=Ratnafy%20Agency&query_place_id=ChIJvVGDsiQ1_RIRkoo2E0id3d4","https://www.ratnafy.com/"
,,,,,,,,,,,,,,,,,,,,,,,,,,,,,,"true",,,,,,,,,,,,,"true",,"true",,,"false","In front of MG, Kelibia 8090, Tunisie","Agence de marketing","Agence de publicité","Service de marketing Internet","Consultant média","Agence de relations publiques",,,,,,"Agence de marketing",,,"3939949619180509766","Kélibia","false","TN",,"0x131d338fa733a747:0x36ad834dcc309a46",,,,,,,,,,"https://lh3.googleusercontent.com/gps-cs-s/APNQkAHmC5llTp8J88pGrX-ixLOl9mpijXkWuLc4UPOI4SXfo6pKUQFxpgY8wLardFvsbT5a9N9M3QAsnIzCxvWLbCAtXTqYdlrQyxafX3JYfErPES20PIOWXQH2PAIDSUvmNsP3EMJthnNmiRDC=w426-h240-k-no","45","false","/g/11wbnzmcbz","fr",,"36.8452077","11.0951009",,,"lundi","09:00 to 17:00","mardi","09:00 to 17:00","mercredi","09:00 to 17:00","jeudi","09:00 to 17:00","vendredi","09:00 to 13:00","samedi","Fermé","dimanche","Fermé",,,,,,,,,,,,,,,,,,,,,"false","","","ChIJR6czp48zHRMRRpowzE2DrTY",,,,"8090",,"58",,"1","1","0","0","0","0",,,,,,,,,,,,,,,,,,,,,"2026-07-06T19:57:52.362Z","https://www.google.com/maps/search/content%20creation%20/@36.60320871833734,10.707485985429638,10z?hl=fr","content creation ",,,"In front of MG",,"false","Success Story","5","https://www.google.com/maps/search/?api=1&query=Success%20Story&query_place_id=ChIJR6czp48zHRMRRpowzE2DrTY","https://www.linkedin.com/company/successstoryb2b/"
,,,,,,,,,,,,,,,,,,,,,,,,,,,,,,,,,,,,,,,,,,,,,"true",,,"true","95 Av. Khaled Ibn El Walid, Tunis 2045, Tunisie","Agence de marketing","Service de marketing Internet","Prestataire spécialisé en études de marché",,,,,,,,"Agence de marketing",,,"15084802722527360452","Tunis","false","TN",,"0x12e2cbb2162488b1:0xd157fc274716b5c4",,,,,,,,,,"https://streetviewpixels-pa.googleapis.com/v1/thumbnail?panoid=QgJplPSEGeK0ftjqmj5Q5g&cb_client=search.gws-prod.gps&w=408&h=240&yaw=344.72296&pitch=0&thumbfov=100","2","false","/g/11k9s5wcvv","fr",,"36.8610711","10.2745163",,"Ain Zaghouan","lundi","08:00 to 18:30","mardi","08:00 to 18:30","mercredi","08:00 to 18:30","jeudi","08:00 to 18:30","vendredi","08:00 to 18:30","samedi","09:30 to 12:00","dimanche","Fermé",,,,,,,,,,,,,,,,,,,,,"false","+216 21 576 834","+21621576834","ChIJsYgkFrLL4hIRxLUWRyf8V9E",,,,"2045",,"59",,"16","14","0","2","0","0",,,,,,,,,,,,,,,,,,,,,"2026-07-06T19:57:52.362Z","https://www.google.com/maps/search/content%20creation%20/@36.60320871833734,10.707485985429638,10z?hl=fr","content creation ",,,"95 Av. Khaled Ibn El Walid",,"false","Red lion and Company","4.5","https://www.google.com/maps/search/?api=1&query=Red%20lion%20and%20Company&query_place_id=ChIJsYgkFrLL4hIRxLUWRyf8V9E","http://www.redlionandcompany.com/"
