post_url,promotion,contenu_original,date,langue,type_contenu,auteur,likes,produit_service,sentiment,theme,source,erreur
https://www.instagram.com/p/DdXM4wqDA4R/,"Location d'une villa 2S+3 à 1000 DT mensuel, visite gratuite","🔵🔴 À 𝗹𝗼𝘂𝗲𝗿 : 𝗩𝗶𝗹𝗹𝗮 𝟮𝗦+𝟯 - 𝗥𝘁𝗲. 𝗠𝗮𝘁𝗮𝗿 𝗸𝗺 𝟳🔴🔵

Notre agence vous propose à la location une villa de type 2S+3 avec un bon standing, située à route Matar km 7 dans une zone de villas calme.

🔹 𝗖𝗼𝗺𝗽𝗼𝘀𝗶𝘁𝗶𝗼𝗻 :
-Un grand salon
-Un séjour
-Une suite parentale
-2 chambres à coucher
-Une cuisine moderne
-Une salle d'eau invités

• 𝗣𝗿𝗶𝘅 𝗱𝗲 𝗹𝗼𝘆𝗲𝗿 𝗺𝗲𝗻𝘀𝘂𝗲𝗹 : 𝟭𝟬𝟬𝟬 𝗗𝗧

📞 Contactez-nous pour planifier une visite gratuite : 55 223 444
🌐 Notre site web : www.nova-immo.tn
📍 Adresse de notre agence : Av. Ali Balhouane Imm. Borji 1er étage, Beb Bhar Sfax.",2026-09-16T21:00:16.000Z,français,promotion produit,fedy.saidi.nova.immo,3,villa,positif,Location villa 2S+3,instagram,
https://www.instagram.com/p/DdRtOjModEp/,,"🔵🔴 À 𝗹𝗼𝘂𝗲𝗿 : 𝗔𝗽𝗽𝗮𝗿𝘁𝗲𝗺𝗲𝗻𝘁 𝗦+𝟮 𝗺𝗲𝘂𝗯𝗹é 𝑯𝒂𝒖𝒕 𝑺𝒕𝒂𝒏𝒅𝒊𝒏𝒈 - 𝗥𝘁𝗲. 𝗧𝘂𝗻𝗶𝘀 𝗸𝗺 𝟯🔵🔴

Un standing moderne, des meubles et des équipements de haute qualité, des options de confort et un emplacement idéal. Découvrez cette opportunité exceptionnelle de logement meublé à Sfax ville, à route de Tunis km 3 dans un emplacement très proche de la route ceinture et à proximité de toutes les commodités.

🔹 𝗖𝗼𝗺𝗽𝗼𝘀𝗶𝘁𝗶𝗼𝗻 :
-Un salon
-2 chambres à coucher, l’une avec un balcon
-Une cuisine avec séchoir
-Une salle de bain

🔹𝗔𝘁𝗼𝘂𝘁𝘀 𝗱𝗲 𝗹𝗮 𝗽𝗿𝗼𝗽𝗿𝗶é𝘁é :
-Gaz de ville
-Chauffage central
-2 climatiseurs
-Dressings partout
-Internet et IPTV

• 𝗣𝗿𝗶𝘅 𝗱𝗲𝗺𝗮𝗻𝗱é : 𝟭𝟯𝟴𝟬 𝗗𝗧 / 𝗺𝗼𝗶𝘀 (y compris les frais du syndic)

📞 Contactez-nous pour planifier une visite gratuite : 55 223 444 / 50 677 052
🌐 Notre site web : www.nova-immo.tn
📍 Adresse de notre agence : Av. Ali Balhouane Imm. Borji 1er étage, Beb Bhar Sfax.",2026-09-14T17:52:22.000Z,,,fedy.saidi.nova.immo,5,,,,instagram,"Error code: 400 - {'error': {'message': ""Failed to generate JSON. Please adjust your prompt. See 'failed_generation' for more details."", 'type': 'invalid_request_error', 'code': 'json_validate_failed', 'failed_generation': 'max completion tokens reached before generating a valid document'}}"
https://www.instagram.com/p/DdUaXwMku4n/,"Location d'une villa S+4 entièrement rénovée, 200 m², 2500 DT/mois, avec terrasse, jardin, gaz de ville, chauffage central, climatisation, caméras, visiophone, visite gratuite","🔴🔵 𝗔 𝗹𝗼𝘂𝗲𝗿 : 𝗩𝗶𝗹𝗹𝗮 à 𝘂𝘀𝗮𝗴𝗲 𝗰𝗼𝗺𝗺𝗲𝗿𝗰𝗶𝗮𝗹 𝗼𝘂 𝗵𝗮𝗯𝗶𝘁𝗮𝘁𝗶𝗼𝗻 𝗦+𝟰 - 𝗥𝘁𝗲 𝗘𝗹 𝗔𝗶𝗻 𝗸𝗺 𝟰🔵🔴

Notre agence vous propose à la location une magnifique villa S+4, entièrement rénovée récemment, bénéficiant d’un emplacement privilégié directement sur la route principale entre la route El Ain et Menzel Chaker km 4.

Elle se compose de :
✅ Un grand salon 
✅ Une suite parentale composée d'une chambre à coucher et une salle de douche
✅ 3 chambres
✅ Une cuisine bien équipée
✅ Une salle de douche
✅ Un cellier

Options :
🔸Un vaste terrasse et un jardin
🔸Gaz de ville
🔸Chauffage central
🔸Climatiseurs en split partout
🔸Caméras de surveillance
🔸Un majeul
🔸Visiophone

🔹Superficie couverte : environ 200m²
🔹Prix de location : 2500 DT/mois

📞 Contactez-nous pour planifier une visite gratuite : 55 223 444 / 50 677 052
🌐 Notre site web : www.nova-immo.tn
📍 Adresse de notre agence : Av. Ali Balhouane Imm. Borji 1er étage, Beb Bhar Sfax",2026-09-15T19:00:22.000Z,français,promotion produit,fedy.saidi.nova.immo,2,villa S+4,positif,Location villa S+4 Sfax,instagram,
https://www.instagram.com/p/DdJ-rDcleNX/,,"🔴🔵 À 𝗩𝗲𝗻𝗱𝗿𝗲 :  𝗩𝗶𝗹𝗹𝗮 𝗦+𝟰 - 𝗥𝘁𝗲. Matar km 7🔵🔴

𝗢𝗣𝗣𝗢𝗥𝗧𝗨𝗡𝗜𝗧É À 𝗡𝗘 𝗣𝗔𝗦 𝗥𝗔𝗧𝗘𝗥 𝗔𝗩𝗘𝗖 𝗨𝗡 𝗣𝗥𝗜𝗫 𝗘𝗫𝗖𝗘𝗣𝗧𝗜𝗢𝗡𝗡𝗘𝗟 : 𝟮𝟭𝟬.𝟬𝟬𝟬
𝗗𝗧 𝗦𝗘𝗨𝗟𝗘𝗠𝗘𝗡𝗧

Notre agence vous propose à la vente une villa de type S+4 avec un bon standing, située à route Matar km 7 dans une zone de villas calme.

🔹 𝗖𝗼𝗺𝗽𝗼𝘀𝗶𝘁𝗶𝗼𝗻 :
-Un salon
-Un séjour
- 3 chambres à coucher
-Une salle de douche
-Une cuisine

• 𝗦𝘂𝗽𝗲𝗿𝗳𝗶𝗰𝗶𝗲 𝘁𝗲𝗿𝗿𝗮𝗶𝗻 : 𝟯𝟬𝟳𝗺²
• 𝗦𝘂𝗽𝗲𝗿𝗳𝗶𝗰𝗶𝗲 𝗰𝗼𝘂𝘃𝗲𝗿𝘁𝗲 : 𝟭𝟳𝟱𝗺²
• 𝗣𝗿𝗶𝘅 𝗱𝗲𝗺𝗮𝗻𝗱é : 𝟮𝟭𝟬 𝟬𝟬𝟬 𝗗𝗧

📞 Contactez-nous pour planifier une visite gratuite : 58 318 521
🌐 Notre site web : www.nova-immo.tn
📍 Adresse de notre agence : Av. Ali Balhouane Imm. Borji 1er étage, Beb Bhar Sfax.",2026-09-11T17:45:56.000Z,,,fedy.saidi.nova.immo,2,,,,instagram,"Error code: 400 - {'error': {'message': ""Failed to generate JSON. Please adjust your prompt. See 'failed_generation' for more details."", 'type': 'invalid_request_error', 'code': 'json_validate_failed', 'failed_generation': 'max completion tokens reached before generating a valid document'}}"
https://www.instagram.com/p/DdFEgHYgVBb/,"Terrain de 1600 m² à 250 DT/m², visite gratuite","🔴🔵 À 𝗩𝗲𝗻𝗱𝗿𝗲 :  𝗧𝗲𝗿𝗿𝗮𝗶𝗻 𝗰𝗼𝗻𝘀𝘁𝗿𝘂𝗰𝘁𝗶𝗯𝗹𝗲 𝟭𝟲𝟬𝟬𝗺² - 𝗥𝘁𝗲. 𝗠𝗵𝗮𝗿𝘇𝗮 𝗸𝗺 𝟰 🔵🔴

Nova Immo vous propose à la vente un terrain constructible, idéalement situé à Route Mharza km 4, dans une agréable zone de villas.

🔹 Caractéristiques :
• 𝗦𝘂𝗽𝗲𝗿𝗳𝗶𝗰𝗶𝗲 : 𝟭𝟲𝟬𝟬𝗺²
• 𝗣𝗿𝗶𝘅 𝗱𝗲𝗺𝗮𝗻𝗱é : 𝟮𝟱𝟬 𝗗𝗧 / 𝗺²

📞 Contactez-nous pour planifier une visite gratuite : 58 318 521
🌐 Notre site web : www.nova-immo.tn
📍 Adresse de notre agence : Av. Ali Balhouane Imm. Borji 1er étage, Beb Bhar Sfax.",2026-09-09T20:00:41.000Z,français,promotion produit,fedy.saidi.nova.immo,1,terrain constructible,neutre,vente terrain constructible Sfax,instagram,
https://www.instagram.com/p/DT_MlgmAlrJ/,,#𝐆𝐄𝐌𝐌𝐀 #𝐈𝐌𝐌𝐎𝐁𝐈𝐋𝐈𝐄̀𝐑𝐄 #وكالةعقارية #صفاقس #agenceimmobiliere #sfax,2026-01-26T20:34:03.000Z,,,gemmaimmobiliere,2,,,,instagram,"Error code: 400 - {'error': {'message': ""Failed to generate JSON. Please adjust your prompt. See 'failed_generation' for more details."", 'type': 'invalid_request_error', 'code': 'json_validate_failed', 'failed_generation': 'max completion tokens reached before generating a valid document'}}"
https://www.instagram.com/p/DUHBpHNAo71/,,"🟢 𝐋𝐨𝐜𝐚𝐭𝐢𝐨𝐧 𝐒+𝟐 𝐡𝐚𝐮𝐭 𝐬𝐭𝐚𝐧𝐝𝐢𝐧𝐠 𝐍𝐞𝐮𝐟
♦️𝐑𝐨𝐮𝐭𝐞 𝐌𝐚𝐡𝐝𝐢𝐚 𝐤𝐦𝟓 𝐒𝐟𝐚𝐱 
♦️𝐒𝐮𝐫𝐟𝐚𝐜𝐞 :𝟏𝟏𝟑 𝐌²

Vous propose location Appartement S+2 au route Mahdia dans une résidence R+4 dans 3 em Étage 
composé :

✅salon avec balcon
✅02 chambres à coucher l'une avec dressing
✅ cuisine
✅salle de bain commune 
✅ Place parking sous sol et cellier 

💢Prix du Location : 1000 DT 

ℹ️ 𝑷𝒐𝒖𝒓 𝒑𝒍𝒖𝒔 𝒅'𝒊𝒏𝒇𝒐𝒓𝒎𝒂𝒕𝒊𝒐𝒏𝒔 𝒗𝒆𝒖𝒊𝒍𝒍𝒆𝒛 𝒏𝒐𝒖𝒔 𝒄𝒐𝒏𝒕𝒂𝒄𝒕𝒆𝒓 :

 ☎️+216.25.90.25.91

 ☎️+216.21.777.877

 ☎️+216.90.677.183

Gemma immobilière💬
gemmaimmobiliere@outlook.fr📨📧",2026-01-29T21:32:25.000Z,,,gemmaimmobiliere,0,,,,instagram,"Error code: 400 - {'error': {'message': ""Failed to generate JSON. Please adjust your prompt. See 'failed_generation' for more details."", 'type': 'invalid_request_error', 'code': 'json_validate_failed', 'failed_generation': 'max completion tokens reached before generating a valid document'}}"
https://www.instagram.com/p/DT_M60zgkhx/,,#𝐆𝐄𝐌𝐌𝐀 ##𝐈𝐌𝐌𝐎𝐁𝐈𝐋𝐈𝐄̀𝐑𝐄 #وكالةعقارية #صفاقس #agenceimmobiliere #sfax,2026-01-26T20:36:59.000Z,mixte,relations publiques,gemmaimmobiliere,1,,positif,Agence immobilière à Sfax,instagram,
https://www.instagram.com/p/DUHBeNEgoQi/,"Location d'un appartement S+2 à Bouzaien km4, 4ème étage, orientation Est, avec balcon, cuisine équipée, suite parentale, parking sous‑sol","🟢 𝐋𝐨𝐜𝐚𝐭𝐢𝐨𝐧 𝐒+𝟐 𝐡𝐚𝐮𝐭 𝐬𝐭𝐚𝐧𝐝𝐢𝐧𝐠 
♦️ 𝐑𝐨𝐮𝐭𝐞 𝐁𝐨𝐮𝐳𝐚𝐢𝐞𝐧 𝐤𝐦𝟒, 𝐒𝐟𝐚𝐱 

Vous propose location Appartement S+2 au route bouzaien km4 dans une résidence R+4 dans 4 éme Étage 
orientation “Est “

composé :

✅salon avec balcon

✅ cuisine équipée plaque chauffante et four et hotte et micro-ondes 

✅salle de bain commune 

✅01 chambres à coucher avec dressing

✅ suite parentale avec salle d’eau douche 

✅ Place parking sous sol 

ℹ️ 𝑷𝒐𝒖𝒓 𝒑𝒍𝒖𝒔 𝒅'𝒊𝒏𝒇𝒐𝒓𝒎𝒂𝒕𝒊𝒐𝒏𝒔 𝒗𝒆𝒖𝒊𝒍𝒍𝒆𝒛 𝒏𝒐𝒖𝒔 𝒄𝒐𝒏𝒕𝒂𝒄𝒕𝒆𝒓 :

 ☎️+216.25.90.25.91

 ☎️+216.21.777.877

 ☎️+216.90.677.183

Gemma immobilière💬
gemmaimmobiliere@outlook.fr📨📧",2026-01-29T21:30:42.000Z,français,promotion produit,gemmaimmobiliere,0,Appartement S+2,positif,Location appartement S+2 Bouzaien,instagram,
https://www.instagram.com/p/DUBvyZQAh-v/,,"⚠️𝐬+𝟑 𝐋𝐨𝐜𝐚𝐭𝐢𝐨𝐧 ⚠️
📍𝐑𝐨𝐮𝐭𝐞 𝐓𝐞𝐧𝐢𝐨𝐮𝐫 𝐤𝐦𝟐 𝐬𝐟𝐚𝐱 
📛𝐏𝐫𝐢𝐱 𝐃𝐞 𝐋𝐨𝐜𝐚𝐭𝐢𝐨𝐧 : 950 DT 
#𝐆𝐄𝐌𝐌𝐀 #𝐈𝐌𝐌𝐎𝐁𝐈𝐋𝐈𝐄̀𝐑𝐄 
Appartement S+3 pour  location Route Teniour a côté propretex 
Résidence sécurisée et emplacement stratégique 
 
♦️Composé par :

✅Salon avec balcon 
✅ Cuisine 
✅salle d’eau  wc 
✅ Salle d'eau WC avec baignoire 
✅03 chambres à coucher avec dressing 

ℹ️ 𝑷𝒐𝒖𝒓 𝒑𝒍𝒖𝒔 𝒅'𝒊𝒏𝒇𝒐𝒓𝒎𝒂𝒕𝒊𝒐𝒏𝒔 𝒗𝒆𝒖𝒊𝒍𝒍𝒆𝒛 𝒏𝒐𝒖𝒔 𝒄𝒐𝒏𝒕𝒂𝒄𝒕𝒆𝒓 :

 ☎️+216 25.90.25.91
 ☎️+216 21.777.877
 ☎️+216.90.677.183

Gemma immobilière💬
gemmaimmobiliere@outlook.fr📨📧 #وكالةعقارية #صفاقس #agenceimmobiliere #sfax #agenceimmo",2026-01-27T20:19:53.000Z,,,gemmaimmobiliere,0,,,,instagram,"Error code: 400 - {'error': {'message': ""Failed to generate JSON. Please adjust your prompt. See 'failed_generation' for more details."", 'type': 'invalid_request_error', 'code': 'json_validate_failed', 'failed_generation': 'max completion tokens reached before generating a valid document'}}"
https://www.instagram.com/p/DSA2a50jZ3g/,,"#opportunity #vente 

À vendre villa de maître  haut standing 🏡 🇹🇳

⚠️ Route ain km11 sur la route principale 

⭕️ 𝑺𝒖𝒓𝒇𝒂𝒄𝒆 𝑻𝒆𝒓𝒓𝒂𝒊𝒏  10000 m² 𝑪𝒐𝒖𝒗𝒆𝒓𝒕 1200 m²

🔴 titre foncier 

✅4 Salon 
✅ Séjour
✅ Salle à manger
✅ 5 Suites parentale 
✅ Chambres à coucher 
✅ Cuisine bien équipé 
✅ Chauffage centrale 
✅ photovoltaïque 
✅ Cuisine bien équipée extérieure 
✅ sutudio bien équipé 
✅ Garage pour 3 voitures 
✅ majel
✅️ Piscine 
𝑷𝒐𝒖𝒓 𝒑𝒍𝒖𝒔 𝒅'𝒊𝒏𝒇𝒐𝒓𝒎𝒂𝒕𝒊𝒐𝒏𝒔 𝒗𝒆𝒖𝒊𝒍𝒍𝒆𝒛 𝒄𝒐𝒏𝒕𝒂𝒄𝒕𝒆𝒓 : 
Mr Sami Zouari 
📞Téléphone 23 745 928 ☎️

Aussi par 📲 𝗪𝗵𝗮𝘁𝘀𝗔𝗽𝗽, 📲 𝗩𝗶𝗯𝗲𝗿.",2025-12-08T18:55:19.000Z,,,sfax_negoce_immoblier,0,,,,instagram,"Error code: 400 - {'error': {'message': ""Failed to validate JSON. Please adjust your prompt. See 'failed_generation' for more details."", 'type': 'invalid_request_error', 'code': 'json_validate_failed', 'failed_generation': ''}}"
https://www.instagram.com/p/DSA6bzADQv4/,,"A VENDRE villa haut standing 🏡 🇹🇳

⚠️ Route route affrane km7.5 impasse wali 100m de route principale 

⭕️ 𝑺𝒖𝒓𝒇𝒂𝒄𝒆 𝑻𝒆𝒓𝒓𝒂𝒊𝒏  1255 m² 𝑪𝒐𝒖𝒗𝒆𝒓𝒕 450 m²

✅ Salon 
✅ Séjour
✅ Salle à manger
✅ 01 Suites parentale 
✅ 03 Chambres à coucher
✅ Cuisine bien équipé ( retaper 2025)
✅ boiserie freine
✅ Cuisine  extérieure bien équipé 
✅️ Chauffage centrale
✅️ majel
✅️ photovoltaïque 
✅️ Garage 
𝑷𝒐𝒖𝒓 𝒑𝒍𝒖𝒔 𝒅'𝒊𝒏𝒇𝒐𝒓𝒎𝒂𝒕𝒊𝒐𝒏𝒔 𝒗𝒆𝒖𝒊𝒍𝒍𝒆𝒛 𝒄𝒐𝒏𝒕𝒂𝒄𝒕𝒆𝒓 : 
Mr Sami Zouari 
📞Téléphone 23 745 928 ☎️
Aussi par 📲 𝗪𝗵𝗮𝘁𝘀𝗔𝗽𝗽, 📲 𝗩𝗶𝗯𝗲𝗿.
#toutlemonde  #immobilier #sfax #achat #vente #terrain #villa #appartement",2025-12-08T19:30:24.000Z,,,sfax_negoce_immoblier,2,,,,instagram,"Error code: 400 - {'error': {'message': ""Failed to validate JSON. Please adjust your prompt. See 'failed_generation' for more details."", 'type': 'invalid_request_error', 'code': 'json_validate_failed', 'failed_generation': ''}}"
https://www.instagram.com/p/DJZQSRXIKwc/,,"A VENDRE carcasse haut standing 🏡 🇹🇳

⚠️ Route route tbolbi km8

⭕️ 𝑺𝒖𝒓𝒇𝒂𝒄𝒆 𝑻𝒆𝒓𝒓𝒂𝒊𝒏  640 m² 𝑪𝒐𝒖𝒗𝒆𝒓𝒕 340 m²

🏛 construction 2025 

✅ Salon 
✅ Séjour
✅ Salle à manger
✅ 01 Suites parentale 
✅ 03 Chambres à coucher
✅ Cuisine
✅ installation domotique
✅ Cuisine  extérieure bien équipé 
✅️ Chauffage centrale près installé 
✅️ garage pour 2 voiture 

𝑷𝒐𝒖𝒓 𝒑𝒍𝒖𝒔 𝒅'𝒊𝒏𝒇𝒐𝒓𝒎𝒂𝒕𝒊𝒐𝒏𝒔 𝒗𝒆𝒖𝒊𝒍𝒍𝒆𝒛 𝒄𝒐𝒏𝒕𝒂𝒄𝒕𝒆𝒓 : 
Mr Sami Zouari 
📞Téléphone 23 745 928 ☎️
Aussi par 📲 𝗪𝗵𝗮𝘁𝘀𝗔𝗽𝗽, 📲 𝗩𝗶𝗯𝗲𝗿.
#toutlemonde  #immobilier #sfax #achat #vente #terrain #villa #appartement",2025-05-08T13:41:07.000Z,,,sfax_negoce_immoblier,1,,,,instagram,"Error code: 400 - {'error': {'message': ""Failed to validate JSON. Please adjust your prompt. See 'failed_generation' for more details."", 'type': 'invalid_request_error', 'code': 'json_validate_failed', 'failed_generation': ''}}"
https://www.instagram.com/p/DLpfmAHoStt/,,"A VENDRE villa haut standing 🏡 🇹🇳

⚠️ Route route bouzayane km8.5

⭕️ 𝑺𝒖𝒓𝒇𝒂𝒄𝒆 𝑻𝒆𝒓𝒓𝒂𝒊𝒏  550 m² 𝑪𝒐𝒖𝒗𝒆𝒓𝒕 250 m²

🏛 construction 2025 《 jamais habiter 》🏛🏛

✅ Salon 
✅ Séjour
✅ Salle à manger
✅ 1 Suites parentale 
✅ 2 Chambres à coucher
✅ Cuisine bien ( plaques four et micro-ondes)
✅ boiserie freine
✅ Cuisine  extérieure bien équipé 
✅️ Chauffage centrale
✅️ majel

𝑷𝒐𝒖𝒓 𝒑𝒍𝒖𝒔 𝒅'𝒊𝒏𝒇𝒐𝒓𝒎𝒂𝒕𝒊𝒐𝒏𝒔 𝒗𝒆𝒖𝒊𝒍𝒍𝒆𝒛 𝒄𝒐𝒏𝒕𝒂𝒄𝒕𝒆𝒓 : 
Mr Sami Zouari 
📞Téléphone 23 745 928 ☎️
Aussi par 📲 𝗪𝗵𝗮𝘁𝘀𝗔𝗽𝗽, 📲 𝗩𝗶𝗯𝗲𝗿.
#toutlemonde  #immobilier #sfax #achat #vente #terrain #villa #appartement",2025-07-03T14:08:17.000Z,,,sfax_negoce_immoblier,2,,,,instagram,"Error code: 400 - {'error': {'message': ""Failed to generate JSON. Please adjust your prompt. See 'failed_generation' for more details."", 'type': 'invalid_request_error', 'code': 'json_validate_failed', 'failed_generation': 'max completion tokens reached before generating a valid document'}}"
https://www.instagram.com/p/DSA3N8HDQAp/,"Villa haut standing à vendre, 550 m² terrain, 250 m² couvert, construction 2025, salon, séjour, salle à manger, suites, chambres, cuisine équipée, chauffage central, contact Mr Sami Zouari","A VENDRE villa haut standing 🏡 🇹🇳

⚠️ Route route bouzayane km8.5

⭕️ 𝑺𝒖𝒓𝒇𝒂𝒄𝒆 𝑻𝒆𝒓𝒓𝒂𝒊𝒏  550 m² 𝑪𝒐𝒖𝒗𝒆𝒓𝒕 250 m²

🏛 construction 2025 《 jamais habiter 》🏛🏛

✅ Salon 
✅ Séjour
✅ Salle à manger
✅ 1 Suites parentale 
✅ 2 Chambres à coucher
✅ Cuisine bien ( plaques four et micro-ondes)
✅ boiserie freine
✅ Cuisine  extérieure bien équipé 
✅️ Chauffage centrale
✅️ majel

𝑷𝒐𝒖𝒓 𝒑𝒍𝒖𝒔 𝒅'𝒊𝒏𝒇𝒐𝒓𝒎𝒂𝒕𝒊𝒐𝒏𝒔 𝒗𝒆𝒖𝒊𝒍𝒍𝒆𝒛 𝒄𝒐𝒏𝒕𝒂𝒄𝒕𝒆𝒓 : 
Mr Sami Zouari 
📞Téléphone 23 745 928 ☎️
Aussi par 📲 𝗪𝗵𝗮𝘁𝘀𝗔𝗽𝗽, 📲 𝗩𝗶𝗯𝗲𝗿.
#toutlemonde  #immobilier #sfax #achat #vente #terrain #villa #appartementparisien",2025-12-08T19:05:35.000Z,français,promotion produit,sfax_negoce_immoblier,3,villa,positif,Villa haut standing à vendre,instagram,
https://www.instagram.com/p/DTP-FZPjA2T/,,"🔑 Prêt(e) à relever un nouveau défi professionnel ?
Tecnocasa recrute et vous accompagne pas à pas vers la réussite.
Formation, esprit d’équipe et évolution assurée.
#Recrutement #Tecnocasa #Carrière #Immobilier #Motivation",2026-01-08T12:22:17.000Z,français,relations publiques,tecnocasa_sfax_nassria,2,,positif,Recrutement et opportunité carrière,instagram,
https://www.instagram.com/p/Ddd9aj9FfM2/,,"🏡 À LOUER – Rez-de-chaussée de villa S+3 avec jardin – Taniour, Sfax

L’agence Tecnocasa Sfax Nasseria vous propose à la location un rez-de-chaussée de villa S+3 avec jardin, idéal pour un usage professionnel, offrant un cadre agréable et fonctionnel pour l’installation de votre activité.

✨ Les points forts du bien :

* 📍 Emplacement : Taniour – Sfax
* 🏠 S+3
* 🏡 Rez-de-chaussée indépendant
* 🌿 Jardin
* 💼 Idéal pour usage professionnel
* 🚗 Accès pratique
* ✨ Espaces modulables et fonctionnels

Un bien qui offre visibilité, confort et praticité, adapté à différents types d’activités professionnelles.

📞 Pour plus d’informations ou pour organiser une visite, contactez-nous dès maintenant.

Tecnocasa Sfax Nasseria – Votre partenaire immobilier de confiance.",2026-09-19T12:00:11.000Z,,,tecnocasa_sfax_nassria,3,,,,instagram,"Error code: 400 - {'error': {'message': ""Failed to generate JSON. Please adjust your prompt. See 'failed_generation' for more details."", 'type': 'invalid_request_error', 'code': 'json_validate_failed', 'failed_generation': 'max completion tokens reached before generating a valid document'}}"
https://www.instagram.com/p/DZxDy-FsEmR/,"Appartement S+2 de 109 m², orientation Est, suite parentale, résidence calme et moderne, opportunité d’achat","🏡 Tecnocasa Sfax Nasseria vous propose une belle opportunité d’achat : un appartement de type S+2 situé au 2ᵉ étage d’une résidence récemment construite.

✨ Caractéristiques :
✅ Orientation Est offrant une excellente luminosité
✅ Suite parentale
✅ Superficie : 109 m²
✅ Résidence calme et moderne

📍 Route Mharza km 3 

📞 Pour plus d’informations ou pour organiser une visite, contactez Tecnocasa Sfax Nasseria.

☎️ 24 858 524
📱 WhatsApp : 26 767 626
📧 Contact.sf2@tecnocasa.tn

#tecnocasa #TecnocasaTunisie #tecnocasasfax #sfax #appartement immobilier",2026-06-19T11:56:34.000Z,français,promotion produit,tecnocasa_sfax_nassria,36,Appartement S+2,positif,Appartement S+2 à Sfax,instagram,
https://www.instagram.com/p/DZ7cAMzs5El/,"Vente d'un appartement de 184 m² avec suite parentale, orientation plein sud, un seul logement par étage et deux places de parking","✨ Vivez le confort sans compromis !

L’agence Tecnocasa Sfax Nasseria vous propose à la vente un magnifique appartement S+3 situé sur la Route de l’Aéroport Km 1.

✅ 184 m² de surface
✅ Suite parentale
✅ Orientation plein sud
✅ Un seul appartement par étage
✅ Deux places de parking au sous-sol

🏡 Un bien rare qui allie espace, luminosité et intimité.

📞 Contactez-nous dès maintenant pour programmer votre visite.

☎️ 24 858 524
📱 WhatsApp : 26 767 626
📧 Contact.sf2@tecnocasa.tn

#Tecnocasa #TecnocasaSfax #Sfax #ImmobilierSfax #AppartementAVendre RouteDeLAeroport Splus3 SuiteParentale ImmobilierTunisie InvestissementImmobilier",2026-06-23T12:40:46.000Z,français,promotion produit,tecnocasa_sfax_nassria,29,Appartement S+3,positif,Appartement S+3 à vendre,instagram,
https://www.instagram.com/p/DdcebQ0qhEv/,,"Joyeux anniversaire, Boss 🎂❤️
À notre leader, notre inspiration et celui qui fait grandir toute la Team
Merci pour votre vision, votre énergie et votre confiance
Que cette nouvelle année vous apporte bonheur, réussite et de nouveaux accomplissements🥂✨",2026-09-18T22:13:50.000Z,français,relations publiques,tecnocasakantaoui,54,,positif,Souhaits d'anniversaire au dirigeant,instagram,
https://www.instagram.com/p/DdJE3wuitHz/,,"#offre_de_location 

L’agence Tecnocasa Sfax Gremda met à la #Location un appartement S+2.

📍Route Gremda km5,5.

✅prix: 1200dt

Pour profiter d’une visite GRATUITE veuillez nous contacter sur :
☎️ 26 444 500
📱 Whatsapp +216 26 444 500
📧 Contact.sf1@tecnocasa.tn
#tecnocasa #TecnocasaTunisie #tecnocasasfax #sfax #appartement #immobilier",2026-09-11T09:20:51.000Z,,,tecnocasa_sfax_gremda,4,,,,instagram,"Error code: 400 - {'error': {'message': ""Failed to generate JSON. Please adjust your prompt. See 'failed_generation' for more details."", 'type': 'invalid_request_error', 'code': 'json_validate_failed', 'failed_generation': 'max completion tokens reached before generating a valid document'}}"
https://www.instagram.com/p/Dc_ezvIAMpK/,visite gratuite de la villa,"#Opportunité_d’achat

L’agence Tecnocasa Sfax Gremda met à la #vente une villa S+5 Haut standing.

📍Route Taniour km5,5.

✅Année de construction 2025
✅Piscine 
✅Garage 

Pour profiter d’une visite GRATUITE veuillez nous contacter sur :
☎️ 26 444 500
📱 Whatsapp +216 26 444 500
📧 Contact.sf1@tecnocasa.tn
#tecnocasa #TecnocasaTunisie #tecnocasasfax #sfax #villa #immobilier #vente",2026-09-07T15:55:05.000Z,français,promotion produit,tecnocasa_sfax_gremda,27,villa,positif,vente villa haut standing,instagram,
https://www.instagram.com/p/Dc3mDilguBA/,visite gratuite,"#En_exclusivité 

L’agence Tecnocasa Sfax Gremda met à la #vente une villa S+4.

📍Route entre gremda et bouzayen km5,5.

✅Plein pied 
✅quartier calme

Pour profiter d’une visite GRATUITE veuillez nous contacter sur :
☎️ 26 444 500
📱 Whatsapp +216 26 444 500
📧 Contact.sf1@tecnocasa.tn
#tecnocasa #TecnocasaTunisie #tecnocasasfax #sfax #villa #immobilier #vente",2026-09-04T14:25:19.000Z,français,promotion produit,tecnocasa_sfax_gremda,10,villa S+4,positif,villa à vendre Sfax,instagram,
https://www.instagram.com/p/DdRQgbJnXwq/,,"#Exclusivement_Tecnocasa

L’agence Tecnocasa Sfax Gremda met à la #vente un appartement S+3.

📍Route bouzayen km5,5.

✅Place de parking 
✅Orientation EST/SUD

Pour profiter d’une visite GRATUITE veuillez nous contacter sur :
☎️ 26 444 500
📱 Whatsapp +216 26 444 500
📧 Contact.sf1@tecnocasa.tn
#tecnocasa #TecnocasaTunisie #tecnocasasfax #sfax #villa #immobilier #vente",2026-09-14T13:36:53.000Z,,,tecnocasa_sfax_gremda,6,,,,instagram,"Error code: 400 - {'error': {'message': ""Failed to generate JSON. Please adjust your prompt. See 'failed_generation' for more details."", 'type': 'invalid_request_error', 'code': 'json_validate_failed', 'failed_generation': 'max completion tokens reached before generating a valid document'}}"
https://www.instagram.com/p/DdjeZ41jyKg/,Visite gratuite du bien,"#Exclusivement_Tecnocasa

L’agence Tecnocasa Sfax Gremda met à la #vente un appartement S+3.

📍Route de Tunis km 2

✅Orientation SUD/EST

Pour profiter d’une visite GRATUITE veuillez nous contacter sur :
☎️ 26 666 358
☎️ 48 025 025
📱 Whatsapp +216 26 666 358
📧 Contact.sf1@tecnocasa.tn
#tecnocasa #TecnocasaTunisie #tecnocasasfax #sfax #villa #immobilier #vente",2026-09-21T15:24:51.000Z,français,promotion produit,tecnocasa_sfax_gremda,11,appartement S+3,positif,Appartement S+3 à vendre,instagram,
https://www.facebook.com/immobiliere.Nova.sfax/posts/pfbid02ANBGFyH4DbBNeRCxdnTuN2pQnt7X2JnT86C8625ry11Nu5cnTGXMJMCFdg21AkGPl,,"🔵🔴 À 𝗹𝗼𝘂𝗲𝗿 : 𝗩𝗶𝗹𝗹𝗮 𝟮𝗦+𝟯 - 𝗥𝘁𝗲. 𝗠𝗮𝘁𝗮𝗿 𝗸𝗺 𝟳🔴🔵

Notre agence vous propose à la location une villa de type 2S+3 avec un bon standing, située à route Matar km 7 dans une zone de villas calme.

🔹 𝗖𝗼𝗺𝗽𝗼𝘀𝗶𝘁𝗶𝗼𝗻 :
-Un grand salon
-Un séjour
-Une suite parentale
-2 chambres à coucher
-Une cuisine moderne
-Une salle d'eau invités

• 𝗣𝗿𝗶𝘅 𝗱𝗲 𝗹𝗼𝘆𝗲𝗿 𝗺𝗲𝗻𝘀𝘂𝗲𝗹 : 𝟭𝟬𝟬𝟬 𝗗𝗧

📞 Contactez-nous pour planifier une visite gratuite : 55 223 444 / 50 677 052
🌐 Notre site web : www.nova-immo.tn
📍 Adresse de notre agence : Av. Ali Balhouane Imm. Borji 1er étage, Beb Bhar Sfax.",2026-09-16T19:00:07.000Z,,,immobiliere.Nova.sfax,41,,,,facebook,"Error code: 400 - {'error': {'message': ""Failed to generate JSON. Please adjust your prompt. See 'failed_generation' for more details."", 'type': 'invalid_request_error', 'code': 'json_validate_failed', 'failed_generation': 'max completion tokens reached before generating a valid document'}}"
https://www.facebook.com/immobiliere.Nova.sfax/posts/pfbid02oYy5qDu4kYdUedVe8XTJhgAK2Fu3kxZi95Kmv8hetyjoR4Xhk7A9EFrxM8EmXEsrl,"Location villa S+4, 2500 DT/mois, visite gratuite","🔴🔵 𝗔 𝗹𝗼𝘂𝗲𝗿 : 𝗩𝗶𝗹𝗹𝗮 à 𝘂𝘀𝗮𝗴𝗲 𝗰𝗼𝗺𝗺𝗲𝗿𝗰𝗶𝗮𝗹 𝗼𝘂 𝗵𝗮𝗯𝗶𝘁𝗮𝘁𝗶𝗼𝗻 𝗦+𝟰 - 𝗥𝘁𝗲 𝗘𝗹 𝗔𝗶𝗻 𝗸𝗺 𝟰🔵🔴

Notre agence vous propose à la location une magnifique villa S+4, entièrement rénovée récemment, bénéficiant d’un emplacement privilégié directement sur la route principale entre la route El Ain et Menzel Chaker km 4.

Elle se compose de :
✅ Un grand salon 
✅ Une suite parentale composée d'une chambre à coucher et une salle de douche
✅ 3 chambres
✅ Une cuisine bien équipée
✅ Une salle de douche
✅ Un cellier

Options :
🔸Un vaste terrasse et un jardin
🔸Gaz de ville
🔸Chauffage central
🔸Climatiseurs en split partout
🔸Caméras de surveillance
🔸Un majeul
🔸Visiophone

🔹Superficie couverte : environ 200m²
🔹Prix de location : 2500 DT/mois

📞 Contactez-nous pour planifier une visite gratuite : 55 223 444 / 50 677 052
🌐 Notre site web : www.nova-immo.tn
📍 Adresse de notre agence : Av. Ali Balhouane Imm. Borji 1er étage, Beb Bhar Sfax",2026-09-15T21:00:10.000Z,français,promotion produit,immobiliere.Nova.sfax,10,villa S+4,positif,Location villa S+4 Sfax,facebook,
https://www.facebook.com/reel/1603912688076203/,,"🔵🔴 À 𝗹𝗼𝘂𝗲𝗿 : 𝗔𝗽𝗽𝗮𝗿𝘁𝗲𝗺𝗲𝗻𝘁 𝗦+𝟮 𝗺𝗲𝘂𝗯𝗹é 𝑯𝒂𝒖𝒕 𝑺𝒕𝒂𝒏𝒅𝒊𝒏𝒈 - 𝗥𝘁𝗲. 𝗧𝘂𝗻𝗶𝘀 𝗸𝗺 𝟯🔵🔴

Un standing moderne, des meubles et des équipements de haute qualité, des options de confort et un emplacement idéal. Découvrez cette opportunité exceptionnelle de logement meublé à Sfax ville, à route de Tunis km 3 dans un emplacement très proche de la route ceinture et à proximité de toutes les commodités.

🔹 𝗖𝗼𝗺𝗽𝗼𝘀𝗶𝘁𝗶𝗼𝗻 :
-Un salon
-2 chambres à coucher, l'une avec un balcon
-Une cuisine avec séchoir
-Une salle de bain

🔹𝗔𝘁𝗼𝘂𝘁𝘀 𝗱𝗲 𝗹𝗮 𝗽𝗿𝗼𝗽𝗿𝗶é𝘁é :
-Gaz de ville
-Chauffage central
-2 climatiseurs
-Dressings partout
-Internet et IPTV

• 𝗣𝗿𝗶𝘅 𝗱𝗲𝗺𝗮𝗻𝗱é : 𝟭𝟯𝟴𝟬 𝗗𝗧 / 𝗺𝗼𝗶𝘀 (y compris les frais du syndic)

📞 Contactez-nous pour planifier une visite gratuite : 55 223 444 / 50 677 052
🌐 Notre site web : www.nova-immo.tn
📍 Adresse de notre agence : Av. Ali Balhouane Imm. Borji 1er étage, Beb Bhar Sfax.",2026-09-14T17:41:34.000Z,,,immobiliere.Nova.sfax,3,,,,facebook,"Error code: 400 - {'error': {'message': ""Failed to validate JSON. Please adjust your prompt. See 'failed_generation' for more details."", 'type': 'invalid_request_error', 'code': 'json_validate_failed', 'failed_generation': ''}}"
https://www.facebook.com/reel/1396220938733021/,"Location d'un rez-de-chaussée de villa S+3 avec jardin à Taniour, Sfax, idéal pour usage professionnel","🏡 À LOUER – Rez-de-chaussée de villa S+3 avec jardin – Taniour, Sfax

L’agence Tecnocasa Sfax Nasseria vous propose à la location un rez-de-chaussée de villa S+3 avec jardin, idéal pour un usage professionnel, offrant un cadre agréable et fonctionnel pour l’installation de votre activité.

✨ Les points forts du bien :

* 📍 Emplacement : Taniour – Sfax
* 🏠 S+3
* 🏡 Rez-de-chaussée indépendant
* 🌿 Jardin
* 💼 Idéal pour usage professionnel
* 🚗 Accès pratique
* ✨ Espaces modulables et fonctionnels

Un bien qui offre visibilité, confort et praticité, adapté à différents types d’activités professionnelles.

📞 Pour plus d’informations ou pour organiser une visite, contactez-nous dès maintenant.

Tecnocasa Sfax Nasseria – Votre partenaire immobilier de confiance.",2026-09-19T12:00:39.000Z,français,promotion produit,Tecnocasa-Sfax-Nasseria,0,rez-de-chaussée de villa S+3 avec jardin,positif,Location villa rez-de-chaussée,facebook,
https://www.facebook.com/reel/1749704032749520/,,"🏡 À LOUER – H+2 en Rez-de-chaussée à Nasseria

L’agence Tecnocasa Sfax Nasseria vous propose à la location un agréable H+2 de 80 m², situé au rez-de-chaussée, idéal pour ceux qui recherchent confort, accessibilité et praticité.

✨ Les points forts du bien :

* 📍 Emplacement : Nasseria
* 🏠 H+2
* 📐 Superficie : 80 m²
* 🏢 Rez-de-chaussée, facilement accessible
* ☀️ Orientation Sud, offrant une belle luminosité naturelle
* ✨ Un espace fonctionnel et agréable à vivre

Un bien pratique et lumineux, idéal pour une petite famille ou un couple à la recherche d’un logement confortable et bien situé.

📞 Pour plus d’informations ou pour organiser une visite, contactez-nous dès maintenant.

Tecnocasa Sfax Nasseria – Votre partenaire immobilier de confiance.",2026-09-16T08:53:56.000Z,,,Tecnocasa-Sfax-Nasseria,1,,,,facebook,"Error code: 400 - {'error': {'message': ""Failed to generate JSON. Please adjust your prompt. See 'failed_generation' for more details."", 'type': 'invalid_request_error', 'code': 'json_validate_failed', 'failed_generation': 'max completion tokens reached before generating a valid document'}}"
https://www.facebook.com/reel/1124077576713174/,,"#Exclusivement_Tecnocasa

L’agence Tecnocasa Sfax Gremda met à la #vente un appartement S+3.

📍Route de Tunis km 2

✅Orientation SUD/EST

Pour profiter d’une visite GRATUITE veuillez nous contacter sur :
☎️ 26 666 358
☎️ 48 025 025
📱 Whatsapp +216 26 666 358
📧 Contact.sf1@tecnocasa.tn
#tecnocasa #TecnocasaTunisie #tecnocasasfax #sfax #villa #immobilier #vente",2026-09-21T15:23:52.000Z,,,TecnocasaSfaxGremda,55,,,,facebook,"Error code: 400 - {'error': {'message': ""Failed to generate JSON. Please adjust your prompt. See 'failed_generation' for more details."", 'type': 'invalid_request_error', 'code': 'json_validate_failed', 'failed_generation': 'max completion tokens reached before generating a valid document'}}"
https://www.facebook.com/reel/1762610264789829/,,"#Exclusivement_Tecnocasa

L’agence Tecnocasa Sfax Gremda met à la #vente un appartement S+3.

📍Route bouzayen km5,5.

✅Place de parking 
✅Orientation EST/SUD

Pour profiter d’une visite GRATUITE veuillez nous contacter sur :
☎️ 26 444 500
📱 Whatsapp +216 26 444 500
📧 Contact.sf1@tecnocasa.tn
#tecnocasa #TecnocasaTunisie #tecnocasasfax #sfax #villa #immobilier #vente",2026-09-14T13:36:42.000Z,,,TecnocasaSfaxGremda,18,,,,facebook,"Error code: 400 - {'error': {'message': ""Failed to validate JSON. Please adjust your prompt. See 'failed_generation' for more details."", 'type': 'invalid_request_error', 'code': 'json_validate_failed', 'failed_generation': ''}}"
https://www.facebook.com/TecnocasaSfaxGremda/posts/pfbid0MXuP9DWXp4dNmr6AsELPRqtUUU3S7HA8PUmKMNrE28y1NGqZVM6xz1jKsKtoAjYJl,,"#offre_de_location 

L’agence Tecnocasa Sfax Gremda met à la #Location un appartement S+2.

📍Route Gremda km5,5.

✅prix: 1200dt

Pour profiter d’une visite GRATUITE veuillez nous contacter sur :
☎️ 26 444 500
📱 Whatsapp +216 26 444 500
📧 Contact.sf1@tecnocasa.tn
#tecnocasa #TecnocasaTunisie #tecnocasasfax #sfax #appartement #immobilier",2026-09-11T09:20:41.000Z,,,TecnocasaSfaxGremda,30,,,,facebook,"Error code: 400 - {'error': {'message': ""Failed to validate JSON. Please adjust your prompt. See 'failed_generation' for more details."", 'type': 'invalid_request_error', 'code': 'json_validate_failed', 'failed_generation': ''}}"
https://www.facebook.com/reel/1772390700470081/,"Villa 190 m², 3 chambres, salon, cuisine équipée, garage, jardin, prix 360 MDT","💢𝐕𝐞𝐧𝐭𝐞 𝐜𝐨𝐪𝐮𝐞𝐭𝐭𝐞 𝐕𝐢𝐥𝐥𝐚 𝐒+𝟒💢 

🔴𝐑𝐨𝐮𝐭𝐞 𝐌𝐞𝐧𝐳𝐞𝐥 𝐜𝐡𝐚𝐤𝐞𝐫 𝐤𝐦𝟔, 𝐒𝐟𝐚𝐱 
🔹𝐁𝐚̂𝐭𝐢 :       𝟏𝟗𝟎 𝐌²
🔹𝐓𝐞𝐫𝐫𝐚𝐢𝐧 : 𝟑𝟗𝟎 𝐌²
#𝐆𝐄𝐌𝐌𝐀 #𝐈𝐌𝐌𝐎𝐁𝐈𝐋𝐈𝐄̀𝐑𝐄  
vous propose vente coquette villa plein pied dans un impasse route Menzel chaker km6 
composé :
✅ Salon et salle à manger 
✅ Séjour indépendant 
✅Salle d'eau WC douche de visiteurs
✅Cuisine  installé et équipe 

Partie nuit :

✅03 chambres à coucher 
✅Salle de bain avec douche et WC et baignoire

✅ Garage avec cuisine  et Abri de voiture  🚗 et jardin 

Prix de vente: 360 MDT 

ℹ️ 𝑷𝒐𝒖𝒓 𝒑𝒍𝒖𝒔 𝒅'𝒊𝒏𝒇𝒐𝒓𝒎𝒂𝒕𝒊𝒐𝒏𝒔 𝒗𝒆𝒖𝒊𝒍𝒍𝒆𝒛 𝒏𝒐𝒖𝒔 𝒄𝒐𝒏𝒕𝒂𝒄𝒕𝒆𝒓 :
 ☎️+21625.90.25.91 
Mr Nasser 
☎️+216.90677183 
Mme Molka 
☎️+216 21.777.877 WhatsApp 

Gemma immobilière💬
gemmaimmobiliere@outlook.fr📨📧
#وكالةعقارية #صفاقس #agenceimmobiliere #sfax",2026-09-17T22:56:35.000Z,français,promotion produit,IMMOGEMMA,177,Villa,positif,vente villa coquette,facebook,
https://www.facebook.com/IMMOGEMMA/posts/pfbid0eRhxdzvNVyYFBn5jSq3fuVNWg1g4gHYEBiz9w6KNZv8FYPAxVXJdKHmeprEvTREl,"Vente d'une villa 190 m² (terrain 390 m²) avec salon, 3 chambres, garage, jardin, prix 360 MDT","💢𝐕𝐞𝐧𝐭𝐞 𝐜𝐨𝐪𝐮𝐞𝐭𝐭𝐞 𝐕𝐢𝐥𝐥𝐚 𝐒+𝟒💢 

🔴𝐑𝐨𝐮𝐭𝐞 𝐌𝐞𝐧𝐳𝐞𝐥 𝐜𝐡𝐚𝐤𝐞𝐫 𝐤𝐦𝟔, 𝐒𝐟𝐚𝐱 
🔹𝐁𝐚̂𝐭𝐢 :       𝟏𝟗𝟎 𝐌²
🔹𝐓𝐞𝐫𝐫𝐚𝐢𝐧 : 𝟑𝟗𝟎 𝐌²
#𝐆𝐄𝐌𝐌𝐀 #𝐈𝐌𝐌𝐎𝐁𝐈𝐋𝐈𝐄̀𝐑𝐄  
vous propose vente coquette villa plein pied dans un impasse route Menzel chaker km6 
composé :
✅ Salon et salle à manger 
✅ Séjour indépendant 
✅Salle d'eau WC douche de visiteurs
✅Cuisine  installé et équipe 

Partie nuit :

✅03 chambres à coucher 
✅Salle de bain avec douche et WC et baignoire

✅ Garage avec cuisine  et Abri de voiture  🚗 et jardin 

Prix de vente: 360 MDT 

ℹ️ 𝑷𝒐𝒖𝒓 𝒑𝒍𝒖𝒔 𝒅'𝒊𝒏𝒇𝒐𝒓𝒎𝒂𝒕𝒊𝒐𝒏𝒔 𝒗𝒆𝒖𝒊𝒍𝒍𝒆𝒛 𝒏𝒐𝒖𝒔 𝒄𝒐𝒏𝒕𝒂𝒄𝒕𝒆𝒓 :
 ☎️+21625.90.25.91 
Mr Nasser 
☎️+216.90677183 
Mme Molka 
☎️+216 21.777.877 WhatsApp 

Gemma immobilière💬
gemmaimmobiliere@outlook.fr📨📧
#وكالةعقارية #صفاقس #agenceimmobiliere #sfax",2026-09-17T22:42:54.000Z,mixte,promotion produit,IMMOGEMMA,56,Villa coquette S+4,positif,vente villa coquette,facebook,
https://www.facebook.com/reel/1380616350460488/,,"✨𝐋𝐨𝐜𝐚𝐭𝐢𝐨𝐧 𝐒+𝟏 𝐌𝐞𝐮𝐛𝐥𝐞́ 𝐚𝐧𝐧𝐮𝐞𝐥𝐥𝐞 ✨
📍𝐑𝐨𝐮𝐭𝐞 𝐓𝐞𝐧𝐢𝐨𝐮𝐫 𝐤𝐦𝟐,𝟓 𝐒𝐟𝐚𝐱 
🟢𝐒𝐮𝐫𝐟𝐚𝐜𝐞 : 𝟗𝟎𝐌² 

      
#𝐆𝐄𝐌𝐌𝐀 #𝐈𝐌𝐌𝐎𝐁𝐈𝐋𝐈𝐄̀𝐑𝐄 
Appartement S+1 location Meublée annuelle Route Teniour km2,5  dans une résidence R+2 récemment construit haut standing au 2emme étage 
 
♦️Composé par : 

✅Salon avec Balcon 
✅ Kitchenette équipée 
✅ Salle d'eau WC avec douche 
✅chambre à coucher avec dressing  
✅ Place parking sous sol 

ℹ️ 𝑷𝒐𝒖𝒓 𝒑𝒍𝒖𝒔 𝒅'𝒊𝒏𝒇𝒐𝒓𝒎𝒂𝒕𝒊𝒐𝒏𝒔 𝒗𝒆𝒖𝒊𝒍𝒍𝒆𝒛 𝒏𝒐𝒖𝒔 𝒄𝒐𝒏𝒕𝒂𝒄𝒕𝒆𝒓 :

  ☎️+216 25.90.25.91
  ☎️+216 21.777.877
  ☎️+216.90.677.183
  

Gemma immobilière💬
gemmaimmobiliere@outlook.fr📨📧 #وكالةعقارية #صفاقس #agenceimmobiliere #sfax #agenceimmo",2026-09-16T00:24:48.000Z,,,IMMOGEMMA,19,,,,facebook,"Error code: 400 - {'error': {'message': ""Failed to generate JSON. Please adjust your prompt. See 'failed_generation' for more details."", 'type': 'invalid_request_error', 'code': 'json_validate_failed', 'failed_generation': 'max completion tokens reached before generating a valid document'}}"
https://www.facebook.com/immobiliere.Nova.sfax/posts/pfbid025Y45N8P8x5L7WeeNW6Za3bpXuathMuPJcjfpyPt1i5wVe63m3ZMjWfxWuyfBWAzMl,"Villa S+4 à vendre 210 000 DT, visite gratuite","🔴🔵 À 𝗩𝗲𝗻𝗱𝗿𝗲 :  𝗩𝗶𝗹𝗹𝗮 𝗦+𝟰 - 𝗥𝘁𝗲. Matar km 7🔵🔴

𝗢𝗣𝗣𝗢𝗥𝗧𝗨𝗡𝗜𝗧É À 𝗡𝗘 𝗣𝗔𝗦 𝗥𝗔𝗧𝗘𝗥 𝗔𝗩𝗘𝗖 𝗨𝗡 𝗣𝗥𝗜𝗫 𝗘𝗫𝗖𝗘𝗣𝗧𝗜𝗢𝗡𝗡𝗘𝗟 : 𝟮𝟭𝟬.𝟬𝟬𝟬
𝗗𝗧 𝗦𝗘𝗨𝗟𝗘𝗠𝗘𝗡𝗧

Notre agence vous propose à la vente une villa de type S+4 avec un bon standing, située à route Matar km 7 dans une zone de villas calme.

🔹 𝗖𝗼𝗺𝗽𝗼𝘀𝗶𝘁𝗶𝗼𝗻 :
-Un salon
-Un séjour
- 3 chambres à coucher
-Une salle de douche
-Une cuisine

• 𝗦𝘂𝗽𝗲𝗿𝗳𝗶𝗰𝗶𝗲 𝘁𝗲𝗿𝗿𝗮𝗶𝗻 : 𝟯𝟬𝟳𝗺²
• 𝗦𝘂𝗽𝗲𝗿𝗳𝗶𝗰𝗶𝗲 𝗰𝗼𝘂𝘃𝗲𝗿𝘁𝗲 : 𝟭𝟳𝟱𝗺²
• 𝗣𝗿𝗶𝘅 𝗱𝗲𝗺𝗮𝗻𝗱é : 𝟮𝟭𝟬 𝟬𝟬𝟬 𝗗𝗧

📞 Contactez-nous pour planifier une visite gratuite : 58 318 521 / 50 677 052
🌐 Notre site web : www.nova-immo.tn
📍 Adresse de notre agence : Av. Ali Balhouane Imm. Borji 1er étage, Beb Bhar Sfax.",2026-09-11T17:40:04.000Z,français,promotion produit,immobiliere.Nova.sfax,19,Villa S+4,positif,vente villa S+4 Sfax,facebook,
https://www.facebook.com/immobiliere.Nova.sfax/posts/pfbid02fUg7oREZjv2kFj1RArZV839GmCJ4esKqKHuhH3Z9izb4dtB5aoZrZkxBJKTbNwtel,,"🔴🔵 À 𝗩𝗲𝗻𝗱𝗿𝗲 :  𝗧𝗲𝗿𝗿𝗮𝗶𝗻 𝗰𝗼𝗻𝘀𝘁𝗿𝘂𝗰𝘁𝗶𝗯𝗹𝗲 𝟭𝟲𝟬𝟬𝗺² - 𝗥𝘁𝗲. 𝗠𝗵𝗮𝗿𝘇𝗮 𝗸𝗺 𝟰 🔵🔴

Nova Immo vous propose à la vente un terrain constructible, idéalement situé à Route Mharza km 4, dans une agréable zone de villas.

🔹 Caractéristiques :
• 𝗦𝘂𝗽𝗲𝗿𝗳𝗶𝗰𝗶𝗲 : 𝟭𝟲𝟬𝟬𝗺²
• 𝗣𝗿𝗶𝘅 𝗱𝗲𝗺𝗮𝗻𝗱é : 𝟮𝟱𝟬 𝗗𝗧 / 𝗺²

📞 Contactez-nous pour planifier une visite gratuite : 58 318 521 / 50 677 052
🌐 Notre site web : www.nova-immo.tn
📍 Adresse de notre agence : Av. Ali Balhouane Imm. Borji 1er étage, Beb Bhar Sfax.",2026-09-09T19:00:09.000Z,,,immobiliere.Nova.sfax,2,,,,facebook,"Error code: 400 - {'error': {'message': ""Failed to validate JSON. Please adjust your prompt. See 'failed_generation' for more details."", 'type': 'invalid_request_error', 'code': 'json_validate_failed', 'failed_generation': ''}}"
https://www.facebook.com/TecnocasaSfaxGremda/posts/pfbid02RiZrq5zVNtWWz4JGp7HKBb4Jb8nx59f78x9NBNVRMRbKMZ8evWhkbPGLx5CdpLTal,visite gratuite de la villa,"#Opportunité_d’achat

L’agence Tecnocasa Sfax Gremda met à la #vente une villa S+5 Haut standing.

📍Route Taniour km5,5.

✅Année de construction 2025
✅Piscine 
✅Garage 

Pour profiter d’une visite GRATUITE veuillez nous contacter sur :
☎️ 26 444 500
📱 Whatsapp +216 26 444 500
📧 Contact.sf1@tecnocasa.tn
#tecnocasa #TecnocasaTunisie #tecnocasasfax #sfax #villa #immobilier #vente",2026-09-07T15:55:01.000Z,français,promotion produit,TecnocasaSfaxGremda,59,villa S+5 Haut standing,positif,vente villa haut standing,facebook,
https://www.facebook.com/reel/877143838663392/,visite gratuite de la villa,"#En_exclusivité 

L’agence Tecnocasa Sfax Gremda met à la #vente une villa S+4.

📍Route entre gremda et bouzayen km5,5.

✅Plain pied 
✅quartier calme

Pour profiter d’une visite GRATUITE veuillez nous contacter sur :
☎️ 26 444 500
📱 Whatsapp +216 26 444 500
📧 Contact.sf1@tecnocasa.tn
#tecnocasa #TecnocasaTunisie #tecnocasasfax #sfax #villa #immobilier #vente",2026-09-04T14:25:06.000Z,français,promotion produit,TecnocasaSfaxGremda,193,villa S+4,positif,vente villa S+4 Sfax,facebook,
https://www.facebook.com/IMMOGEMMA/posts/pfbid02Rp2ZyDjDo9HD7gosy7VbDPRBmf99yFsLfVKoATyxfqkzd7Jr4x1hcDKerc6LzqNLl,,"✨𝐋𝐨𝐜𝐚𝐭𝐢𝐨𝐧 𝐒+𝟏 𝐌𝐞𝐮𝐛𝐥𝐞́ 𝐚𝐧𝐧𝐮𝐞𝐥𝐥𝐞 ✨
📍𝐑𝐨𝐮𝐭𝐞 𝐓𝐞𝐧𝐢𝐨𝐮𝐫 𝐤𝐦𝟐,𝟓 𝐒𝐟𝐚𝐱 
🟢𝐒𝐮𝐫𝐟𝐚𝐜𝐞 : 𝟗𝟎𝐌² 

      
#𝐆𝐄𝐌𝐌𝐀 #𝐈𝐌𝐌𝐎𝐁𝐈𝐋𝐈𝐄̀𝐑𝐄 
Appartement S+1 location Meublée annuelle Route Teniour km2,5  dans une résidence R+2 récemment construit haut standing au 2emme étage 
 
♦️Composé par : 

✅Salon avec Balcon 
✅ Kitchenette équipée 
✅ Salle d'eau WC avec douche 
✅chambre à coucher avec dressing  
✅ Place parking sous sol 

ℹ️ 𝑷𝒐𝒖𝒓 𝒑𝒍𝒖𝒔 𝒅'𝒊𝒏𝒇𝒐𝒓𝒎𝒂𝒕𝒊𝒐𝒏𝒔 𝒗𝒆𝒖𝒊𝒍𝒍𝒆𝒛 𝒏𝒐𝒖𝒔 𝒄𝒐𝒏𝒕𝒂𝒄𝒕𝒆𝒓 :

  ☎️+216 25.90.25.91
  ☎️+216 21.777.877
  ☎️+216.90.677.183
  

Gemma immobilière💬
gemmaimmobiliere@outlook.fr📨📧 #وكالةعقارية #صفاقس #agenceimmobiliere #sfax #agenceimmo",2026-09-16T00:20:44.000Z,mixte,information pratique,IMMOGEMMA,13,Appartement S+1 meublé,positif,Location appartement meublé S+1,facebook,
https://www.facebook.com/reel/1077432538603298/,,"⚠️𝐎𝐟𝐟𝐫𝐞 𝐃𝐞 𝐋𝐨𝐜𝐚𝐭𝐢𝐨𝐧:  𝐒+𝟑 

📌𝐑𝐨𝐮𝐭𝐞 𝐌𝐚𝐡𝐝𝐢𝐚 𝐤𝐦𝟎,𝟓📌

#𝐆𝐄𝐌𝐌𝐀 #𝐈𝐌𝐌𝐎𝐁𝐈𝐋𝐈𝐄̀𝐑𝐄 

S+3 location au 8 ème étage double ascenseur 
 
♦️Composé par :

🔵Partie Jour :

✅Salon vu dégagé 

✅ Cuisine  installer équipée  plaque et Hotte et four machine a vaiselle 

🔵Partie nuit 🌃 : 

✅ 02 chambres à coucher avec dressing 
✅Salle de bain baignoire 
✅ suite parentale avec dressing et salle d'eau WC 
 
⚠️ Place parking sous sol 

🤞🏻Tous les pièces avec climatisation split 

ℹ️ 𝑷𝒐𝒖𝒓 𝒑𝒍𝒖𝒔 𝒅'𝒊𝒏𝒇𝒐𝒓𝒎𝒂𝒕𝒊𝒐𝒏𝒔 𝒗𝒆𝒖𝒊𝒍𝒍𝒆𝒛 𝒏𝒐𝒖𝒔 𝒄𝒐𝒏𝒕𝒂𝒄𝒕𝒆𝒓 :

  ☎️+216.90.677.183
Mme Molka Kammoun 

  

Gemma immobilière💬
gemmaimmobiliere@outlook.fr📨📧 #وكالةعقارية #صفاقس #agenceimmobiliere #sfax #agenceimmo",2026-09-06T19:55:17.000Z,,,IMMOGEMMA,12,,,,facebook,"Error code: 400 - {'error': {'message': ""Failed to validate JSON. Please adjust your prompt. See 'failed_generation' for more details."", 'type': 'invalid_request_error', 'code': 'json_validate_failed', 'failed_generation': ''}}"
https://www.facebook.com/reel/1087427220556353/,"Location appartement H+2 avec deux suites parentales, garage privé, visite gratuite","À louer  L’agence Tecnocasa Sfax Nasseria vous propose à la location un appartement H+2

✅ Deux suites parentales 
✅ Garage privé 

📞 Contactez-nous dès aujourd’hui pour réserver votre visite gratuite :

☎️ 24858524
📱 WhatsApp : 26 767 626
📧 Contact.sf2@tecnocasa.tn

#tecnocasa #TecnocasaTunisie #tecnocasasfax #sfax #appartement #immobilier",2026-08-24T13:20:47.000Z,français,promotion produit,Tecnocasa-Sfax-Nasseria,4,appartement H+2,positif,Location appartement H+2 Sfax,facebook,
https://www.facebook.com/reel/2519855571852547/,,"🏡 Tecnocasa Sfax Nasseria vous propose un appartement de type S+3  

✅ deux points d’eau 
✅ place de parking 

📍 Route Mharza km 0,5

📞 Pour plus d’informations ou pour organiser une visite, contactez Tecnocasa Sfax Nasseria.

☎️ 24 858 524
📱 WhatsApp : 26 767 626
📧 Contact.sf2@tecnocasa.tn

#tecnocasa #TecnocasaTunisie #tecnocasasfax #sfax #appartement immobilier",2026-08-18T14:15:12.000Z,,,Tecnocasa-Sfax-Nasseria,283,,,,facebook,"Error code: 400 - {'error': {'message': ""Failed to validate JSON. Please adjust your prompt. See 'failed_generation' for more details."", 'type': 'invalid_request_error', 'code': 'json_validate_failed', 'failed_generation': ''}}"
https://www.facebook.com/permalink.php?story_fbid=pfbid028JhfUFbcadq8pD7ZSd4m8MP4CqhparQgbn1SpQjJVgyAEPPfWcy1qSa1PQoxoiJLl&id=100064084422270,,"À vendre 02 villa carcasse 🏡 🇹🇳

⚠️ Route route Ain  km8

⭕️ 𝑺𝒖𝒓𝒇𝒂𝒄𝒆 𝑻𝒆𝒓𝒓𝒂𝒊𝒏  500 m² 𝑪𝒐𝒖𝒗𝒆𝒓𝒕 350 m²

𝑷𝒐𝒖𝒓 𝒑𝒍𝒖𝒔 𝒅'𝒊𝒏𝒇𝒐𝒓𝒎𝒂𝒕𝒊𝒐𝒏𝒔 𝒗𝒆𝒖𝒊𝒍𝒍𝒆𝒛 𝒄𝒐𝒏𝒕𝒂𝒄𝒕𝒆𝒓 : 
Mr Sami Zouari 
📞Téléphone 23 745 928  ☎️
Aussi par 📲 𝗪𝗵𝗮𝘁𝘀𝗔𝗽𝗽, 📲 𝗩𝗶𝗯𝗲𝗿.",2026-09-20T08:30:25.000Z,français,promotion produit,Sfax-n%C3%A9goce,2,villa carcasse,neutre,Vente villas Ain km8,facebook,
https://www.facebook.com/permalink.php?story_fbid=pfbid0fxxjR8cMczSyHHrHcRAhYDBH3eENTpU2GQN595kCZHkVvk2acv29GKSZAuvsyogKl&id=100064084422270,"Location d'une villa haut standing avec terrain de 2400 m², 650 m² couvert, salon, séjour, suites, chambres, cuisines équipées, chauffage central, photovoltaïque, garage, contact Mr Sami Zouari","A louer villa haut standing 🏡 🇹🇳

⚠️ Route route ain km11 

⭕️ 𝑺𝒖𝒓𝒇𝒂𝒄𝒆 𝑻𝒆𝒓𝒓𝒂𝒊𝒏  2400 m² 𝑪𝒐𝒖𝒗𝒆𝒓𝒕 650 m²

✅ Salon 
✅ Séjour
✅ Salle à manger
✅ 01 Suites parentale 
✅ 04 Chambres à coucher
✅ Cuisine bien équipé
✅ boiserie freine
✅ Cuisine  extérieure bien équipé 
✅️ Chauffage centrale
✅️ majel
✅️ photovoltaïque 
✅️ Garage 
𝑷𝒐𝒖𝒓 𝒑𝒍𝒖𝒔 𝒅'𝒊𝒏𝒇𝒐𝒓𝒎𝒂𝒕𝒊𝒐𝒏𝒔 𝒗𝒆𝒖𝒊𝒍𝒍𝒆𝒛 𝒄𝒐𝒏𝒕𝒂𝒄𝒕𝒆𝒓 : 
Mr Sami Zouari 
📞Téléphone 23 745 928  ☎️
Aussi par 📲 𝗪𝗵𝗮𝘁𝘀𝗔𝗽𝗽, 📲 𝗩𝗶𝗯𝗲𝗿.
#toutlemonde  #immobilier #sfax #achat #vente #terrain #villa #appartemen",2026-09-20T08:20:46.000Z,français,promotion produit,Sfax-n%C3%A9goce,24,villa,positif,Villa haut standing à louer,facebook,
https://www.facebook.com/permalink.php?story_fbid=pfbid034PsUUrUT62G4BCDgYxGKm5x2UiBQgeswmrKxmbGfrH63WENHLeyjpSoVfXcaVQNel&id=100064084422270,"Villa à louer, prix intéressant, surface terrain 400 m², couvert 500 m², salon, séjour, salle à manger, suites, 4 chambres, cuisine équipée, chauffage central, garage; contact Mr Sami Zouari","A louer villa haut standing 🏡 🇹🇳

⚠️ Route bouzayane km7

⛔️ prix intéressant 

⭕️ 𝑺𝒖𝒓𝒇𝒂𝒄𝒆 𝑻𝒆𝒓𝒓𝒂𝒊𝒏  400 m² 𝑪𝒐𝒖𝒗𝒆𝒓𝒕 500 m²

✅ Salon 
✅ Séjour
✅ Salle à manger
✅ 01 Suites parentale 
✅ 04 Chambres à coucher
✅ Cuisine bien équipé
✅ boiserie freine
✅ Cuisine  extérieure bien équipé 
✅️ Chauffage centrale
✅️ majel
✅️ Garage 
𝑷𝒐𝒖𝒓 𝒑𝒍𝒖𝒔 𝒅'𝒊𝒏𝒇𝒐𝒓𝒎𝒂𝒕𝒊𝒐𝒏𝒔 𝒗𝒆𝒖𝒊𝒍𝒍𝒆𝒛 𝒄𝒐𝒏𝒕𝒂𝒄𝒕𝒆𝒓 : 
Mr Sami Zouari 
📞Téléphone 23 745 928  ☎️
Aussi par 📲 𝗪𝗵𝗮𝘁𝘀𝗔𝗽𝗽, 📲 𝗩𝗶𝗯𝗲𝗿.
#toutlemonde  #immobilier #sfax #achat #vente #terrain #villa #appartement",2026-09-10T09:03:35.000Z,français,promotion produit,Sfax-n%C3%A9goce,25,villa haut standing,positif,Location villa haut standing,facebook,
https://www.facebook.com/permalink.php?story_fbid=pfbid02J5W4ns2pynU2N48sZWHAukT1YTcsduA6WF8td419zXTPDnEvwSkTooSaf5Rrq8v8l&id=100064084422270,,"À vendre appartement haut standing s+5 🏡 🇹🇳

⚠️ Route tbolbi

⭕️ 𝑺𝒖𝒓𝒇𝒂𝒄𝒆 232m²

🏛 très haut standing 

✅ Salon 
✅️ suite parentale 
✅ 04 Chambres à couchée 
✅ Cuisine bien équipé 
✅ boiserie freine
✅️ Chauffage centrale 
✅️ 03 places parking sous sol 
✅️ cellier 
✅️ photovoltaïque 
𝑷𝒐𝒖𝒓 𝒑𝒍𝒖𝒔 𝒅'𝒊𝒏𝒇𝒐𝒓𝒎𝒂𝒕𝒊𝒐𝒏𝒔 𝒗𝒆𝒖𝒊𝒍𝒍𝒆𝒛 𝒄𝒐𝒏𝒕𝒂𝒄𝒕𝒆𝒓 : 
Mr Sami Zouari 
📞Téléphone 23 745 928  ☎️
Aussi par 📲 𝗪𝗵𝗮𝘁𝘀𝗔𝗽𝗽, 📲 𝗩𝗶𝗯𝗲𝗿.
#toutlemonde  #immobilier #sfax #achat #vente #terrain #villa #appartement",2026-09-08T23:13:59.000Z,,,Sfax-n%C3%A9goce,26,,,,facebook,"Error code: 400 - {'error': {'message': ""Failed to validate JSON. Please adjust your prompt. See 'failed_generation' for more details."", 'type': 'invalid_request_error', 'code': 'json_validate_failed', 'failed_generation': ''}}"
