additionalInfo/Accessibilité/0/Entrée accessible en fauteuil roulant,additionalInfo/Accessibilité/0/Places assises accessibles en fauteuil roulant,additionalInfo/Accessibilité/0/Toilettes accessibles en fauteuil roulant,additionalInfo/Accessibilité/1/Entrée accessible en fauteuil roulant,additionalInfo/Accessibilité/1/Places assises accessibles en fauteuil roulant,additionalInfo/Accessibilité/1/Toilettes accessibles en fauteuil roulant,additionalInfo/Accessibilité/2/Entrée accessible en fauteuil roulant,additionalInfo/Accessibilité/2/Places assises accessibles en fauteuil roulant,additionalInfo/Accessibilité/2/Toilettes accessibles en fauteuil roulant,additionalInfo/Fournis par l'établissement/0/S'identifie comme géré par une femme,additionalInfo/Parking/0/Parking couvert gratuit,additionalInfo/Parking/0/Parking gratuit,additionalInfo/Parking/0/Parking gratuit dans la rue,additionalInfo/Parking/1/Parking couvert gratuit,additionalInfo/Parking/1/Parking gratuit,additionalInfo/Parking/1/Parking gratuit dans la rue,additionalInfo/Parking/2/Parking couvert gratuit,additionalInfo/Parking/2/Parking gratuit,additionalInfo/Parking/2/Parking gratuit dans la rue,additionalInfo/Planning/0/Rendez-vous obligatoire,additionalInfo/Services/0/Toilettes non genrées,additionalInfo/Services/0/Wi-Fi,additionalInfo/Services/0/Wi-Fi gratuit,additionalInfo/Services/1/Toilettes non genrées,additionalInfo/Services/1/Wi-Fi,additionalInfo/Services/1/Wi-Fi gratuit,additionalInfo/Services disponibles/0/Achats en magasin,additionalInfo/Services disponibles/0/Rendez-vous en ligne,additionalInfo/Services disponibles/0/Retrait en magasin,additionalInfo/Services disponibles/0/Services sur place,additionalInfo/Services disponibles/1/Achats en magasin,additionalInfo/Services disponibles/1/Rendez-vous en ligne,additionalInfo/Services disponibles/1/Retrait en magasin,additionalInfo/Services disponibles/1/Services sur place,additionalInfo/Services disponibles/2/Achats en magasin,additionalInfo/Services disponibles/2/Rendez-vous en ligne,additionalInfo/Services disponibles/2/Retrait en magasin,additionalInfo/Services disponibles/2/Services sur place,address,categories/0,categories/1,categories/2,categories/3,categoryName,checkInDate,checkOutDate,cid,city,claimThisBusiness,countryCode,description,fid,floor,googleFoodUrl,hotelDescription,hotelStars,imageUrl,imagesCount,isAdvertisement,kgmid,language,locatedIn,location/lat,location/lng,menu,neighborhood,openingHours/0/day,openingHours/0/hours,openingHours/1/day,openingHours/1/hours,openingHours/2/day,openingHours/2/hours,openingHours/3/day,openingHours/3/hours,openingHours/4/day,openingHours/4/hours,openingHours/5/day,openingHours/5/hours,openingHours/6/day,openingHours/6/hours,permanentlyClosed,phone,phoneUnformatted,placeId,plusCode,popularTimesLivePercent,popularTimesLiveText,postalCode,price,rank,reserveTableUrl,reviewsCount,reviewsDistribution/fiveStar,reviewsDistribution/fourStar,reviewsDistribution/oneStar,reviewsDistribution/threeStar,reviewsDistribution/twoStar,scrapedAt,searchPageUrl,searchString,servicesLink,state,street,subTitle,temporarilyClosed,title,totalScore,url,website
,,,,,,,,,,,,,,,,,,,,,,,,,,,,,,,,,,,,,,"4eme étage, Immeuble Elite Square, Derrière clinique el yossr internationale, IBN EL Jazzar St, Sousse 4000, Tunisie",Agence de marketing,,,,Agence de marketing,,,14421008038056349994,Sousse,TRUE,TN,,0x130275d3018bb635:0xc821b667a366d12a,,,,,https://streetviewpixels-pa.googleapis.com/v1/thumbnail?panoid=Z3oRdWYX6Q2nlMy6YIkLEA&cb_client=search.gws-prod.gps&w=408&h=240&yaw=259.53506&pitch=0&thumbfov=100,1,FALSE,/g/11wj9bfp3_,fr,,35.8274408,10.6319353,,,lundi,08:00 to 17:00,mardi,08:00 to 17:00,mercredi,08:00 to 17:00,jeudi,08:00 to 17:00,vendredi,08:00 to 17:00,samedi,08:00 to 13:30,dimanche,Fermé,FALSE,+216 23 110 620,21623110620,ChIJNbaLAdN1AhMRKtFmo2e2Icg,,,,4000,,1,,2,,,,,,2026-07-06T15:27:47.428Z,"https://www.google.com/maps/search/M%C3%A9dias/@35.8003831547603,10.645819694887042,17z?hl=fr",Médias,,,"4eme étage, Immeuble Elite Square, Derrière clinique el yossr internationale, IBN EL Jazzar St",,FALSE,Media Story,5,https://www.google.com/maps/search/?api=1&query=Media%20Story&query_place_id=ChIJNbaLAdN1AhMRKtFmo2e2Icg,https://mediastorykw.com/
,,,,,,,,,,,,,,,,,,,,,,,,,,,,,,,,,,,,,,"IMB Nouicer APT 52 Etage 5 Sousse, Tunisie",Agence de publicité,,,,Agence de publicité,,,12004082349798980980,Sousse,TRUE,TN,,0x13027574e34f94ad:0xa697114bfa4dfd74,,,,,https://streetviewpixels-pa.googleapis.com/v1/thumbnail?panoid=dvF7AhwjMJk6yp0pYC90wQ&cb_client=search.gws-prod.gps&w=408&h=240&yaw=277.0846&pitch=0&thumbfov=100,2,FALSE,/g/11bzt7774f,fr,,35.8305799,10.6401305,,,,,,,,,,,,,,,,,FALSE,,,ChIJrZRP43R1AhMRdP1N-ksRl6Y,,,,,,2,,1,,,,,,2026-07-06T15:27:47.429Z,"https://www.google.com/maps/search/M%C3%A9dias/@35.8003831547603,10.645819694887042,17z?hl=fr",Médias,,,IMB Nouicer APT 52 Etage 5 Sousse,,FALSE,Tunisiads,5,https://www.google.com/maps/search/?api=1&query=Tunisiads&query_place_id=ChIJrZRP43R1AhMRdP1N-ksRl6Y,
,,,,,,,,,,,,,,,,,,,,,,,,,,,,,,,,,,,,,,"Av. Etawfeek, Sousse 4023, Tunisie",Régie publicitaire,,,,Régie publicitaire,,,7653966232775570449,Sousse,FALSE,TN,,0x12fd8b06b41a8c77:0x6a3859bc7b6c3411,,,,,https://lh3.googleusercontent.com/gps-cs-s/APNQkAFSIvz51RQEoGn9v-iUdBTaK2M-15o5mTkru3etZCA8k2FWxSMWhsXUX3ZODi6Gu3k8V4XmeZMVCWIhtp8gzgQydr7SwuykwCD3Nh_WUMMk1ZY7iUl9qe6-ZQr1nhy8BW9ZeNShwZJVUwQ-=w408-h544-k-no,5,FALSE,/g/11mlvxlgj1,fr,,35.8025344,10.6054142,,,lundi,08:00 to 21:30,mardi,08:00 to 21:30,mercredi,08:00 to 21:30,jeudi,08:00 to 21:30,vendredi,08:00 to 21:30,samedi,08:00 to 20:00,dimanche,08:00 to 09:30,FALSE,+216 93 338 779,21693338779,ChIJd4watAaL_RIRETRse7xZOGo,,,,4023,,3,,,,,,,,2026-07-06T15:27:47.429Z,"https://www.google.com/maps/search/M%C3%A9dias/@35.8003831547603,10.645819694887042,17z?hl=fr",Médias,,,Av. Etawfeek,,FALSE,Media House,,https://www.google.com/maps/search/?api=1&query=Media%20House&query_place_id=ChIJd4watAaL_RIRETRse7xZOGo,
,,,,,,,,,,,,,,,,,,,,,,,,,,,,,,,,,,,,,,"24, immeuble Chaker Zinelabidine, Yasser Arafat Ave, Sousse 4054, Tunisie",Graphiste,Magasin de vêtements,,,Graphiste,,,17749854646060822167,Sousse,TRUE,TN,,0x12fd8af56b5be42b:0xf65426c20145ae97,,,,,https://streetviewpixels-pa.googleapis.com/v1/thumbnail?panoid=6CP8wMtY4liEHxDkGn4bKw&cb_client=search.gws-prod.gps&w=408&h=240&yaw=307.2507&pitch=0&thumbfov=100,1,FALSE,/g/1tf8w5_k,fr,,35.836253,10.595401,,Sahloul,lundi,09:00 to 18:00,mardi,09:00 to 18:00,mercredi,09:00 to 18:00,jeudi,09:00 to 18:00,vendredi,09:00 to 18:00,samedi,09:00 to 18:00,dimanche,09:00 to 18:00,FALSE,+216 22 630 944,21622630944,ChIJK-Rba_WK_RIRl65FAcImVPY,,,,4054,,4,,1,,,,,,2026-07-06T15:27:47.429Z,"https://www.google.com/maps/search/M%C3%A9dias/@35.8003831547603,10.645819694887042,17z?hl=fr",Médias,,,"24, immeuble Chaker Zinelabidine, Yasser Arafat Ave",,FALSE,LBA-Médias,5,https://www.google.com/maps/search/?api=1&query=LBA-M%C3%A9dias&query_place_id=ChIJK-Rba_WK_RIRl65FAcImVPY,
,,,,,,,,,,,,,,,,,,,,,,,,,,,,,,,,,,,,,,"Kraiem Centre, Rue Tarek Ibn Ziad, Sousse 4000, Tunisie",Média,,,,Média,,,16745856015558289972,Sousse,FALSE,TN,,0x130275db5f3e16af:0xe8653b52a330aa34,,,,,,0,FALSE,/g/11lkbbnzy5,fr,,35.832169,10.632387,,,lundi,09:00 to 17:00,mardi,09:00 to 17:00,mercredi,09:00 to 17:00,jeudi,09:00 to 17:00,vendredi,09:00 to 17:00,samedi,Fermé,dimanche,Fermé,FALSE,+216 73 209 733,21673209733,ChIJrxY-X9t1AhMRNKowo1I7Zeg,,,,4000,,5,,1,,,,,,2026-07-06T15:27:47.430Z,"https://www.google.com/maps/search/M%C3%A9dias/@35.8003831547603,10.645819694887042,17z?hl=fr",Médias,,,"Kraiem Centre, Rue Tarek Ibn Ziad",,FALSE,Wild Vision Production,5,https://www.google.com/maps/search/?api=1&query=Wild%20Vision%20Production&query_place_id=ChIJrxY-X9t1AhMRNKowo1I7Zeg,
TRUE,,,,,,,,,,,,,,,,,,,,,,,,,,,,,,,,,,,,,,"Rue d'Italie، Immeuble Bochra، 1er étage, B16, Sousse 4000, Tunisie",Agence de marketing,,,,Agence de marketing,,,5547150623049654624,Sousse,FALSE,TN,,0x13027575af17f297:0x4cfb701a02762160,,,,,https://lh3.googleusercontent.com/gps-cs-s/APNQkAFzKhL3MvOftMM1NZuC4gwvSrSVti6M-t6upoIoSbSUYHuk_cOlqhX3415T2l1wMIWbuxh8_ymNwILPHdKvXK-nZi5pYRx4ros8p93SERS16nt4BhKPOS3wzXFHe0CPzNDoPDip=w408-h306-k-no,66,FALSE,/g/11f2smw2j2,fr,,35.8314048,10.6388714,,,lundi,08:30 to 17:30,mardi,08:30 to 17:30,mercredi,08:30 to 17:30,jeudi,08:30 to 17:30,vendredi,08:30 to 17:30,samedi,Fermé,dimanche,Fermé,FALSE,+216 31 171 917,21631171917,ChIJl_IXr3V1AhMRYCF2Ahpw-0w,,,,4000,,6,,1,,,,,,2026-07-06T15:27:47.430Z,"https://www.google.com/maps/search/M%C3%A9dias/@35.8003831547603,10.645819694887042,17z?hl=fr",Médias,,,"Rue d'Italie، Immeuble Bochra، 1er étage, B16",,FALSE,Tunisie SMS Ag. Sousse,3,https://www.google.com/maps/search/?api=1&query=Tunisie%20SMS%20Ag.%20Sousse&query_place_id=ChIJl_IXr3V1AhMRYCF2Ahpw-0w,https://www.tunisiesms.tn/
,,,,,,,,,,,,,,,,,,,,,,,,,,,,,,,,,,,,,,"avenu ibn khaldoun n5, Sousse 4061, Tunisie",Agence de publicité,,,,Agence de publicité,,,12668000899284519297,Sousse,TRUE,TN,,0x1302756c02e65b5d:0xafcdc7b3302ec981,,,,,https://streetviewpixels-pa.googleapis.com/v1/thumbnail?panoid=0e8hwsaZnIjPGqNm09on9w&cb_client=search.gws-prod.gps&w=408&h=240&yaw=28.25566&pitch=0&thumbfov=100,1,FALSE,/g/1q5bml1t7,fr,,35.8183142,10.6367714,,,,,,,,,,,,,,,,,FALSE,+216 98 419 619,21698419619,ChIJXVvmAmx1AhMRgckuMLPHza8,,,,4061,,7,,1,,,,,,2026-07-06T15:27:47.430Z,"https://www.google.com/maps/search/M%C3%A9dias/@35.8003831547603,10.645819694887042,17z?hl=fr",Médias,,,avenu ibn khaldoun n5,,FALSE,world design sousse,4,https://www.google.com/maps/search/?api=1&query=world%20design%20sousse&query_place_id=ChIJXVvmAmx1AhMRgckuMLPHza8,
,,,,,,,,,,,,,,,,,,,,,,,,,,,,,,,,,,,,,,"RJ4H+FJ9, Sousse, Tunisie",Producteur de musique,,,,Producteur de musique,,,7596221667475623312,Sousse,TRUE,TN,,0x130275b62a7cfd45:0x696b335c2d028d90,,,,,https://lh3.googleusercontent.com/gps-cs-s/APNQkAHUZYB6y1rl4kJ7uUuzXbzwzMXfSplueMn8NEjxlFeLvQ5Mb8At7aLr_Q1VHnSNhJli3NJhszjE8p5puNnr5qptznQSAh6ieET6hxoL4NcP8k4wCMNOjXwVta07X1jbu2iRSu1pDA=w408-h260-k-no,2,FALSE,/g/11trp7_2n6,fr,,35.806263,10.6256356,,,lundi,Ouvert 24h/24,mardi,Ouvert 24h/24,mercredi,Ouvert 24h/24,jeudi,Ouvert 24h/24,vendredi,Ouvert 24h/24,samedi,Ouvert 24h/24,dimanche,Ouvert 24h/24,FALSE,+216 51 766 326,21651766326,ChIJRf18KrZ1AhMRkI0CLVwza2k,,,,,,8,,2,,,,,,2026-07-06T15:27:47.430Z,"https://www.google.com/maps/search/M%C3%A9dias/@35.8003831547603,10.645819694887042,17z?hl=fr",Médias,,,RJ4H+FJ9,,FALSE,MVUprod.,5,https://www.google.com/maps/search/?api=1&query=MVUprod.&query_place_id=ChIJRf18KrZ1AhMRkI0CLVwza2k,https://www.facebook.com/profile.php?id=100006935148635&locale=fr_FR
,,,,,,,,,,,,,,,,,,,,,,,,,,,,,,,,,,,,,,"5, rue Ribat imm milien, Sousse 4000, Tunisie",Agence de publicité,,,,Agence de publicité,,,18077690436814715276,Sousse,TRUE,TN,,0x13027582ce14eead:0xfae0dbac2dd1398c,,,,,,0,FALSE,/g/11bxdf8488,fr,,35.836365,10.630492,,,lundi,08:00 to 18:00,mardi,08:00 to 18:00,mercredi,08:00 to 18:00,jeudi,08:00 to 18:00,vendredi,08:00 to 18:00,samedi,Fermé,dimanche,Fermé,FALSE,+216 73 229 209,21673229209,ChIJre4UzoJ1AhMRjDnRLazb4Po,,,,4000,,9,,,,,,,,2026-07-06T15:27:47.430Z,"https://www.google.com/maps/search/M%C3%A9dias/@35.8003831547603,10.645819694887042,17z?hl=fr",Médias,,,"5, rue Ribat imm milien",,FALSE,KreativeAds,,https://www.google.com/maps/search/?api=1&query=KreativeAds&query_place_id=ChIJre4UzoJ1AhMRjDnRLazb4Po,
,,,,,,,,,,,,,,,,,,,,,,,,,,,,,,,,,,,,,,"Rue Docteur Moreau, Imm Averroès, 4éme étage, Bureau 21, Sousse 4000, Tunisie",Agence de publicité,,,,Agence de publicité,,,3677202821878377749,Sousse,TRUE,TN,,0x13027579a121f795:0x33080c7bdd1fed15,,,,,https://streetviewpixels-pa.googleapis.com/v1/thumbnail?panoid=Qxrdcn6MksLXRKZvrO8dug&cb_client=search.gws-prod.gps&w=408&h=240&yaw=35.32873&pitch=0&thumbfov=100,1,FALSE,/g/11b724tqt9,fr,,35.8308308,10.6284458,,,lundi,09:00 to 18:00,mardi,09:00 to 18:00,mercredi,09:00 to 18:00,jeudi,09:00 to 18:00,vendredi,09:00 to 18:00,samedi,09:00 to 16:00,dimanche,09:00 to 16:00,FALSE,+216 73 228 628,21673228628,ChIJlfchoXl1AhMRFe0f3XsMCDM,,,,4000,,10,,2,,,,,,2026-07-06T15:27:47.430Z,"https://www.google.com/maps/search/M%C3%A9dias/@35.8003831547603,10.645819694887042,17z?hl=fr",Médias,,,"Rue Docteur Moreau, Imm Averroès, 4éme étage, Bureau 21",,FALSE,HelpSoft,5,https://www.google.com/maps/search/?api=1&query=HelpSoft&query_place_id=ChIJlfchoXl1AhMRFe0f3XsMCDM,
,,,,,,,,,,,,,,,,,,,,,,,,,,,,,,,,,,,,,,"Sousse 4000, Tunisie",Service de marketing Internet,,,,Service de marketing Internet,,,3536875670742242620,Sousse,FALSE,TN,,0x130275a2e3f82a99:0x311581aef150153c,,,,,https://streetviewpixels-pa.googleapis.com/v1/thumbnail?panoid=FsO9MMkdbfMrEcZyrL5oAQ&cb_client=search.gws-prod.gps&w=408&h=240&yaw=11.490964&pitch=0&thumbfov=100,2,FALSE,/g/11t5m53pj8,fr,,35.824566,10.6345625,,,lundi,09:00 to 17:00,mardi,09:00 to 17:00,mercredi,09:00 to 17:00,jeudi,09:00 to 17:00,vendredi,09:00 to 17:00,samedi,09:00 to 17:00,dimanche,09:00 to 17:00,FALSE,+216 21 806 937,21621806937,ChIJmSr446J1AhMRPBVQ8a6BFTE,,,,4000,,11,,,,,,,,2026-07-06T15:27:47.430Z,"https://www.google.com/maps/search/M%C3%A9dias/@35.8003831547603,10.645819694887042,17z?hl=fr",Médias,,,,,FALSE,SYO Digital marketing Agency,,https://www.google.com/maps/search/?api=1&query=SYO%20Digital%20marketing%20Agency&query_place_id=ChIJmSr446J1AhMRPBVQ8a6BFTE,http://lyksoomu.com/10FSB
,FALSE,,,,FALSE,,,,,,,,,,,,,,,,TRUE,,,,TRUE,,,TRUE,,TRUE,,,,,,,TRUE,"4011, GP1 262 Route de Tunis, Hammam Sousse, Tunisie",Magasin d'instruments de musique,Consultant en audiovisuel,Service de réparation d'équipements audiovisuels,,Magasin d'instruments de musique,,,8483510288807589687,Hammam Sousse,FALSE,TN,,0x12fd8a6b75a89359:0x75bb7ba8fcbf7737,,,,,https://lh3.googleusercontent.com/gps-cs-s/APNQkAEFh6i-MFu1vCGB6Xv4yExG0cT0VXMRsGAnhcPMluedrRJ-Did__kwOw_fotBVXG_aEXyGZ_gMR2EpSbrtOBf4scex_l-GC8Juuo5lfj669L2Q3Or4h7vbHoPYntuLeOUFNPcZt=w408-h252-k-no,3,FALSE,/g/1tgzkbfd,fr,,35.8560284,10.6014486,,,lundi,09:00 to 18:30,mardi,09:00 to 18:30,mercredi,09:00 to 18:30,jeudi,09:00 to 18:30,vendredi,09:00 to 18:30,samedi,09:00 to 17:00,dimanche,Fermé,FALSE,+216 58 870 125,21658870125,ChIJWZOodWuK_RIRN3e__Kh7u3U,,,,,,13,,8,,,,,,2026-07-06T15:27:47.431Z,"https://www.google.com/maps/search/M%C3%A9dias/@35.8003831547603,10.645819694887042,17z?hl=fr",Médias,,,"4011, GP1 262 Route de Tunis",,FALSE,Mediaservices,3.6,https://www.google.com/maps/search/?api=1&query=Mediaservices&query_place_id=ChIJWZOodWuK_RIRN3e__Kh7u3U,https://mediaservices.com.tn/
,,,,,,,,,,,,,,,,,,,,,,,,,,,,,,,,,,,,,,"QJWC+5QQ, P1, Zaouit-Ksibat - Thrayett, Tunisie",Agence de publicité,,,,Agence de publicité,,,2430158945500751326,Zaouit-Ksibat - Thrayett,TRUE,TN,,0x1302753bfa7aa141:0x21b9a8af764f65de,,,,,https://lh3.googleusercontent.com/gps-cs-s/APNQkAH5OOXLWI2fdKp1RT7raaDQq3rsGnFKSQeBT2hom12GYprVDjzRuBhnQjwfPcUbgs9_BdFXCqBzAaFI0PgJ1DYg0Ycl0x4DVz8oSEBhzTCiv46zssCouxPEJFgkOj2qnpipsjNdgA=w408-h308-k-no,1,FALSE,/g/11g__yg4gs,fr,,35.7954741,10.6219922,,,lundi,08:00 to 17:00,mardi,08:00 to 17:00,mercredi,08:00 to 17:00,jeudi,08:00 to 17:00,vendredi,08:00 to 17:00,samedi,08:00 to 14:00,dimanche,Fermé,FALSE,+216 73 812 432,21673812432,ChIJQaF6-jt1AhMR3mVPdq-ouSE,,,,,,14,,3,,,,,,2026-07-06T15:27:47.431Z,"https://www.google.com/maps/search/M%C3%A9dias/@35.8003831547603,10.645819694887042,17z?hl=fr",Médias,,,"QJWC+5QQ, P1",,FALSE,Art Pub Agence publicitaire,3.7,https://www.google.com/maps/search/?api=1&query=Art%20Pub%20Agence%20publicitaire&query_place_id=ChIJQaF6-jt1AhMR3mVPdq-ouSE,https://www.facebook.com/Art-Pub-897748313674875/
,,,,,,,,,,,,,,,,,,,,,,,,,,,,,,,,,,,,,,"RJJP+68F, Av. de la Republique, Sousse, Tunisie",Agence de publicité,,,,Agence de publicité,,,7447412167445700464,Sousse,TRUE,TN,,0x130275334a2f742b:0x675a85e88085df70,,,,,,0,FALSE,/g/11f6y3wd9q,fr,,35.8305532,10.6357894,,,lundi,08:00 to 17:00,mardi,08:00 to 17:00,mercredi,08:00 to 17:00,jeudi,08:00 to 17:00,vendredi,08:00 to 17:00,samedi,08:00 to 17:00,dimanche,Fermé,FALSE,,,ChIJK3QvSjN1AhMRcN-FgOiFWmc,,,,,,15,,,,,,,,2026-07-06T15:27:47.431Z,"https://www.google.com/maps/search/M%C3%A9dias/@35.8003831547603,10.645819694887042,17z?hl=fr",Médias,,,"RJJP+68F, Av. de la Republique",,FALSE,NWays,,https://www.google.com/maps/search/?api=1&query=NWays&query_place_id=ChIJK3QvSjN1AhMRcN-FgOiFWmc,
,,,,,,,,,,,,,,,,,,,,,,,,,,,,,,,,,,,,,,"RJ7P+7PC, Rue El Masjed El Aksa, Sousse, Tunisie",Agence photographique,,,,Agence photographique,,,16526672269234100672,Sousse,TRUE,TN,,0x1302757268075b89:0xe55a88dde6ff59c0,,,,,https://streetviewpixels-pa.googleapis.com/v1/thumbnail?panoid=g_sKVZhZfQy30ZoQ8MxalA&cb_client=search.gws-prod.gps&w=408&h=240&yaw=77.23839&pitch=0&thumbfov=100,1,FALSE,/g/11rb42tp9b,fr,,35.8131848,10.6367786,,,,,,,,,,,,,,,,,FALSE,,,ChIJiVsHaHJ1AhMRwFn_5t2IWuU,,,,,,16,,,,,,,,2026-07-06T15:27:47.431Z,"https://www.google.com/maps/search/M%C3%A9dias/@35.8003831547603,10.645819694887042,17z?hl=fr",Médias,,,"RJ7P+7PC, Rue El Masjed El Aksa",,FALSE,the digital photo Ashref الصورة الرقمية اشرف,,https://www.google.com/maps/search/?api=1&query=the%20digital%20photo%20Ashref%20%D8%A7%D9%84%D8%B5%D9%88%D8%B1%D8%A9%20%D8%A7%D9%84%D8%B1%D9%82%D9%85%D9%8A%D8%A9%20%D8%A7%D8%B4%D8%B1%D9%81&query_place_id=ChIJiVsHaHJ1AhMRwFn_5t2IWuU,
TRUE,,,,TRUE,,,,TRUE,,,,,,,,,,,,TRUE,,,,,,,,,,,,,,,,,,"4eme étage, immeuble zahra, Rue Ali belhouane, Sousse 4000, Tunisie",Studio cinématographique,,,,Studio cinématographique,,,9537061893514418602,Sousse,FALSE,TN,,0x130275038ea112fd:0x845a73433bd759aa,,,,,,0,FALSE,/g/11sx21qb97,fr,,35.8291411,10.6416043,,,lundi,08:00 to 22:00,mardi,08:00 to 22:00,mercredi,08:00 to 22:00,jeudi,08:00 to 22:00,vendredi,08:00 to 22:00,samedi,08:00 to 22:00,dimanche,08:00 to 22:00,FALSE,+216 54 881 111,21654881111,ChIJ_RKhjgN1AhMRqlnXO0NzWoQ,,,,4000,,17,,11,,,,,,2026-07-06T15:27:47.431Z,"https://www.google.com/maps/search/M%C3%A9dias/@35.8003831547603,10.645819694887042,17z?hl=fr",Médias,,,"4eme étage, immeuble zahra, Rue Ali belhouane",,FALSE,Raylack,5,https://www.google.com/maps/search/?api=1&query=Raylack&query_place_id=ChIJ_RKhjgN1AhMRqlnXO0NzWoQ,
,,,,,,,,,,,,,,,,,,,,,,,,,,,,,,,,,,,,,,"immeuble aoun 20 mars jawhra, Sousse 4000, Tunisie",Agence de branding,Graphiste,Agence de marketing,Service d'hébergement de site Web,Agence de branding,,,2817160090575862958,Sousse,FALSE,TN,,0x13027522e22c9cab:0x2718902d2a2e7cae,,,,,https://lh3.googleusercontent.com/gps-cs-s/APNQkAHAqiPuhNA6x_f8dvtXEAYmvrRdORqLDAAzvIrmoKNL64n1qKfdX68QEDHYY-KPPEAM_axn-Dd3dOeamlgc_SYcM4_lIXtMIl7Q-XTXZREfh8DIoczvLxmTWqgD65D5Q5-O58V6QGC74Nov=w647-h240-k-no,1,FALSE,/g/11v60r50jy,fr,,35.8307435,10.6249865,,,lundi,09:00 to 18:00,mardi,09:00 to 18:00,mercredi,09:00 to 18:00,jeudi,09:00 to 18:00,vendredi,09:00 to 18:00,samedi,Fermé,dimanche,Fermé,FALSE,+216 56 426 999,21656426999,ChIJq5ws4iJ1AhMRrnwuKi2QGCc,,,,4000,,18,,7,,,,,,2026-07-06T15:27:47.431Z,"https://www.google.com/maps/search/M%C3%A9dias/@35.8003831547603,10.645819694887042,17z?hl=fr",Médias,,,immeuble aoun 20 mars jawhra,,FALSE,REECRAFT,5,https://www.google.com/maps/search/?api=1&query=REECRAFT&query_place_id=ChIJq5ws4iJ1AhMRrnwuKi2QGCc,http://reecraft.agency/
,,,,,,,,,,,,,,,,,,,,,,,,,,,TRUE,,,,,,TRUE,,,,,"app 501 5eme étage, Immeuble Aoun, rue 20 mars, Sousse 4000, Tunisie",Agence de marketing,Concepteur de sites Web,,,Agence de marketing,,,3314053119398669882,Sousse,FALSE,TN,,0x12fdf55fc3206235:0x2dfde1c0e4886e3a,,,,,https://lh3.googleusercontent.com/gps-cs-s/APNQkAGPkIoCR3ZKLQey3qriGLg_dPWhN407hBq6gqlV0FLFiPZyElcqxmS5ARryjK14WlXZWbmklz59Bi7CVsHdVSbzXN1aGDi5x_Bx2yQUH6KoXgKP1SHD1WSlxMzMzr8Q_5TtUoT0NdYxz9LV=w408-h408-k-no,2,FALSE,/g/11m6xh5k1c,fr,,35.8306788,10.6251015,,,lundi,08:00 to 17:00,mardi,08:00 to 17:00,mercredi,08:00 to 17:00,jeudi,08:00 to 17:00,vendredi,08:00 to 17:00,samedi,Fermé,dimanche,Fermé,FALSE,+216 25 185 521,21625185521,ChIJNWIgw1_1_RIROm6I5MDh_S0,,,,4000,,19,,5,,,,,,2026-07-06T15:27:47.431Z,"https://www.google.com/maps/search/M%C3%A9dias/@35.8003831547603,10.645819694887042,17z?hl=fr",Médias,,,"app 501 5eme étage, Immeuble Aoun, rue 20 mars",,FALSE,Code and Craft,5,https://www.google.com/maps/search/?api=1&query=Code%20and%20Craft&query_place_id=ChIJNWIgw1_1_RIROm6I5MDh_S0,https://codendcraft.com/
,,,,,,,,,,,,,,,,,,,,,,,,,,,,,,,,,,,,,,"Cité Boukhzar, ETTAMIR RTE GP1, 4000, Tunisie",Agence de marketing,,,,Agence de marketing,,,11536937685317136832,Sousse,FALSE,TN,,0x130275f559655ce5:0xa01b6fb3112531c0,,,,,https://streetviewpixels-pa.googleapis.com/v1/thumbnail?panoid=_GQMkKcY0rNXG5LnTUfEmw&cb_client=search.gws-prod.gps&w=408&h=240&yaw=332.02322&pitch=0&thumbfov=100,4,FALSE,/g/11xfst7zsn,fr,,35.8090377,10.6222322,,,lundi,09:00 to 17:00,mardi,09:00 to 17:00,mercredi,09:00 to 17:00,jeudi,09:00 to 17:00,vendredi,09:00 to 17:00,samedi,09:00 to 12:00,dimanche,Fermé,FALSE,+216 99 711 967,21699711967,ChIJ5VxlWfV1AhMRwDElEbNvG6A,,,,4000,,20,,,,,,,,2026-07-06T15:27:47.432Z,"https://www.google.com/maps/search/M%C3%A9dias/@35.8003831547603,10.645819694887042,17z?hl=fr",Médias,,,"Cité Boukhzar, ETTAMIR RTE GP1",,FALSE,Guiga Marketing,,https://www.google.com/maps/search/?api=1&query=Guiga%20Marketing&query_place_id=ChIJ5VxlWfV1AhMRwDElEbNvG6A,
,,,,,,,,,,,,,,,,,,,,,,,,,,,,,,,,,,,,,,"2 rue 2 mars 1934, Bd de la Corniche, Sousse 4000, Tunisie",Société de production vidéo,,,,Société de production vidéo,,,5723387650662348704,Sousse,FALSE,TN,,0x13027514fede41ad:0x4f6d8ebe959637a0,,,,,https://lh3.googleusercontent.com/gps-cs-s/APNQkAHLunH1EzzuH6zu2Qq4ayQshFXaL8Ltx4lYHmiw66iArOuvbVZHp2d6mLm5Uu3gaHE1lN2d1ri732w5jZ6wsJ-Fw7BO_-iklowdwpd2SwaYxpz539xk0qLw0ifrY4Asq2wZPpHdOw=w408-h271-k-no,16,FALSE,/g/11k3xx267f,fr,,35.8361266,10.6350525,,,lundi,09:00 to 17:00,mardi,09:00 to 17:00,mercredi,09:00 to 17:00,jeudi,09:00 to 17:00,vendredi,09:00 to 17:00,samedi,09:00 to 17:00,dimanche,Fermé,FALSE,+216 24 112 225,21624112225,ChIJrUHe_hR1AhMRoDeWlb6ObU8,,,,4000,,4,,23,,,,,,2026-07-06T15:27:47.788Z,"https://www.google.com/maps/search/M%C3%A9dias/@35.842160129047954,10.637235124919316,17z?hl=fr",Médias,,,"2 rue 2 mars 1934, Bd de la Corniche",,FALSE,Roof Production,5,https://www.google.com/maps/search/?api=1&query=Roof%20Production&query_place_id=ChIJrUHe_hR1AhMRoDeWlb6ObU8,http://www.roofprod.com/
,,,,,,,,,,,,,,,,,,,,,,,,,,,,,,,,,,,,,,"RJPP+5H4, Bd de la Corniche, Sousse 4000, Tunisie",Agence de publicité,,,,Agence de publicité,,,4453552558163082122,Sousse,TRUE,TN,,0x130275fbf9e9cae3:0x3dce3274a9d7bb8a,,,,,https://streetviewpixels-pa.googleapis.com/v1/thumbnail?panoid=-tJWQGoD7TRRTT89wldIoA&cb_client=search.gws-prod.gps&w=408&h=240&yaw=129.5705&pitch=0&thumbfov=100,1,FALSE,/g/11tdrscppw,fr,,35.8353904,10.6364493,,,lundi,08:30 to 17:30,mardi,08:30 to 17:30,mercredi,08:30 to 17:30,jeudi,08:30 to 17:30,vendredi,08:30 to 17:30,samedi,08:30 to 13:00,dimanche,Fermé,FALSE,+216 28 213 000,21628213000,ChIJ48rp-ft1AhMRirvXqXQyzj0,,,,4000,,6,,,,,,,,2026-07-06T15:27:47.788Z,"https://www.google.com/maps/search/M%C3%A9dias/@35.842160129047954,10.637235124919316,17z?hl=fr",Médias,,,"RJPP+5H4, Bd de la Corniche",,FALSE,Centre tunisien des affaires,,https://www.google.com/maps/search/?api=1&query=Centre%20tunisien%20des%20affaires&query_place_id=ChIJ48rp-ft1AhMRirvXqXQyzj0,
,,,,,,,,,,,,,,,,,,,,,,,,,,,,,,,,,,,,,,"RJJH+3J8, Av. IBN EL Jazzar, Sousse, Tunisie",Centre commercial,,,,Centre commercial,,,13383931020901952565,Sousse,TRUE,TN,,0x13027541f5cad147:0xb9bd465a37312c35,,,,,https://streetviewpixels-pa.googleapis.com/v1/thumbnail?panoid=LrPsevAmasolfNfG4FTK6Q&cb_client=search.gws-prod.gps&w=408&h=240&yaw=209.68231&pitch=0&thumbfov=100,1,FALSE,/g/11rsp8hvww,fr,,35.830166,10.6290788,,,lundi,Ouvert 24h/24,mardi,Ouvert 24h/24,mercredi,Ouvert 24h/24,jeudi,Ouvert 24h/24,vendredi,Ouvert 24h/24,samedi,Fermé,dimanche,Fermé,FALSE,+216 20 668 323,21620668323,ChIJR9HK9UF1AhMRNSwxN1pGvbk,,,,,,7,,,,,,,,2026-07-06T15:27:47.788Z,"https://www.google.com/maps/search/M%C3%A9dias/@35.842160129047954,10.637235124919316,17z?hl=fr",Médias,,,"RJJH+3J8, Av. IBN EL Jazzar",,FALSE,société pub média,,https://www.google.com/maps/search/?api=1&query=soci%C3%A9t%C3%A9%20pub%20m%C3%A9dia&query_place_id=ChIJR9HK9UF1AhMRNSwxN1pGvbk,
,TRUE,,,,TRUE,,,,,,,,,,,,,,,TRUE,,,,,,,,,TRUE,,FALSE,,,,,,,"4 eme étage b42, Immeuble victoria, Trocadéro, rue de la république, Sousse 4000, Tunisie",Agence de marketing,,,,Agence de marketing,,,2197369715324342757,Sousse,FALSE,TN,,0x130275c1285da15f:0x1e7ea01d2a1bd1e5,,,,,https://lh3.googleusercontent.com/gps-cs-s/APNQkAFRfMsri_Oaf54HPx-Ob7hHiq_eTw5s2yfGhKdO7mM5x6JhhJV5Obft0BiBaCwL7dJtN-Ysl3DhDZCOporbPqc6B6_VGyk4SrdHxYCRVk6NaT9bfRveIfkmTGwmzz5QnpbVo-JwC9ijb54=w408-h306-k-no,41,FALSE,/g/11spp19fry,fr,,35.8313936,10.6324818,,,lundi,08:30 to 17:30,mardi,08:30 to 17:30,mercredi,08:30 to 17:30,jeudi,08:30 to 17:30,vendredi,08:30 to 17:30,samedi,08:30 to 14:00,dimanche,Fermé,FALSE,+216 58 240 150,21658240150,ChIJX6FdKMF1AhMR5dEbKh2gfh4,,,,4000,,9,,14,,,,,,2026-07-06T15:27:47.788Z,"https://www.google.com/maps/search/M%C3%A9dias/@35.842160129047954,10.637235124919316,17z?hl=fr",Médias,,,"4 eme étage b42, Immeuble victoria, Trocadéro, rue de la république",,FALSE,Emmak Prod,4.7,https://www.google.com/maps/search/?api=1&query=Emmak%20Prod&query_place_id=ChIJX6FdKMF1AhMR5dEbKh2gfh4,http://www.emmak-prod.com/
,,,,,,,,,,,,,,,,,,,,,,,,,,,,,,,,,,,,,,"RJJJ+V8P, Rue Dr Moreau, Sousse, Tunisie",Agence de publicité,,,,Agence de publicité,,,7215202925541131712,Sousse,TRUE,TN,,0x130275782834ce85:0x64218cd53f3d05c0,,,,,https://streetviewpixels-pa.googleapis.com/v1/thumbnail?panoid=n_DlR3b2XLggIuShlFe0IA&cb_client=search.gws-prod.gps&w=408&h=240&yaw=273.72916&pitch=0&thumbfov=100,1,FALSE,/g/11c55vz17w,fr,,35.8322005,10.6308435,,,lundi,Ouvert 24h/24,mardi,Ouvert 24h/24,mercredi,Ouvert 24h/24,jeudi,Ouvert 24h/24,vendredi,Ouvert 24h/24,samedi,Fermé,dimanche,Fermé,FALSE,+216 55 601 602,21655601602,ChIJhc40KHh1AhMRwAU9P9WMIWQ,,,,,,11,,,,,,,,2026-07-06T15:27:47.788Z,"https://www.google.com/maps/search/M%C3%A9dias/@35.842160129047954,10.637235124919316,17z?hl=fr",Médias,,,"RJJJ+V8P, Rue Dr Moreau",,FALSE,SPLASH PUB,,https://www.google.com/maps/search/?api=1&query=SPLASH%20PUB&query_place_id=ChIJhc40KHh1AhMRwAU9P9WMIWQ,http://www.facebook.com/splashpub/
,,,,,,,,,,,,,,,,,,,,,,,,,,,,,,,,,,,,,,"81 Av. Léopold Senghor, Sousse, Tunisie",Agence de marketing,,,,Agence de marketing,,,217794339515998490,Sousse,TRUE,TN,,0x130275816d1e7ca3:0x305c2cc40f1211a,,,,,https://streetviewpixels-pa.googleapis.com/v1/thumbnail?panoid=0Lhz3aQ8NcxeeNq2nCHcYA&cb_client=search.gws-prod.gps&w=408&h=240&yaw=70.30436&pitch=0&thumbfov=100,1,FALSE,/g/11b7qsys6_,fr,,35.8384809,10.6239834,,,lundi,08:00 to 18:00,mardi,08:00 to 18:00,mercredi,08:00 to 18:00,jeudi,08:00 to 18:00,vendredi,08:00 to 18:00,samedi,08:00 to 18:00,dimanche,Fermé,FALSE,+216 50 920 094,21650920094,ChIJo3webYF1AhMRGiHxQMzCBQM,,,,,,13,,3,,,,,,2026-07-06T15:27:47.788Z,"https://www.google.com/maps/search/M%C3%A9dias/@35.842160129047954,10.637235124919316,17z?hl=fr",Médias,,,81 Av. Léopold Senghor,,FALSE,CLICK2WEB,5,https://www.google.com/maps/search/?api=1&query=CLICK2WEB&query_place_id=ChIJo3webYF1AhMRGiHxQMzCBQM,
,,,,,,,,,,,,,,,,,,,,,,,,,,,,,,,,,,,,,,"Rue de Béja, m'saken 4070, Tunisie",Imprimeur numérique,Imprimeur,,,Imprimeur numérique,,,969836008829662084,m'saken,FALSE,TN,,0x12fdf50050435acb:0xd758cb62cacb384,,,,,https://lh3.googleusercontent.com/gps-cs-s/APNQkAEyf8GI9OJY56q8LnYhF2BN1jS3WUyo8esyQKON6AyAi36lUbU0ZfWlgEsIOUAfD47h_tXQLm1XMUWZhXGyPAcS5JBTHYqndvssDiNKb5AvWYtyKrcFlPDPOHiC0t1B0kdF4TvrZi2aG0Nn=w408-h407-k-no,1,FALSE,/g/11x8v_yty_,fr,,35.8385457,10.6298538,,,lundi,09:00 to 17:30,mardi,09:00 to 17:30,mercredi,09:00 to 17:30,jeudi,09:00 to 17:30,vendredi,09:00 to 17:30,samedi,09:00 to 16:00,dimanche,Fermé,FALSE,+216 56 447 448,21656447448,ChIJy1pDUAD1_RIRhLOsLLaMdQ0,,,,4070,,14,,,,,,,,2026-07-06T15:27:47.788Z,"https://www.google.com/maps/search/M%C3%A9dias/@35.842160129047954,10.637235124919316,17z?hl=fr",Médias,,,Rue de Béja,,FALSE,raef travaux impression,,https://www.google.com/maps/search/?api=1&query=raef%20travaux%20impression&query_place_id=ChIJy1pDUAD1_RIRhLOsLLaMdQ0,
,,,,,,,,,,,,,,,,,,,,,,,,,,,,,,,,,,,,,,"RJMP+V9J، Rue Monji Slim، Kornich Sousse, Sousse 4001, Tunisie",Concepteur de sites Web,Service de marketing Internet,,,Concepteur de sites Web,,,4679583954579992086,Sousse,TRUE,TN,,0x1302759de508dbeb:0x40f138d02d5bae16,,,,,,0,FALSE,/g/1pp2twr4j,fr,,35.8347092,10.6358948,,,,,,,,,,,,,,,,,FALSE,+216 25 450 755,21625450755,ChIJ69sI5Z11AhMRFq5bLdA48UA,,,,4001,,16,,1,,,,,,2026-07-06T15:27:47.788Z,"https://www.google.com/maps/search/M%C3%A9dias/@35.842160129047954,10.637235124919316,17z?hl=fr",Médias,,,RJMP+V9J، Rue Monji Slim، Kornich Sousse,,FALSE,Htm-Tv,5,https://www.google.com/maps/search/?api=1&query=Htm-Tv&query_place_id=ChIJ69sI5Z11AhMRFq5bLdA48UA,
,,,,,,,,,,,,,,,,,,,,,,,,,,,,,,,,,,,,,,"près de rond point Bora Bora, Immeuble Ilef, Rue Ibn Al-Aghlab (en face Galleria, Khzema 4051, Tunisie",Agence de marketing,,,,Agence de marketing,,,8311580218879668945,Khzema,FALSE,TN,,0x12fd8b99b2a81db9:0x7358aa2c247c72d1,,,,,https://lh3.googleusercontent.com/gps-cs-s/APNQkAGIcvfVEn8PvtnoNZh2bfiKWPbKzrFRJpsBqgG3X71lBt3Zd7yt5hiFX8FESrr0MIRCnONggDvoAiAOiomAq4BSLsFJMmXCw1jwmkKiCU8UQDKRDD7hBPq4RIHs7ktGUodw_1TYqze-NyA=w408-h508-k-no,12,FALSE,/g/11syz669fc,fr,,35.852559,10.6155253,,,lundi,08:00 to 19:00,mardi,08:00 to 19:00,mercredi,08:00 to 19:00,jeudi,08:00 to 19:00,vendredi,08:00 to 19:00,samedi,08:00 to 15:00,dimanche,Fermé,FALSE,+216 56 621 000,21656621000,ChIJuR2ospmL_RIR0XJ8JCyqWHM,,,,4051,,17,,2,,,,,,2026-07-06T15:27:47.788Z,"https://www.google.com/maps/search/M%C3%A9dias/@35.842160129047954,10.637235124919316,17z?hl=fr",Médias,,,"près de rond point Bora Bora, Immeuble Ilef, Rue Ibn Al-Aghlab (en face Galleria",,FALSE,The PSA Agency,4.5,https://www.google.com/maps/search/?api=1&query=The%20PSA%20Agency&query_place_id=ChIJuR2ospmL_RIR0XJ8JCyqWHM,
,,,,,,,,,,,,,,,,,,,,,,,,,,,TRUE,,,,,,TRUE,,,,,"Immeuble 'Centre Ibrahim, Av. Habib Bourguiba, Sousse 4000, Tunisie",Agence de marketing,,,,Agence de marketing,,,169479809105089343,Sousse,FALSE,TN,,0x12fdf5b9bc4b6f5d:0x25a1cfd0a4f533f,,,,,https://lh3.googleusercontent.com/gps-cs-s/APNQkAEAYZgkV9FZ14YbwurwXgOAd4gl_KShGgu59SDaQMf0L4UatThnA9cqD1G15eSEgCkXGdEVeujtgbuxrldQi5ii545i0V1-8LZ-dHf-_iVgJofYavOrd47KrdmGPgTqX-1-Q49z0Q=w513-h240-k-no,9,FALSE,/g/11t88_k_rc,fr,,35.8299374,10.6403451,,,lundi,08:30 to 18:00,mardi,08:30 to 18:00,mercredi,08:30 to 18:00,jeudi,08:30 to 18:00,vendredi,08:30 to 18:00,samedi,08:30 to 18:00,dimanche,08:30 to 18:00,FALSE,+216 31 439 350,21631439350,ChIJXW9LvLn1_RIRP1NPCv0cWgI,,,,4000,,18,,9,,,,,,2026-07-06T15:27:47.788Z,"https://www.google.com/maps/search/M%C3%A9dias/@35.842160129047954,10.637235124919316,17z?hl=fr",Médias,,,"Immeuble 'Centre Ibrahim, Av. Habib Bourguiba",,FALSE,Visioad,5,https://www.google.com/maps/search/?api=1&query=Visioad&query_place_id=ChIJXW9LvLn1_RIRP1NPCv0cWgI,http://www.visioad.com/
,,,,,,,,,,,,,,,,,,,,,,,,,,,TRUE,,,,,,TRUE,,,,,"Avenue Habib Bourguiba, Sousse résidence, 6éme étage app N604, Sousse 4000, Tunisie",Agence de marketing,,,,Agence de marketing,,,163479168897463465,Sousse,FALSE,TN,,0x2f52903cff7ebda5:0x244cb701e4f34a9,,,,,https://streetviewpixels-pa.googleapis.com/v1/thumbnail?panoid=bbqPAmSfaAJn2uney9joRw&cb_client=search.gws-prod.gps&w=408&h=240&yaw=235.27669&pitch=0&thumbfov=100,1,FALSE,/g/11xp8mfnq4,fr,,35.8314464,10.6402308,,,lundi,08:00 to 17:00,mardi,08:00 to 17:00,mercredi,08:00 to 17:00,jeudi,08:00 to 17:00,vendredi,08:00 to 17:00,samedi,Fermé,dimanche,Fermé,FALSE,,,ChIJpb1-_zyQUi8RqTRPHnDLRAI,,,,4000,,19,,2,,,,,,2026-07-06T15:27:47.788Z,"https://www.google.com/maps/search/M%C3%A9dias/@35.842160129047954,10.637235124919316,17z?hl=fr",Médias,,,"Avenue Habib Bourguiba, Sousse résidence, 6éme étage app N604",,FALSE,MSIT DIGITAL,5,https://www.google.com/maps/search/?api=1&query=MSIT%20DIGITAL&query_place_id=ChIJpb1-_zyQUi8RqTRPHnDLRAI,
,,,,,,,,,,,,,,,,,,,,,,,,,,,,,,,,,,,,,,"RJCR+X9Q, ave Mohamed V, Sousse, Tunisie",Agence de marketing,,,,Agence de marketing,,,243703385572345976,Sousse,TRUE,TN,,0x1302756d5edc8d25:0x361cef01f998878,,,,,https://streetviewpixels-pa.googleapis.com/v1/thumbnail?panoid=v4DPGqXgwoe8kPgQGAupJA&cb_client=search.gws-prod.gps&w=408&h=240&yaw=221.76598&pitch=0&thumbfov=100,1,FALSE,/g/11bc6zbgb1,fr,,35.822474,10.6409886,,,lundi,08:30 to 18:00,mardi,08:30 to 18:00,mercredi,08:30 to 18:00,jeudi,08:30 to 18:00,vendredi,08:30 to 18:00,samedi,09:00 to 13:00,dimanche,Fermé,FALSE,+216 73 228 385,21673228385,ChIJJY3cXm11AhMReIiZH_DOYQM,,,,,,5,,1,,,,,,2026-07-06T15:27:52.154Z,"https://www.google.com/maps/search/M%C3%A9dias/@35.81430881285618,10.645819694887042,17z?hl=fr",Médias,,,"RJCR+X9Q, ave Mohamed V",,FALSE,Swimed Tunisie,1,https://www.google.com/maps/search/?api=1&query=Swimed%20Tunisie&query_place_id=ChIJJY3cXm11AhMReIiZH_DOYQM,
,,,,,,,,,,,,,,,,,,,,,,,,,,,,,,,,,,,,,,"Boulvard imam abou hanifa Cité erriadh sousse, 4023, Tunisie",Agence de publicité,,,,Agence de publicité,,,835914209528856671,Sousse,TRUE,TN,,0x130275c856be06f9:0xb99c38b71ab405f,,,,,https://streetviewpixels-pa.googleapis.com/v1/thumbnail?panoid=43XF_-EBXMYfFgXHbzgaDg&cb_client=search.gws-prod.gps&w=408&h=240&yaw=250.83617&pitch=0&thumbfov=100,1,FALSE,/g/11rrvt0q76,fr,,35.8245029,10.634584,,,,,,,,,,,,,,,,,FALSE,+216 55 216 665,21655216665,ChIJ-Qa-Vsh1AhMRX0CrcYvDmQs,,,,4023,,14,,1,,,,,,2026-07-06T15:27:52.154Z,"https://www.google.com/maps/search/M%C3%A9dias/@35.81430881285618,10.645819694887042,17z?hl=fr",Médias,,,Boulvard imam abou hanifa Cité erriadh sousse,,FALSE,graphicart agency,5,https://www.google.com/maps/search/?api=1&query=graphicart%20agency&query_place_id=ChIJ-Qa-Vsh1AhMRX0CrcYvDmQs,
,,,,,,,,,,,,,,,,,,,,,,,,,,,,,,,,,,,,,,"Rue AbdelMajid Arnaz, Sousse 4000, Tunisie",Agence de publicité,,,,Agence de publicité,,,12744655052986493107,Sousse,FALSE,TN,,0x1302757aceee2393:0xb0de1c3f2225a8b3,,,,,https://lh3.googleusercontent.com/gps-cs-s/APNQkAEdBoQoDAJMshEqEBaa7Hjy3gJ24ypQA80fidgKNf5YfpS03X8ZJJfR7K-rV2f8i4zXeMsIKiEGsEWOw-tRRmDzUmgzxhFz6hglvdJMZCXUGRIULapSEuv8uPtWA_Gh0R4dth7L=w470-h240-k-no,1,FALSE,/g/11b6dg68hk,fr,,35.8231148,10.6290098,,,lundi,08:30 to 18:00,mardi,08:30 to 18:00,mercredi,08:30 to 18:00,jeudi,08:30 to 18:00,vendredi,08:30 to 18:00,samedi,Fermé,dimanche,Fermé,FALSE,+216 36 407 836,21636407836,ChIJkyPuznp1AhMRs6glIj8c3rA,,,,4000,,16,,4,,,,,,2026-07-06T15:27:52.154Z,"https://www.google.com/maps/search/M%C3%A9dias/@35.81430881285618,10.645819694887042,17z?hl=fr",Médias,,,Rue AbdelMajid Arnaz,,FALSE,Jawhara PUB,4.5,https://www.google.com/maps/search/?api=1&query=Jawhara%20PUB&query_place_id=ChIJkyPuznp1AhMRs6glIj8c3rA,
,,,,,,,,,,,,,,,,,,,,,,,,,,,,,,,,,,,,,,"RJ7M+PP9, Sousse, Tunisie",Bibliothèque,,,,Bibliothèque,,,6171509631528309936,Sousse,TRUE,TN,,0x130275a5e0e14e03:0x55a59b4fd32594b0,,,,,,0,FALSE,/g/11lryrt20t,fr,,35.814288,10.6343599,,,lundi,09:00 to 17:00,mardi,09:00 to 17:00,mercredi,09:00 to 17:00,jeudi,09:00 to 17:00,vendredi,09:00 to 17:00,samedi,09:00 to 13:00,dimanche,Fermé,FALSE,,,ChIJA07h4KV1AhMRsJQl00-bpVU,,,,,,20,,1,,,,,,2026-07-06T15:27:52.154Z,"https://www.google.com/maps/search/M%C3%A9dias/@35.81430881285618,10.645819694887042,17z?hl=fr",Médias,,,RJ7M+PP9,,FALSE,Almadanya,5,https://www.google.com/maps/search/?api=1&query=Almadanya&query_place_id=ChIJA07h4KV1AhMRsJQl00-bpVU,
,,,,,,,,,,,,,,,,,,,,,,,,,,,,,,,,,,,,,,"Immeuble medical Zaoui, 65 Av. de la Republique, Sousse 4000, Tunisie",Agence de marketing,Agence de design,Agence de branding,,Agence de marketing,,,11219377401389531963,Sousse,FALSE,TN,,0x12fd8b88a9ddda7b:0x9bb33c4dc2de433b,,,,,https://lh3.googleusercontent.com/gps-cs-s/APNQkAFWez1_Sw7LNQQ00YsUEVF4ZrP_Mw5zfLHBukjfURxQ2O-r3-wzFAAB3CQ68USxuOff8HWxn64Jlf3EUuj8uxL_C7X-clIztC53jkSqCHbvBpYIUuyp7ozbk7Jng13oErgd3JXbjonZNKM=w408-h306-k-no,22,FALSE,/g/11y310ykq6,fr,,35.8310934,10.6341987,,,lundi,Ouvert 24h/24,mardi,Ouvert 24h/24,mercredi,Ouvert 24h/24,jeudi,Ouvert 24h/24,vendredi,Ouvert 24h/24,samedi,Ouvert 24h/24,dimanche,Ouvert 24h/24,FALSE,+216 54 041 334,21654041334,ChIJe9rdqYiL_RIRO0Pewk08s5s,,,,4000,,14,,18,,,,,,2026-07-06T15:27:53.328Z,"https://www.google.com/maps/search/M%C3%A9dias/@35.80734598380824,10.645819694887042,17z?hl=fr",Médias,,,"Immeuble medical Zaoui, 65 Av. de la Republique",,FALSE,bilsimaging,5,https://www.google.com/maps/search/?api=1&query=bilsimaging&query_place_id=ChIJe9rdqYiL_RIRO0Pewk08s5s,https://bilsimaging.com/
,,,,,,,,,,TRUE,,,,TRUE,,,,TRUE,,,,,,,,,,,,,,,,,,,,"1 étage, immeuble Bousetta, Rue 3 août Trocadéro, Sousse 4000, Tunisie",Agence de publicité,,,,Agence de publicité,,,7084224431675230094,Sousse,FALSE,TN,,0x13027512d4b8b61d:0x625038963725478e,,,,,https://lh3.googleusercontent.com/gps-cs-s/APNQkAHiZpMp1xJ-ZPEgNgCdRCp3KGLd4EflnC48ip5TwgHS-oTrhPX69ftBDF6QQOPPnPMvHf4eMPOAOwOcoJ7x9mBYArSFCuloFlbANhKX6LOJIdGGyiGur_9JMPfJVj2qoRZO2dzV2Q=w408-h268-k-no,3,FALSE,/g/11w_hjczp9,fr,,35.8296591,10.6340471,,,lundi,08:00 to 20:00,mardi,08:00 to 20:00,mercredi,08:00 to 20:30,jeudi,08:00 to 20:00,vendredi,08:00 to 20:00,samedi,08:00 to 20:00,dimanche,Fermé,FALSE,+216 52 056 778,21652056778,ChIJHba41BJ1AhMRjkclN5Y4UGI,,,,4000,,19,,20,,,,,,2026-07-06T15:27:53.328Z,"https://www.google.com/maps/search/M%C3%A9dias/@35.80734598380824,10.645819694887042,17z?hl=fr",Médias,,,"1 étage, immeuble Bousetta, Rue 3 août Trocadéro",,FALSE,Ufuk connect,4.8,https://www.google.com/maps/search/?api=1&query=Ufuk%20connect&query_place_id=ChIJHba41BJ1AhMRjkclN5Y4UGI,https://ufuk.tn/
,,,,,,,,,,,,,,,,,,,,,,,,,,,,,,,,,,,,,,"Avenue Mohammed V Immeuble Ben Hassine, Sousse 4000, Tunisie",Maison d'édition,,,,Maison d'édition,,,10504066902433535578,Sousse,FALSE,TN,,0x130275437c469ee1:0x91c5f131e07d165a,,,,,https://lh3.googleusercontent.com/gps-cs-s/APNQkAHq8dokOMqywOT6U6dx2DYDHJg7MVznFdNUrci43-dnjAFvqkVvJGi7A5gvk2XFSZHdgqCNJa12ePheKjP-unoH8jwnxrUOvpFIuY-9rGiNO_wQJ_mJ_R2ZqnBoarLniW171PJo=w408-h725-k-no,4,FALSE,/g/11mx90cdlf,fr,,35.826694,10.6414539,,,lundi,09:00 to 16:30,mardi,09:00 to 16:30,mercredi,09:00 to 16:30,jeudi,09:00 to 16:30,vendredi,09:00 to 16:30,samedi,Fermé,dimanche,Fermé,FALSE,+216 58 366 380,21658366380,ChIJ4Z5GfEN1AhMRWhZ94DHxxZE,,,,4000,,7,,8,,,,,,2026-07-06T15:27:57.820Z,"https://www.google.com/maps/search/M%C3%A9dias/@35.821271641904126,10.645819694887042,17z?hl=fr",Médias,,,Avenue Mohammed V Immeuble Ben Hassine,,FALSE,Les éditions IRIS,4.5,https://www.google.com/maps/search/?api=1&query=Les%20%C3%A9ditions%20IRIS&query_place_id=ChIJ4Z5GfEN1AhMRWhZ94DHxxZE,http://www.leseditionsiris.com/
,,,,,,,,,,,,,,,,,,,,,,,,,,,,,,,,,,,,,,"Place Farhat hached, Sousse 4000, Tunisie",Agence de marketing,,,,Agence de marketing,,,1367471356553484072,Sousse,FALSE,TN,,0x12fd8b2bdc733853:0x12fa3bf41fe45728,,,,,https://streetviewpixels-pa.googleapis.com/v1/thumbnail?panoid=cBmw1cLBkd2d0XFlZekhlQ&cb_client=search.gws-prod.gps&w=408&h=240&yaw=242.74571&pitch=0&thumbfov=100,7,FALSE,/g/11rxqjx_6g,fr,,35.8282175,10.6413692,,,lundi,09:00 to 18:00,mardi,09:00 to 18:00,mercredi,09:00 to 18:00,jeudi,09:00 to 18:00,vendredi,09:00 to 18:00,samedi,09:00 to 13:00,dimanche,Fermé,FALSE,+33 6 20 25 27 61,33620252761,ChIJUzhz3CuL_RIRKFfkH_Q7-hI,,,,4000,,11,,,,,,,,2026-07-06T15:27:57.820Z,"https://www.google.com/maps/search/M%C3%A9dias/@35.821271641904126,10.645819694887042,17z?hl=fr",Médias,,,Place Farhat hached,,FALSE,Urban Communication,,https://www.google.com/maps/search/?api=1&query=Urban%20Communication&query_place_id=ChIJUzhz3CuL_RIRKFfkH_Q7-hI,https://agenceurbancom.fr/
,,,,,,,,,,,,,,,,,,,TRUE,,,,,,,,,,TRUE,,FALSE,,,,,,,"5 Av. Habib Thameur, Sousse 4000, Tunisie",Concepteur de sites Web,Assistance et services informatiques,,,Concepteur de sites Web,,,5263306698962963722,Sousse,FALSE,TN,,0x13027573413bdd2f:0x490b058e779f0d0a,,,,,https://lh3.googleusercontent.com/gps-cs-s/APNQkAFZjPPADZd-ROTvAaeQsD82b8evwJ3W8qRg0X1Lp9Ms0s52oIpaK6__lyWq50vYNyNkhpYKC-w13im1vPu7u4N6N5ZS9xUIr9Ql-cTRQqCxDM4nFmPUKd0ea87BQLec9iZo1qBL=w408-h544-k-no,6,FALSE,/g/11bw5wzxc8,fr,,35.826943,10.641035,,,lundi,08:00 to 18:00,mardi,08:00 to 18:00,mercredi,08:00 to 18:00,jeudi,08:00 to 18:00,vendredi,08:00 to 18:00,samedi,Fermé,dimanche,Fermé,FALSE,+216 22 600 628,21622600628,ChIJL907QXN1AhMRCg2fd44FC0k,,,,4000,,18,,,,,,,,2026-07-06T15:27:57.821Z,"https://www.google.com/maps/search/M%C3%A9dias/@35.821271641904126,10.645819694887042,17z?hl=fr",Médias,,,5 Av. Habib Thameur,,FALSE,Hello,,https://www.google.com/maps/search/?api=1&query=Hello&query_place_id=ChIJL907QXN1AhMRCg2fd44FC0k,
,,,,,,,,,TRUE,,,TRUE,,,,,,,,,,,,,,,,,,,,,,,,,,"1er étage, Imm Galia, place Farhat Hached, Sousse 4000, Tunisie",Agence de marketing,,,,Agence de marketing,,,7240504218964126146,Sousse,FALSE,TN,,0x130275b6ceac1a6d:0x647b7039ae12e9c2,,,,,https://lh3.googleusercontent.com/gps-cs-s/APNQkAHPJT8tmgJ2SHKKq3TvTdXd6zluOnjpZECrmWLojGtHj09stLRZSZ-1FlMYGSTV-0o-CzlVvQAWXLwR44MXjXPq7P7DjSPHogFagKyAHF49q1_d1R_Yv9kyD6_f3JeTGuidXqy6=w408-h408-k-no,6,FALSE,/g/11tmn0gx9s,fr,,35.8286874,10.6414896,,,lundi,09:30 to 16:30,mardi,09:30 to 16:30,mercredi,09:30 to 16:30,jeudi,09:30 to 16:30,vendredi,09:30 to 16:30,samedi,09:30 to 14:00,dimanche,Fermé,FALSE,+216 22 666 519,21622666519,ChIJbRqszrZ1AhMRwukSrjlwe2Q,,,,4000,,19,,9,,,,,,2026-07-06T15:27:57.821Z,"https://www.google.com/maps/search/M%C3%A9dias/@35.821271641904126,10.645819694887042,17z?hl=fr",Médias,,,"1er étage, Imm Galia, place Farhat Hached",,FALSE,Maxicom,5,https://www.google.com/maps/search/?api=1&query=Maxicom&query_place_id=ChIJbRqszrZ1AhMRwukSrjlwe2Q,https://maxicom.tn/
,,,,,,,,,,,,,,,,,,,,,,,,,,,,,,,,,,,,,,"RJHR+J9G, Sousse, Tunisie",Concepteur de sites Web,Service d'hébergement de site Web,Station de radio,,Concepteur de sites Web,,,14756532400155647374,Sousse,TRUE,TN,,0x13027574975cb175:0xccc9bc08d3d1dd8e,,,,,https://streetviewpixels-pa.googleapis.com/v1/thumbnail?panoid=zOL_EI59WjbZTVGlCCEREQ&cb_client=search.gws-prod.gps&w=408&h=240&yaw=32.62153&pitch=0&thumbfov=100,1,FALSE,/g/11b5pk0cdn,fr,,35.8290635,10.6409428,,,,,,,,,,,,,,,,,FALSE,+216 55 454 195,21655454195,ChIJdbFcl3R1AhMRjt3R0wi8ycw,,,,,,20,,1,,,,,,2026-07-06T15:27:57.821Z,"https://www.google.com/maps/search/M%C3%A9dias/@35.821271641904126,10.645819694887042,17z?hl=fr",Médias,,,RJHR+J9G,,FALSE,Radio Forza-ESS,2,https://www.google.com/maps/search/?api=1&query=Radio%20Forza-ESS&query_place_id=ChIJdbFcl3R1AhMRjt3R0wi8ycw,
,,,,,,,,,,,,,,,,,,,,,,,,,,,,,,,,,,,,,,"2ème étage, Immeuble Centre Ibrahim, Av. Habib Bourguiba, Sousse 4000, Tunisie",Agence de marketing,,,,Agence de marketing,,,17031105942014273229,Sousse,FALSE,TN,,0x130275260da6e811:0xec5aa49e9dce26cd,,,,,https://streetviewpixels-pa.googleapis.com/v1/thumbnail?panoid=ZEYu2ifwNetWbigNcOCvUw&cb_client=search.gws-prod.gps&w=408&h=240&yaw=285.50452&pitch=0&thumbfov=100,1,FALSE,/g/11mkztm_xr,fr,,35.8298356,10.6403388,,,lundi,08:00 to 18:00,mardi,08:00 to 18:00,mercredi,08:00 to 18:00,jeudi,08:00 to 18:00,vendredi,08:00 to 18:00,samedi,Fermé,dimanche,Fermé,FALSE,+216 55 555 839,21655555839,ChIJEeimDSZ1AhMRzSbOnZ6kWuw,,,,4000,,11,,,,,,,,2026-07-06T15:27:58.287Z,"https://www.google.com/maps/search/M%C3%A9dias/@35.83519730000001,10.645819694887042,17z?hl=fr",Médias,,,"2ème étage, Immeuble Centre Ibrahim, Av. Habib Bourguiba",,FALSE,Kontesh : Agence marketing digital - SEO - Google & Facebook Ads,,https://www.google.com/maps/search/?api=1&query=Kontesh%20%3A%20Agence%20marketing%20digital%20-%20SEO%20-%20Google%20%26%20Facebook%20Ads&query_place_id=ChIJEeimDSZ1AhMRzSbOnZ6kWuw,https://kontesh.com/
,,,,,,,,,,,,,,,,,,,,,,,,,,,,,,,,,,,,,,"BP N°177, 4089, Tunisie",Station de radio,,,,Station de radio,,,17759270760837415143,Sousse,FALSE,TN,,0x1302757496494757:0xf6759aaa11b200e7,,,,,https://lh3.googleusercontent.com/gps-cs-s/APNQkAE8Y7hHKEaRqmSIpIq7A6cpxLOmne5KSNQR99-1mydjvm-SROxb7I_tktj8LQuKsdLyxE1VEsJriFD4PqKFBBPc2kG4IarNJjo_ogHXKmEPYaLxmsPyE4zeQlQQ2rb-tmEiu-9E5g=w408-h306-k-no,3,FALSE,/g/1tcy16sl,fr,,35.828991,10.640666,,,,,,,,,,,,,,,,,FALSE,+216 73 354 974,21673354974,ChIJV0dJlnR1AhMR5wCyEaqadfY,,,,4089,,17,,4,,,,,,2026-07-06T15:27:59.835Z,"https://www.google.com/maps/search/M%C3%A9dias/@35.82823447095207,10.645819694887042,17z?hl=fr",Médias,,,BP N°177,,FALSE,Radio Bledi,5,https://www.google.com/maps/search/?api=1&query=Radio%20Bledi&query_place_id=ChIJV0dJlnR1AhMR5wCyEaqadfY,
,,,,,,,,,,,,,,,,,,,,,,,,,,,,,,,,,,,,,,"RJJQ+JX6, Sousse, Tunisie",Imprimeur,,,,Imprimeur,,,13361904708986364778,Sousse,TRUE,TN,,0x130275750582765f:0xb96f0589d5c0636a,,,,,https://streetviewpixels-pa.googleapis.com/v1/thumbnail?panoid=7S5Rg_ghKrKhGT3pOdDrPw&cb_client=search.gws-prod.gps&w=408&h=240&yaw=263.86444&pitch=0&thumbfov=100,1,FALSE,/g/11g6_50xbb,fr,,35.8315478,10.6398946,,,,,,,,,,,,,,,,,FALSE,+216 53 768 073,21653768073,ChIJX3aCBXV1AhMRamPA1YkFb7k,,,,,,33,,4,1,0,3,0,0,2026-07-06T15:28:00.920Z,"https://www.google.com/maps/search/M%C3%A9dias/@35.82823447095207,10.645819694887042,17z?hl=fr",Médias,,,RJJQ+JX6,,FALSE,global print solution,2,https://www.google.com/maps/search/?api=1&query=global%20print%20solution&query_place_id=ChIJX3aCBXV1AhMRamPA1YkFb7k,
,,,,,,,,,,,,,,,,,,,,,,,,,,,,,,,,,,,,,,"CYBER PARK, Rue 18 Janvier 1952, Kasserine 1200, Tunisie",Studio cinématographique,,,,Studio cinématographique,,,13847154399665555820,Kasserine,TRUE,TN,,0x12f915e207f024ad:0xc02af98fa60d896c,,,,,,0,FALSE,/g/11gjm6r8cq,fr,,35.169958,8.8335512,,,lundi,Ouvert 24h/24,mardi,Ouvert 24h/24,mercredi,Ouvert 24h/24,jeudi,Ouvert 24h/24,vendredi,Ouvert 24h/24,samedi,Ouvert 24h/24,dimanche,Ouvert 24h/24,FALSE,+216 97 042 349,21697042349,ChIJrSTwB-IV-RIRbIkNpo_5KsA,,,,1200,,1,,2,,,,,,2026-07-06T15:28:01.630Z,"https://www.google.com/maps/search/M%C3%A9dias/@35.15823186103024,8.806510997365175,17z?hl=fr",Médias,,,"CYBER PARK, Rue 18 Janvier 1952",,FALSE,SNAPS Prod,5,https://www.google.com/maps/search/?api=1&query=SNAPS%20Prod&query_place_id=ChIJrSTwB-IV-RIRbIkNpo_5KsA,
,,,,,,,,,,,,,,,,,,,,,,,,,,,,,,,,,,,,,,"303 Av 14 Janvier ( Douleb ) P13, Kasserine 1200, Tunisie",Service publicitaire,Installateur de systèmes de sécurité,,,Service publicitaire,,,13989212731862898458,Kasserine,FALSE,TN,,0x12f915f0d19196bf:0xc223aadc920f571a,,,,,https://lh3.googleusercontent.com/gps-cs-s/APNQkAF99TvGOeUhLTKZKvn0djGCgajS7FUt6dEHOa37Uoj-k_59hZUKMd42j9MCE-gcpcGOYSfpxoVyrglMR-CO4g1WCZZayYC6Q1jW3TnZchrjXFaLDMOwnpe_6wn7extGmlCUdPSVhA=w408-h306-k-no,3,FALSE,/g/1tml7lpn,fr,,35.1689927,8.8296295,,,,,,,,,,,,,,,,,TRUE,+216 58 559 400,21658559400,ChIJv5aR0fAV-RIRGlcPktyqI8I,,,,1200,FERMÉ,2,,3,,,,,,2026-07-06T15:28:01.631Z,"https://www.google.com/maps/search/M%C3%A9dias/@35.15823186103024,8.806510997365175,17z?hl=fr",Médias,,,303 Av 14 Janvier ( Douleb ) P13,,FALSE,Touch-Media,3.3,https://www.google.com/maps/search/?api=1&query=Touch-Media&query_place_id=ChIJv5aR0fAV-RIRGlcPktyqI8I,
,,,,,,,,,,,,,,,,,,,,,,,,,,,,,,,,,,,,,,"6V5W+W7P, Bou Zegam, Tunisie",Magasin d'électronique,,,,Magasin d'électronique,,,14282396075277417470,Bou Zegam,TRUE,TN,,0x12f93f2bf91ac7ab:0xc635438f2057fbfe,,,,,https://lh3.googleusercontent.com/gps-cs-s/APNQkAGaufPXstAJA6sGM9OxaZwDPiL1-t03QVywipoqbl5SEMR6afs9I3dgEHYdgPuftnZM__GtYBO51FGZvBZRC-ouA7btOK-uRVmGorz-o-eXLHaD6odWcLwcvcuXklTLpm86bHxKLg=w408-h547-k-no,5,FALSE,/g/11fl7g3g9c,fr,,35.2098457,8.8956884,,,,,,,,,,,,,,,,,TRUE,,,ChIJq8ca-Ss_-RIR_vtXII9DNcY,,,,,FERMÉ,3,,,,,,,,2026-07-06T15:28:01.631Z,"https://www.google.com/maps/search/M%C3%A9dias/@35.15823186103024,8.806510997365175,17z?hl=fr",Médias,,,6V5W+W7P,,FALSE,Yacine médias,,https://www.google.com/maps/search/?api=1&query=Yacine%20m%C3%A9dias&query_place_id=ChIJq8ca-Ss_-RIR_vtXII9DNcY,
,,,,,,,,,,,,,,,,,,,,,,,,,,,,,,,,,,,,,,"5Q9R+8M2, Rue 14 Janvier, Kasserine 1200, Tunisie",Média,,,,Média,,,14114379529556142488,Kasserine,TRUE,TN,,0x12f915f477cca579:0xc3e05966a43d2998,,,,,,0,FALSE,/g/11q3s__cq7,fr,,35.1682648,8.7916334,,,lundi,08:00 to 18:00,mardi,08:00 to 18:00,mercredi,08:00 to 18:00,jeudi,08:00 to 18:00,vendredi,08:00 to 18:00,samedi,08:00 to 18:00,dimanche,08:00 to 18:00,FALSE,+216 77 475 153,21677475153,ChIJeaXMd_QV-RIRmCk9pGZZ4MM,,,,1200,,1,,1,,,,,,2026-07-06T15:28:02.127Z,"https://www.google.com/maps/search/M%C3%A9dias/@35.16525368701007,8.806510997365175,17z?hl=fr",Médias,,,"5Q9R+8M2, Rue 14 Janvier",,FALSE,Cillium FM,5,https://www.google.com/maps/search/?api=1&query=Cillium%20FM&query_place_id=ChIJeaXMd_QV-RIRmCk9pGZZ4MM,http://www.cilliumfm.net/
,,,,,,,,,,,,,,,,,,,,,,,,,,,,,,,,,,,,,,"Rue 14 janvier kasserine Kasserine Nord, 1200, Tunisie",Agence de publicité,,,,Agence de publicité,,,352314648572558420,Kasserine,TRUE,TN,,0x12f91556038e4ea9:0x4e3ac4e65557c54,,,,,,0,FALSE,/g/11mvr5p8x1,fr,,35.172345,8.8306917,,,lundi,08:00 to 18:00,mardi,08:00 to 18:00,mercredi,08:00 to 18:00,jeudi,08:00 to 18:00,vendredi,08:00 to 18:00,samedi,08:00 to 14:00,dimanche,Fermé,FALSE,,,ChIJqU6OA1YV-RIRVHxVZU6s4wQ,,,,1200,,3,,1,,,,,,2026-07-06T15:28:02.127Z,"https://www.google.com/maps/search/M%C3%A9dias/@35.16525368701007,8.806510997365175,17z?hl=fr",Médias,,,Rue 14 janvier kasserine Kasserine Nord,,FALSE,inspiration design,4,https://www.google.com/maps/search/?api=1&query=inspiration%20design&query_place_id=ChIJqU6OA1YV-RIRVHxVZU6s4wQ,
,,,,,,,,,,,,,,,,,,,,,,,,,,,,,,,,,,,,,,"18 Rue de 18 janvier, Kasserine 1200, Tunisie",Régie publicitaire,,,,Régie publicitaire,,,11846943188742059862,Kasserine,FALSE,TN,,0x12f91510a2f56163:0xa468cc0ff7343756,,,,,https://lh3.googleusercontent.com/gps-cs-s/APNQkAE9A84-DDK5m4TOup4obrhGUYbo98evjFoG-3tgl2rL2r_aozxXYQPwr5i-9w6mAHi1OGPnN3eQoBcny4qvSVFzsrpgHBCmqumDu2tjURmufmcFzOXyZ9sqafwxoxaBiPk_KaqJcAMpZYJX=w408-h259-k-no,2,FALSE,/g/11y_v_2q88,fr,,35.1710263,8.8298093,,,,,,,,,,,,,,,,,FALSE,+216 77 477 844,21677477844,ChIJY2H1ohAV-RIRVjc09w_MaKQ,,,,1200,,4,,,,,,,,2026-07-06T15:28:02.128Z,"https://www.google.com/maps/search/M%C3%A9dias/@35.16525368701007,8.806510997365175,17z?hl=fr",Médias,,,18 Rue de 18 janvier,,FALSE,Global Media Ltd,,https://www.google.com/maps/search/?api=1&query=Global%20Media%20Ltd&query_place_id=ChIJY2H1ohAV-RIRVjc09w_MaKQ,
