produit_service,erreur,date,promotion,langue,source,post_url,type_contenu,likes,auteur,contenu_original,sentiment,theme
Emirates Business Class,,2026-09-17T23:09:55.000Z,,anglais,instagram,https://www.instagram.com/p/DdaAVUot9S3/,relations publiques,191,iamfaroukoueslati,"✈️ Tunis → Dubai with Emirates

Today, we’re experiencing the Airbus A350 in Business Class — one of Airbus’ latest-generation wide-body aircraft.

From the moment you step on board, the experience feels different: a spacious and elegant cabin, a quieter flight, modern technology, comfortable seating and a high level of attention to detail.

The A350 combines advanced aviation technology with the comfort you expect from a Business Class journey. And of course, Emirates’ signature service makes the experience even more enjoyable.

A smooth journey from Tunis to Dubai… and the perfect way to start the adventure.

#emirates #a350 #airbuslovers",positif,expérience classe affaires
Rouka Travel,,2025-04-05T20:19:36.000Z,"Private, small‑group, family‑friendly and solo trips, fully tailor‑made",anglais,instagram,https://www.instagram.com/p/DIE_YbNAmo2/,promotion produit,12860,roukatravel,"Ready to explore Bali differently?

With Rouka Travel, discover the trip that truly fits your vibe:

🔒 Private Experiences – 100% tailor-made, just you and your rhythm.

✨ Small Group Trips – Join a good-vibes-only adventure with a homogeneous group of like-minded travelers.

👨‍👩‍👧‍👦 Family-Friendly Escapes – Stress-free journeys designed for all ages, kids included.

🌿 Solo Retreats – Recharge, reconnect, and explore at your own pace.

Let’s plan your dream escape today.

#Bali #BaliWithKids #travelwithkids #baliwaterfall #balitravel #travelawesome #travelphotography #roukatravel #Uluwatu #ubud #canggu #honeymoondestination #honeymooners",positif,Voyage sur mesure Bali
Rouka Travel,,2025-06-01T20:03:07.000Z,,anglais,instagram,https://www.instagram.com/p/DKXu5T0M-fU/,promotion produit,286,roukatravel,"Plan your kid-friendly trip to Bali with Rouka Travel
We specialize in tailor-made trips adapted to your budget, your pace, and the regions you want to explore.
Enjoy cultural experiences, soft adventures, and meaningful moments that help your children learn, grow, and open their minds.
Contact us now to start planning your perfect family getaway.

#roukatravel #bali #ubud #travelwithkids #baliwithkids #balitravel #travel #baliindonesia #KidsFriendly #kidstrip #kidstravel",positif,Family-friendly Bali travel
ROUKA TRAVEL,,2026-01-31T21:34:09.000Z,,anglais,instagram,https://www.instagram.com/p/DUMKzAMjb24/,promotion produit,475,roukatravel,"👉 Our destination ideas for your next exotic trip with ROUKA TRAVEL. 

Looking for peaceful beaches? Choose the Maldives, Seychelles, or Zanzibar.

Craving authentic experiences? Discover Vietnam, Cambodia, or Sri Lanka.

Dreaming of modern cities paired with paradise beaches? Malaysia, Thailand, or the Philippines are perfect.

Want it all — nature, beaches, culture, and vibrant nightlife? Bali is the ultimate destination.

#RoukaTravel #travel #voyage",positif,Destinations de voyage exotiques
Ôthentic Travel,,2026-07-13T14:33:40.000Z,"Transfert privé aller‑retour depuis Sousse ou Monastir, véhicule climatisé, départ depuis l'hôtel, retour après le spectacle",français,instagram,https://www.instagram.com/p/DavI-DdN7Of/,promotion produit,2,othentic.travels.services,"🎼 Vivez la magie du Festival International de Musique Symphonique d’El Jem ! 🏛️✨

Chaque été, le majestueux Amphithéâtre romain d’El Jem, classé au patrimoine mondial de l’UNESCO, accueille l’un des événements culturels les plus prestigieux de Tunisie : le Festival International de Musique Symphonique d’El Jem.

🎻 Programme 2026
• 15 juillet – Orchestre Symphonique de Sousse : Tarabiat Symphoniques
• 18 juillet – Camerata Barcelona : Couleurs d’Espagne
• 24 juillet – Orchestre l’Orphéon
• 25 juillet – Boléro de Ravel & Shéhérazade
• 1 août – Vienna Opera Ball Orchestra
• 6 août – CINECITTÀ / HOLLYWOOD : Les plus grandes musiques de films
• 8 août – Naples en Méditerranée
• 12 août – Orchestre Symphonique de Carthage
• 15 août – Yury Revich & My Sounds Ensemble (Autriche)

🚐 Ôthentic Travel vous propose un transfert privé aller-retour au départ de Sousse ou Monastir.

Profitez d’un transport confortable et sans stress pour assister à une soirée exceptionnelle sous les étoiles, dans l’un des monuments romains les mieux conservés au monde.

✅ Véhicule privé climatisé
✅ Départ depuis votre hôtel à Sousse ou Monastir
✅ Retour après le spectacle
✅ Service confortable et personnalisé

🎟️ Réservez dès maintenant votre transfert privé et vivez une expérience culturelle inoubliable à El Jem !

📩 Contactez-nous pour plus d’informations et pour réserver votre place.",positif,Festival symphonique à El Jem
,,2026-09-17T18:45:38.000Z,,anglais,instagram,https://www.instagram.com/p/DdZiRmYCOTaw6vba4OtbHygvLwFr-R2I5qBXbA0/,autre,499,emna.maalaoui,Standing at the gates of heaven 🌸,positif,céleste inspiration beauté
,"Error code: 400 - {'error': {'message': ""Failed to generate JSON. Please adjust your prompt. See 'failed_generation' for more details."", 'type': 'invalid_request_error', 'code': 'json_validate_failed', 'failed_generation': 'max completion tokens reached before generating a valid document'}}",2025-12-21T11:41:50.000Z,,,instagram,https://www.instagram.com/p/DShjJS5jfsO/,,8,agenciadesertrosetunez,"Eligen a Túnez como destino imprescindible:
https://www.viajesdesertrose.com/tunez-destino-tendencia-2025-national-geographic-lonely-planet/",,
,"Error code: 400 - {'error': {'message': ""Failed to validate JSON. Please adjust your prompt. See 'failed_generation' for more details."", 'type': 'invalid_request_error', 'code': 'json_validate_failed', 'failed_generation': ''}}",2025-10-01T21:02:06.000Z,,,instagram,https://www.instagram.com/p/DPR-4BLDUdJ/,,15,agenciadesertrosetunez,"Interesante fin de año en Túnez.✈
#findeaño #nochevieja #viajesinolvidables #túnez #sahara #traveltogether",,
,"Error code: 400 - {'error': {'message': ""Failed to validate JSON. Please adjust your prompt. See 'failed_generation' for more details."", 'type': 'invalid_request_error', 'code': 'json_validate_failed', 'failed_generation': ''}}",2026-05-13T18:49:17.000Z,,,instagram,https://www.instagram.com/p/DYShvMejTv_/,,12,agenciadesertrosetunez,"EL JEM
https://www.viajesdesertrose.com/anfiteatrodeljem/",,
,"Error code: 400 - {'error': {'message': ""Failed to validate JSON. Please adjust your prompt. See 'failed_generation' for more details."", 'type': 'invalid_request_error', 'code': 'json_validate_failed', 'failed_generation': ''}}",2026-03-16T08:01:08.000Z,,,instagram,https://www.instagram.com/p/DV8BdPDDboO/,,22,agenciadesertrosetunez,Vehículos confortables para descubrir Túnez.,,
,,2026-03-16T20:08:45.000Z,,anglais,instagram,https://www.instagram.com/p/DV9T1LvDfaj/,relations publiques,0,othentic.travels.services,"Night 27 🌙
A night of prayers, hope, and forgiveness.
May all our duas be accepted. 🤍",positif,Nuit de prières et espoir
,,2026-03-19T18:53:20.000Z,,mixte,instagram,https://www.instagram.com/p/DWE6B3YDZar/,relations publiques,0,othentic.travels.services,"As Ramadan comes to an end, we wish you health, happiness, and joy. Eid Mubarak to you and your loved ones ❤️",positif,Ramadan ending holiday greeting
,"Error code: 400 - {'error': {'message': ""Failed to validate JSON. Please adjust your prompt. See 'failed_generation' for more details."", 'type': 'invalid_request_error', 'code': 'json_validate_failed', 'failed_generation': ''}}",2026-05-27T16:45:11.000Z,,,instagram,https://www.instagram.com/p/DY2WpYzM8Jw/,,2,othentic.travels.services,"Eid Adha Mubarak! 🌙✨
May this blessed occasion bring you joy, peace, success, and beautiful moments with your loved ones. 🐑🤍",,
,"Error code: 400 - {'error': {'message': ""Failed to validate JSON. Please adjust your prompt. See 'failed_generation' for more details."", 'type': 'invalid_request_error', 'code': 'json_validate_failed', 'failed_generation': ''}}",2026-04-21T20:13:22.000Z,,,instagram,https://www.instagram.com/p/DXaBKmqDVOO/,,2,othentic.travels.services,Discover one of the most important museums in Tunisia at your own pace. Book your private tour with us through our website or contact us directly on WhatsApp at +216 27 020 020.,,
,"Error code: 400 - {'error': {'message': ""Failed to generate JSON. Please adjust your prompt. See 'failed_generation' for more details."", 'type': 'invalid_request_error', 'code': 'json_validate_failed', 'failed_generation': 'max completion tokens reached before generating a valid document'}}",2026-09-14T01:58:20.000Z,,,instagram,https://www.instagram.com/p/DdQAabHIvXp/,,4,jasmin.adventures,"As the sun begins to set over the Sahara, the caravan slowly prepares to leave.

Camel riding is one of those simple experiences that makes a Sahara journey unforgettable.

Experience the Tunisian Sahara with Jasmin Adventures.
Private Sahara tours from Sousse, Hammamet, Monastir and other locations.

WhatsApp: +216 57 055 758
jasminadventures.com

#SaharaTunisia #CamelRiding #TunisiaTravel #PrivateTourTunisia #JasminAdventures",,
Jasmin Adventures,,2026-09-16T23:23:47.000Z,"Private Sahara journey to Chott el Jerid, contact via WhatsApp (+216 57 055 758) or website jasminadventures.com",anglais,instagram,https://www.instagram.com/p/DdXdJeDozwN/,promotion produit,5,jasmin.adventures,"Chott el Jerid is one of the most remarkable landscapes in southern Tunisia.

For much of the year, this vast salt lake is almost completely dry. What remains is an immense white salt crust stretching toward the horizon, where heat and light often create mirages that make water seem to appear in the distance.

The road across Chott el Jerid is part of the journey between Tunisia’s oasis towns and the Sahara, and sunrise is one of the best times to see how dramatically the landscape changes with the light.

It is one of those places that photographs never quite explain until you stand there yourself.

See Chott el Jerid as part of your private Sahara journey with Jasmin Adventures.

WhatsApp: +216 57 055 758
jasminadventures.com

#chotteljerid #tunisia #tunisiatravel #privatesaharatours #jasminadventures",positif,Chott el Jerid travel promotion
,"Error code: 400 - {'error': {'message': ""Failed to generate JSON. Please adjust your prompt. See 'failed_generation' for more details."", 'type': 'invalid_request_error', 'code': 'json_validate_failed', 'failed_generation': 'max completion tokens reached before generating a valid document'}}",2025-10-02T15:00:27.000Z,,,instagram,https://www.instagram.com/p/DPT6SDlkWT3/,,7,xperience_tunisia,"Tunisia Roman Ancients📜🇹🇳
Thank you Steve for sharing with us your journey through the Roman ruins.
We would like to share Steve review :
""Many thanks to everybody at Xperience Tunisia for making our trip such an enjoyable experience! Emir was extremely helpful at organising the tour and finding us exceptional accommodation.
Our tour guide Hamdane was very knowledgeable and we very much enjoyed his company.
The whole journey exceeded our expectations!""

 #visittunisia #Tunisia #traveltunisia #xperiencetunisia #ExploreTunisia #ancientvillage",,
,,2025-08-16T10:39:31.000Z,,anglais,instagram,https://www.instagram.com/p/DNabDzRsBkl/,relations publiques,3,xperience_tunisia,"Beautiful images from Tânia & Miguel our  wonderful guests in Tunisia.
Thank you for joining us in an amazing adventure!

Tânia & Miguel Review :
"" Hi, just a word to thank you for everything.
The experience was very good. Both the guide and the driver, Medhi and Joseph, were excellent.
Regards. Tânia & Miguel ""

 #traveltunisia #Tunisia #xperiencetunisia #visittunisia",positif,Guest testimonial travel experience
,"Error code: 400 - {'error': {'message': ""Failed to validate JSON. Please adjust your prompt. See 'failed_generation' for more details."", 'type': 'invalid_request_error', 'code': 'json_validate_failed', 'failed_generation': ''}}",2026-07-29T08:40:40.000Z,,,instagram,https://www.instagram.com/p/DbXtS5Yjfwa/,,6,agenciadesertrosetunez,"La odisea de Ulises en Túnez
https://www.viajesdesertrose.com/ulises-en-la-isla-de-djerba/",,
Xperience Tunisia,,2025-09-25T12:00:48.000Z,,anglais,instagram,https://www.instagram.com/p/DPBkKFOjYuY/,relations publiques,6,xperience_tunisia,"From Jehan adventure in Tunisia🇹🇳
We're happy to provide the best Tunisia adventure for Jehan & Mary, and glad to hear how happy and satisfy they are!

Congratulations for your amazing trip, and thank you Jehan for sharing with us such a wonderful review:
""I had a wonderful time in Tunisia thanks to Xperience Tunisia. Our tour guide Ben was well versed in the history of Tunisia and the different sites we visited. Mohamed was an excellent driver. We had great accommodations, the food was delicious and the people were very friendly. Tunisia is a beautiful country. I highly recommend this tour company.""

 #Tunisia #traveltunisia #visittunisia #xperiencetunisia #sidibousaid",positif,Customer testimonial positive
,"Error code: 400 - {'error': {'message': ""Failed to validate JSON. Please adjust your prompt. See 'failed_generation' for more details."", 'type': 'invalid_request_error', 'code': 'json_validate_failed', 'failed_generation': ''}}",2025-12-09T17:07:32.000Z,,,instagram,https://www.instagram.com/p/DSDO4XTke8o/,,14,xperience_tunisia,"✨ 𝑨𝒕 𝑿𝒑𝒆𝒓𝒊𝒆𝒏𝒄𝒆 𝑻𝒖𝒏𝒊𝒔𝒊𝒂, 𝒘𝒆 𝒉𝒂𝒗𝒆 𝒕𝒉𝒆 𝒑𝒓𝒊𝒗𝒊𝒍𝒆𝒈𝒆 𝒐𝒇 𝒄𝒓𝒆𝒂𝒕𝒊𝒏𝒈 𝒕𝒓𝒊𝒑𝒔, 𝒃𝒖𝒕 𝒔𝒐𝒎𝒆𝒕𝒊𝒎𝒆𝒔, 𝒘𝒆’𝒓𝒆 𝒑𝒂𝒓𝒕 𝒐𝒇 𝒔𝒐𝒎𝒆𝒕𝒉𝒊𝒏𝒈 𝒎𝒖𝒄𝒉 𝒅𝒆𝒆𝒑𝒆𝒓. ✨

Recently, we welcomed a Miriam and her partner who had a very special dream:
to return to Tunisia for the first time since she left as a very young child.

In her own words:
“𝑰𝒕 𝒉𝒂𝒅 𝒃𝒆𝒆𝒏 𝒂 𝒍𝒊𝒇𝒆𝒍𝒐𝒏𝒈 𝒅𝒓𝒆𝒂𝒎 𝒇𝒐𝒓 𝒎𝒆 𝒕𝒐 𝒓𝒆𝒕𝒖𝒓𝒏 𝒕𝒐 𝑻𝒖𝒏𝒊𝒔𝒊𝒂… 𝒕𝒉𝒆 𝒐𝒏𝒍𝒚 𝒎𝒆𝒎𝒐𝒓𝒊𝒆𝒔 𝑰 𝒉𝒂𝒅 𝒘𝒆𝒓𝒆 𝒕𝒉𝒐𝒔𝒆 𝒑𝒂𝒔𝒔𝒆𝒅 𝒅𝒐𝒘𝒏 𝒃𝒚 𝒎𝒚 𝒑𝒂𝒓𝒆𝒏𝒕𝒔 𝒂𝒏𝒅 𝒔𝒊𝒃𝒍𝒊𝒏𝒈𝒔.”

From the moment they arrived, she said,
“𝒘𝒆 𝒌𝒏𝒆𝒘 𝒕𝒉𝒊𝒔 𝒘𝒐𝒖𝒍𝒅 𝒃𝒆 𝒂 𝒔𝒑𝒆𝒄𝒊𝒂𝒍 𝒋𝒐𝒖𝒓𝒏𝒆𝒚.”

Our guide, Khalil, and our driver, Mohamed, accompanied them through breathtaking places like Dougga, El Jem, and the Sahara.
But one day stood out above all:

💛 𝑻𝒉𝒆 𝒅𝒂𝒚 𝒘𝒆 𝒇𝒐𝒖𝒏𝒅 𝒕𝒉𝒆 𝒉𝒐𝒖𝒔𝒆 𝒘𝒉𝒆𝒓𝒆 𝒔𝒉𝒆 𝒘𝒂𝒔 𝒃𝒐𝒓𝒏 𝒎𝒐𝒓𝒆 𝒕𝒉𝒂𝒏 60 𝒚𝒆𝒂𝒓𝒔 𝒂𝒈𝒐.

She wrote:
“𝑲𝒉𝒂𝒍𝒊𝒍 𝒘𝒆𝒏𝒕 𝒂𝒃𝒐𝒗𝒆 𝒂𝒏𝒅 𝒃𝒆𝒚𝒐𝒏𝒅… 𝒉𝒆 𝒂𝒔𝒌𝒆𝒅 𝒍𝒐𝒄𝒂𝒍𝒔, 𝒗𝒊𝒔𝒊𝒕𝒆𝒅 𝒕𝒉𝒆 𝒕𝒐𝒘𝒏 𝒉𝒂𝒍𝒍 𝒕𝒐 𝒄𝒉𝒆𝒄𝒌 𝒓𝒆𝒄𝒐𝒓𝒅𝒔, 𝒂𝒏𝒅 𝒆𝒙𝒑𝒍𝒐𝒓𝒆𝒅 𝒆𝒗𝒆𝒓𝒚 𝒑𝒐𝒔𝒔𝒊𝒃𝒍𝒆 𝒍𝒆𝒂𝒅.”

Thanks to the incredible kindness of the people they met along the way, and the guide’s dedication, they found the house, the café her parents once ran, and even the school her family attended generations ago.

She described it as:
“𝑻𝒓𝒖𝒍𝒚 𝒂 𝒅𝒓𝒆𝒂𝒎 𝒄𝒐𝒎𝒆 𝒕𝒓𝒖𝒆… 𝒂 𝒓𝒆𝒄𝒐𝒏𝒏𝒆𝒄𝒕𝒊𝒐𝒏 𝒘𝒊𝒕𝒉 𝒎𝒚 𝒑𝒂𝒔𝒕 𝒕𝒉𝒂𝒕 𝑰’𝒍𝒍 𝒇𝒐𝒓𝒆𝒗𝒆𝒓 𝒃𝒆 𝒈𝒓𝒂𝒕𝒆𝒇𝒖𝒍 𝒇𝒐𝒓.”

Stories like this remind us why we do what we do.
✨ 𝑻𝒖𝒏𝒊𝒔𝒊𝒂 𝒊𝒔𝒏’𝒕 𝒋𝒖𝒔𝒕 𝒂 𝒅𝒆𝒔𝒕𝒊𝒏𝒂𝒕𝒊𝒐𝒏 𝒊𝒕’𝒔 𝒂 𝒑𝒍𝒂𝒄𝒆 𝒐𝒇 𝒓𝒐𝒐𝒕𝒔, 𝒎𝒆𝒎𝒐𝒓𝒊𝒆𝒔, 𝒂𝒏𝒅 𝒓𝒆𝒅𝒊𝒔𝒄𝒐𝒗𝒆𝒓𝒚.
And we’re honored to be part of moments that stay in people’s hearts forever.

🇹🇳 Tunisia is waiting to welcome you, too.
Whether it's a homecoming or your first adventure here, we’d love to craft a meaningful journey for you.

 #visittunisia #Tunisia #traveltunisia #xperiencetunisia #ExploreTunisia",,
,"Error code: 400 - {'error': {'message': ""Failed to generate JSON. Please adjust your prompt. See 'failed_generation' for more details."", 'type': 'invalid_request_error', 'code': 'json_validate_failed', 'failed_generation': 'max completion tokens reached before generating a valid document'}}",2025-07-10T23:46:03.000Z,,,instagram,https://www.instagram.com/p/DL8iNWaouad/,,110,jasmin.adventures,"🕰️
What remains when time disappears?
Stone.
Memory.
And silence.
⠀
This is not Rome.
This is Tunisia.
And this… is El Jem.
⠀
🏛️ Roman Colosseum of Africa
🚌 Daily trips from Sousse, Hammamet & Monastir
📲 Book now – via WhatsApp or DM
🌍 jasminadventures.com 
#exploretunisia Tunisu

#TunisiaTravel 
#ElJem 
#ColosseumOfAfrica 
#ExploreTunisia 
#TunisiaExcursions 
#NorthAfricaTravel 
#VisitTunisia 
#SaharaTrips 
#HiddenGems 
#AfricanAdventure 

#JasminAdventures 
#UNESCOWorldHeritage 
#HistoryTravel 
#Tunisia2025 
#CulturalTrips 
#DesertExperience 
#DayTripsTunisia 
#TunisiaVacation 
#FamilyTripsTunisia 
#BucketListTunisia 
#VoyageTunisie 
#DécouverteTunisie 
#VacancesTunisie 
#TourismeCulturel 

#Tunesien 
#ReiseTunesien 
#KulturreiseTunesien 
#AbenteuerTunesien 

#Tunisko",,
Sahara tour,,2025-07-07T17:42:52.000Z,"2-day Sahara tour, book via DM or website",anglais,instagram,https://www.instagram.com/p/DL0LZ3To1tK/,promotion produit,154,jasmin.adventures,"🌵 Ready for an unforgettable desert adventure?

From ancient colosseums to Berber caves, from camel rides to sleeping under Sahara stars…
✨ This is Day 1 of our 2-day Sahara tour.

DM to book or visit jasminadventures.com 🧭

@jasminadventures @visittunisia
#SaharaTunisia #TunisiaAdventure #JasminAdventures #DesertTrip #TunisiaTours #SaharaTour #ExploreTunisia #Matmata #Douz #SousseToSahara #TunisiaEscape #TravelAfrica #TunisiaWithKids #BerberCulture 

Follow us for more authentic Tunisian adventures 🇹🇳✨",positif,Sahara adventure tour
"private Tunis, Carthage and Sidi Bou Said tour",,2026-09-16T02:14:30.000Z,"private tour with comfortable air‑conditioned vehicle, hotel pick‑up and return, explore at your own pace",anglais,instagram,https://www.instagram.com/p/DdVL6MiorK1/,promotion produit,8,jasmin.adventures,"Sidi Bou Said is now officially a UNESCO World Heritage Site.

Set on a hill above the Mediterranean, this famous village is known for its white houses, blue doors, narrow streets and beautiful sea views. But Sidi Bou Said is much more than a place for photographs. Its history, traditional architecture and spiritual importance have shaped the village for centuries.

Visit Sidi Bou Said as part of our private Tunis, Carthage and Sidi Bou Said tour. Travel in a comfortable, air-conditioned vehicle, enjoy hotel pick-up and return, and explore each place at your own pace.

Book your private tour with Jasmin Adventures.

WhatsApp: +216 57 055 758
jasminadventures.com

#jasminadventures #tunisia #travelreels #tour #visittunisia",positif,UNESCO site private tour
,,2025-08-14T12:01:25.000Z,,anglais,instagram,https://www.instagram.com/p/DNVa11VtVpl/,promotion produit,2,xperience_tunisia,"𝓟𝓮𝓪𝓬𝓮 𝓪𝓷𝓭 𝓟𝓪𝓻𝓪𝓭𝓲𝓬𝓮 𝓶𝓮𝓮𝓽 𝓲𝓷 𝓣𝓾𝓷𝓲𝓼𝓲𝓪 🌴🏖
.
.
.
@Xperience Tunisia 

 #traveltunisia #visittunisia #xperiencetunisia #Tunisia",positif,paix paradis tourisme Tunisie
,"Error code: 400 - {'error': {'message': ""Failed to validate JSON. Please adjust your prompt. See 'failed_generation' for more details."", 'type': 'invalid_request_error', 'code': 'json_validate_failed', 'failed_generation': ''}}",2025-12-09T17:07:29.000Z,,,facebook,https://www.facebook.com/xperiencetunisia/posts/pfbid0CrfRk63x3WdTvXiHv8Qa3dic7eP6GiCXUNgThAYXtLfpuyoF8NcNjvzKZ2XBFrh8l,,1,xperiencetunisia,"✨ 𝑨𝒕 𝑿𝒑𝒆𝒓𝒊𝒆𝒏𝒄𝒆 𝑻𝒖𝒏𝒊𝒔𝒊𝒂, 𝒘𝒆 𝒉𝒂𝒗𝒆 𝒕𝒉𝒆 𝒑𝒓𝒊𝒗𝒊𝒍𝒆𝒈𝒆 𝒐𝒇 𝒄𝒓𝒆𝒂𝒕𝒊𝒏𝒈 𝒕𝒓𝒊𝒑𝒔, 𝒃𝒖𝒕 𝒔𝒐𝒎𝒆𝒕𝒊𝒎𝒆𝒔, 𝒘𝒆’𝒓𝒆 𝒑𝒂𝒓𝒕 𝒐𝒇 𝒔𝒐𝒎𝒆𝒕𝒉𝒊𝒏𝒈 𝒎𝒖𝒄𝒉 𝒅𝒆𝒆𝒑𝒆𝒓. ✨

Recently, we welcomed a Miriam and her partner who had a very special dream:
to return to Tunisia for the first time since she left as a very young child.

In her own words:
“𝑰𝒕 𝒉𝒂𝒅 𝒃𝒆𝒆𝒏 𝒂 𝒍𝒊𝒇𝒆𝒍𝒐𝒏𝒈 𝒅𝒓𝒆𝒂𝒎 𝒇𝒐𝒓 𝒎𝒆 𝒕𝒐 𝒓𝒆𝒕𝒖𝒓𝒏 𝒕𝒐 𝑻𝒖𝒏𝒊𝒔𝒊𝒂… 𝒕𝒉𝒆 𝒐𝒏𝒍𝒚 𝒎𝒆𝒎𝒐𝒓𝒊𝒆𝒔 𝑰 𝒉𝒂𝒅 𝒘𝒆𝒓𝒆 𝒕𝒉𝒐𝒔𝒆 𝒑𝒂𝒔𝒔𝒆𝒅 𝒅𝒐𝒘𝒏 𝒃𝒚 𝒎𝒚 𝒑𝒂𝒓𝒆𝒏𝒕𝒔 𝒂𝒏𝒅 𝒔𝒊𝒃𝒍𝒊𝒏𝒈𝒔.”

From the moment they arrived, she said,
“𝒘𝒆 𝒌𝒏𝒆𝒘 𝒕𝒉𝒊𝒔 𝒘𝒐𝒖𝒍𝒅 𝒃𝒆 𝒂 𝒔𝒑𝒆𝒄𝒊𝒂𝒍 𝒋𝒐𝒖𝒓𝒏𝒆𝒚.”

Our guide, Khalil, and our driver, Mohamed, accompanied them through breathtaking places like Dougga, El Jem, and the Sahara.
But one day stood out above all:

💛 𝑻𝒉𝒆 𝒅𝒂𝒚 𝒘𝒆 𝒇𝒐𝒖𝒏𝒅 𝒕𝒉𝒆 𝒉𝒐𝒖𝒔𝒆 𝒘𝒉𝒆𝒓𝒆 𝒔𝒉𝒆 𝒘𝒂𝒔 𝒃𝒐𝒓𝒏 𝒎𝒐𝒓𝒆 𝒕𝒉𝒂𝒏 60 𝒚𝒆𝒂𝒓𝒔 𝒂𝒈𝒐.

She wrote:
“𝑲𝒉𝒂𝒍𝒊𝒍 𝒘𝒆𝒏𝒕 𝒂𝒃𝒐𝒗𝒆 𝒂𝒏𝒅 𝒃𝒆𝒚𝒐𝒏𝒅… 𝒉𝒆 𝒂𝒔𝒌𝒆𝒅 𝒍𝒐𝒄𝒂𝒍𝒔, 𝒗𝒊𝒔𝒊𝒕𝒆𝒅 𝒕𝒉𝒆 𝒕𝒐𝒘𝒏 𝒉𝒂𝒍𝒍 𝒕𝒐 𝒄𝒉𝒆𝒄𝒌 𝒓𝒆𝒄𝒐𝒓𝒅𝒔, 𝒂𝒏𝒅 𝒆𝒙𝒑𝒍𝒐𝒓𝒆𝒅 𝒆𝒗𝒆𝒓𝒚 𝒑𝒐𝒔𝒔𝒊𝒃𝒍𝒆 𝒍𝒆𝒂𝒅.”

Thanks to the incredible kindness of the people they met along the way, and the guide’s dedication, they found the house, the café her parents once ran, and even the school her family attended generations ago.

She described it as:
“𝑻𝒓𝒖𝒍𝒚 𝒂 𝒅𝒓𝒆𝒂𝒎 𝒄𝒐𝒎𝒆 𝒕𝒓𝒖𝒆… 𝒂 𝒓𝒆𝒄𝒐𝒏𝒏𝒆𝒄𝒕𝒊𝒐𝒏 𝒘𝒊𝒕𝒉 𝒎𝒚 𝒑𝒂𝒔𝒕 𝒕𝒉𝒂𝒕 𝑰’𝒍𝒍 𝒇𝒐𝒓𝒆𝒗𝒆𝒓 𝒃𝒆 𝒈𝒓𝒂𝒕𝒆𝒇𝒖𝒍 𝒇𝒐𝒓.”

Stories like this remind us why we do what we do.
✨ 𝑻𝒖𝒏𝒊𝒔𝒊𝒂 𝒊𝒔𝒏’𝒕 𝒋𝒖𝒔𝒕 𝒂 𝒅𝒆𝒔𝒕𝒊𝒏𝒂𝒕𝒊𝒐𝒏 𝒊𝒕’𝒔 𝒂 𝒑𝒍𝒂𝒄𝒆 𝒐𝒇 𝒓𝒐𝒐𝒕𝒔, 𝒎𝒆𝒎𝒐𝒓𝒊𝒆𝒔, 𝒂𝒏𝒅 𝒓𝒆𝒅𝒊𝒔𝒄𝒐𝒗𝒆𝒓𝒚.
And we’re honored to be part of moments that stay in people’s hearts forever.

🇹🇳 Tunisia is waiting to welcome you, too.
Whether it's a homecoming or your first adventure here, we’d love to craft a meaningful journey for you.

 #visittunisia #Tunisia #traveltunisia #xperiencetunisia #ExploreTunisia",,
,"Error code: 400 - {'error': {'message': ""Failed to generate JSON. Please adjust your prompt. See 'failed_generation' for more details."", 'type': 'invalid_request_error', 'code': 'json_validate_failed', 'failed_generation': 'max completion tokens reached before generating a valid document'}}",2025-10-02T18:00:09.000Z,,,facebook,https://www.facebook.com/xperiencetunisia/posts/pfbid0jiWQXcQK6FFwjTXNfwUrxgjaNSgb6DezXUmhzGRoq9XF9ZZMZ7Z49PS6PWCmeBeGl,,3,xperiencetunisia,"Tunisia Roman Ancients📜🇹🇳
Thank you Steve for sharing with us your journey through the Roman ruins.

We would like to share Steve review :
""Many thanks to everybody at Xperience Tunisia for making our trip such an enjoyable experience! Emir was extremely helpful at organising the tour and finding us exceptional accommodation.
Our tour guide Hamdane was very knowledgeable and we very much enjoyed his company.
The whole journey exceeded our expectations!""

 #visittunisia #Tunisia #traveltunisia #xperiencetunisia #Carthage #ExploreTunisia",,
Xperience Tunisia,,2025-09-25T18:00:06.000Z,,anglais,facebook,https://www.facebook.com/xperiencetunisia/posts/pfbid02Kv6FquHxumS5Xp7USVED2pkpan69Wn4B1MEQdkMe5pTDU1jziDCNBY7rTSCCeRsBl,relations publiques,1,xperiencetunisia,"From Jehan adventure in Tunisia🇹🇳
We're happy to provide the best Tunisia adventure for Jehan & Mary, and glad to hear how happy and satisfy they are!

Congratulations for your amazing trip, and thank you Jehan for sharing with us such a wonderful review:
""I had a wonderful time in Tunisia thanks to Xperience Tunisia. Our tour guide Ben was well versed in the history of Tunisia and the different sites we visited. Mohamed was an excellent driver. We had great accommodations, the food was delicious and the people were very friendly. Tunisia is a beautiful country. I highly recommend this tour company.""

 #Tunisia #traveltunisia #visittunisia #xperiencetunisia #sidibousaid",positif,témoignage client positif
Desert Rose Service,,2026-07-21T17:01:20.000Z,,français,facebook,https://www.facebook.com/agencevoyagesentunisie/posts/pfbid0jJvFH526QL7XxNjZdjNJAkZjNczCRL7f3KcGc1Bpk1xcu1dSXtE4fc9bgdKaJNiQl,relations publiques,2,agencevoyagesentunisie,"Voyagez en toute sécurité, dans le confort et avec la qualité de service de Desert Rose Service.",positif,"Sécurité, confort, qualité"
,"Error code: 400 - {'error': {'message': ""Failed to validate JSON. Please adjust your prompt. See 'failed_generation' for more details."", 'type': 'invalid_request_error', 'code': 'json_validate_failed', 'failed_generation': ''}}",2026-05-31T10:42:13.000Z,,,facebook,https://www.facebook.com/agencevoyagesentunisie/posts/pfbid02oaiRxTyTbzmuvqvEkLeTC37e6Q2hidB2HXBrNr32kpCdmyKeBeCYdhaQgvASbYjxl,,1,agencevoyagesentunisie,Razones del corazón y la razón: Por qué se puede viajar a Túnez con total tranquilidad,,
,"Error code: 400 - {'error': {'message': ""Failed to generate JSON. Please adjust your prompt. See 'failed_generation' for more details."", 'type': 'invalid_request_error', 'code': 'json_validate_failed', 'failed_generation': 'max completion tokens reached before generating a valid document'}}",2026-05-27T09:24:54.000Z,,,facebook,https://www.facebook.com/agencevoyagesentunisie/posts/pfbid02XbrDXfBJNYCfrUMjV1nGwoAFEESeG34KKmEKvPf3V2U1xvuVxoVqftgdzbSBJCr1l,,0,agencevoyagesentunisie,"Lago de Chott el Jerid
https://www.viajesdesertrose.com/inicio/qu%C3%A9-ver/lago-de-chott-el-jerid/",,
,,2026-08-30T20:26:40.000Z,,anglais,facebook,https://www.facebook.com/RoukaTravel/posts/pfbid02mE6PWASW3xcRBCYSpuxr3PFLWa9kqLGXJiU3tizQwYh8bYYgh6pjRHS18RuMiveUl,actualité,7,RoukaTravel,"Samar & Bechir, chasing Bali's wild side. 
From Ubud's emerald landscapes to Uluwatu's breathtaking cliffs and hidden beaches, every stop tells a new story.

#Bali #ubud #Uluwatu",positif,Voyage à Bali
Rouka Travel,,2026-08-29T21:03:56.000Z,,anglais,facebook,https://www.facebook.com/RoukaTravel/posts/pfbid0jRoJPqZtthBmjgJJBY96L1QVbs67roZe8o8JRrV6q1cW9AKSBvZ1foQrHTVGzMkyl,promotion produit,2,RoukaTravel,"Hand in hand, friendships grow as we discover Bali's hidden treasures together. 🌿✨
Travel deeper with Rouka Travel.

#Bali #munduk #handaragate #RoukaTravel",positif,Amitié et voyage à Bali
,,2026-08-16T20:36:12.000Z,,anglais,facebook,https://www.facebook.com/RoukaTravel/posts/pfbid0LzZUH3uDNPAQuniBZLiEP266QH38ecERPFMDTqkYiU5NKCN4NrLWcXdwC5PkHv9vl,autre,0,RoukaTravel,"Ubud vibes

#ubud #Bali #RoukaTravel",positif,Ambiance à Ubud Bali
,,2025-08-16T10:42:18.000Z,,anglais,facebook,https://www.facebook.com/xperiencetunisia/posts/pfbid02NbiULhnoqVEXzwTEhTEw4es8T2vVSsez1TAY1y6WXdTMSzgJo6MU1Vw9fuYA4Dz5l,relations publiques,0,xperiencetunisia,"Beautiful images from Tânia & Miguel our  wonderful guests in Tunisia.
Thank you for joining us in an amazing adventure!

Tânia & Miguel Review :
"" Hi, just a word to thank you for everything.
The experience was very good. Both the guide and the driver, Medhi and Joseph, were excellent.
Regards. Tânia & Miguel ""

 #visittunisia #Tunisia #xperiencetunisia #traveltunisia #tunisiadesert",positif,guest testimonial travel experience
,"Error code: 400 - {'error': {'message': ""Failed to generate JSON. Please adjust your prompt. See 'failed_generation' for more details."", 'type': 'invalid_request_error', 'code': 'json_validate_failed', 'failed_generation': 'max completion tokens reached before generating a valid document'}}",2025-08-14T18:00:19.000Z,,,facebook,https://www.facebook.com/xperiencetunisia/posts/pfbid02yE68gXj6iH7JF4YZC3EHHYV1YdavmKvC1m8Z2DWrT4N5Ye7pPYakVZ412Tts4uoal,,2,xperiencetunisia,"𝓟𝓮𝓪𝓬𝓮 𝓪𝓷𝓭 𝓟𝓪𝓻𝓪𝓭𝓲𝓬𝓮 𝓶𝓮𝓮𝓽 𝓲𝓷 𝓣𝓾𝓷𝓲𝓼𝓲𝓪 🌴🏖
.
.
.
@Xperience Tunisia 

 #traveltunisia #visittunisia #xperiencetunisia #Tunisia",,
,"Error code: 400 - {'error': {'message': ""Failed to generate JSON. Please adjust your prompt. See 'failed_generation' for more details."", 'type': 'invalid_request_error', 'code': 'json_validate_failed', 'failed_generation': 'max completion tokens reached before generating a valid document'}}",2026-07-13T14:33:44.000Z,,,facebook,https://www.facebook.com/permalink.php?story_fbid=pfbid031SjodGocLCbTCZVyDrET6twAN93vMCdXaWPsiKcBfL8iHotQrqSSyMZsiC1GL7zVl&id=100076495537059,,1,%C3%94thentic-Travel-Services,"🎼 Vivez la magie du Festival International de Musique Symphonique d’El Jem ! 🏛️✨

Chaque été, le majestueux Amphithéâtre romain d’El Jem, classé au patrimoine mondial de l’UNESCO, accueille l’un des événements culturels les plus prestigieux de Tunisie : le Festival International de Musique Symphonique d’El Jem.

🎻 Programme 2026
• 15 juillet – Orchestre Symphonique de Sousse : Tarabiat Symphoniques
• 18 juillet – Camerata Barcelona : Couleurs d’Espagne
• 24 juillet – Orchestre l’Orphéon
• 25 juillet – Boléro de Ravel & Shéhérazade
• 1 août – Vienna Opera Ball Orchestra
• 6 août – CINECITTÀ / HOLLYWOOD : Les plus grandes musiques de films
• 8 août – Naples en Méditerranée
• 12 août – Orchestre Symphonique de Carthage
• 15 août – Yury Revich & My Sounds Ensemble (Autriche)

🚐 Ôthentic Travel vous propose un transfert privé aller-retour au départ de Sousse ou Monastir.

Profitez d’un transport confortable et sans stress pour assister à une soirée exceptionnelle sous les étoiles, dans l’un des monuments romains les mieux conservés au monde.

✅ Véhicule privé climatisé
✅ Départ depuis votre hôtel à Sousse ou Monastir
✅ Retour après le spectacle
✅ Service confortable et personnalisé

🎟️ Réservez dès maintenant votre transfert privé et vivez une expérience culturelle inoubliable à El Jem !

📩 Contactez-nous pour plus d’informations et pour réserver votre place.",,
,,2026-05-27T16:45:22.000Z,,mixte,facebook,https://www.facebook.com/reel/35759666423681225/,relations publiques,1,%C3%94thentic-Travel-Services,"Eid Adha Mubarak! 🌙✨
May this blessed occasion bring you joy, peace, success, and beautiful moments with your loved ones. 🐑🤍",positif,Eid greeting and wishes
,"Error code: 400 - {'error': {'message': ""Failed to validate JSON. Please adjust your prompt. See 'failed_generation' for more details."", 'type': 'invalid_request_error', 'code': 'json_validate_failed', 'failed_generation': ''}}",2026-04-21T20:13:30.000Z,,,facebook,https://www.facebook.com/reel/2428096724302215/,,1,%C3%94thentic-Travel-Services,Discover one of the most important museums in Tunisia at your own pace. Book your private tour with us through our website or contact us directly on WhatsApp at +216 27 020 020.,,
,"Error code: 400 - {'error': {'message': ""Failed to generate JSON. Please adjust your prompt. See 'failed_generation' for more details."", 'type': 'invalid_request_error', 'code': 'json_validate_failed', 'failed_generation': 'max completion tokens reached before generating a valid document'}}",2026-09-16T23:24:13.000Z,,,facebook,https://www.facebook.com/reel/1048756674665348/,,2,jasminadventures,"Chott el Jerid is one of the most remarkable landscapes in southern Tunisia.

For much of the year, this vast salt lake is almost completely dry. What remains is an immense white salt crust stretching toward the horizon, where heat and light often create mirages that make water seem to appear in the distance.

The road across Chott el Jerid is part of the journey between Tunisia’s oasis towns and the Sahara, and sunrise is one of the best times to see how dramatically the landscape changes with the light.

It is one of those places that photographs never quite explain until you stand there yourself.

See Chott el Jerid as part of your private Sahara journey with Jasmin Adventures.

WhatsApp: +216 57 055 758
jasminadventures.com

#chotteljerid #tunisia #tunisiatravel #privatesaharatours #jasminadventures",,
,,2026-05-27T09:23:03.000Z,,français,facebook,https://www.facebook.com/agencevoyagesentunisie/posts/pfbid02ghmea7vkGVuyerPf32XL6zVemyAQz5aAhjXTu4YjYYyMHWXNQDxmg7VJXRzbXYYCl,information pratique,2,agencevoyagesentunisie,"Chott el Jerid
https://www.viajesdesertrose.com/fr/toutes-les-visites/lac-chott-el-jerid/",positif,Découverte du lac salé
,"Error code: 400 - {'error': {'message': ""Failed to generate JSON. Please adjust your prompt. See 'failed_generation' for more details."", 'type': 'invalid_request_error', 'code': 'json_validate_failed', 'failed_generation': 'max completion tokens reached before generating a valid document'}}",2026-05-14T14:26:45.000Z,,,facebook,https://www.facebook.com/agencevoyagesentunisie/posts/pfbid0qDwvfeeCQwn33Fs159rBAnGDBKWzazWmLHKUCcjxoJZp73jjkELCnHZg9igM96FLl,,2,agencevoyagesentunisie,"NEFTA, L'ENDROIT OÙ LE TEMPS S'EST ARRÊTÉ...",,
,"Error code: 400 - {'error': {'message': ""Failed to validate JSON. Please adjust your prompt. See 'failed_generation' for more details."", 'type': 'invalid_request_error', 'code': 'json_validate_failed', 'failed_generation': ''}}",2026-08-16T03:42:52.000Z,,,facebook,https://www.facebook.com/RoukaTravel/posts/pfbid02yZreQSyQb12fsrHA3kYg4ZhYMdhCaMmhERoUH55kcitgk9tfgbSVMxnmQ4fyD5DQl,,7,RoukaTravel,"Small group adventure with a local expert guide. Discover the culture, meet the locals, and experience everyday life. 
This isn't just an organized tour it's a genuine travel experience ✨️

#Bali #ubud
#ubudbali #RoukaTravel",,
,,2026-07-05T17:55:29.000Z,,anglais,facebook,https://www.facebook.com/RoukaTravel/posts/pfbid02qKWuimEYKxNXh5jbPyhv5k9uaYbDvA5TR6oF9x1CoNDNm26SDxsopxaRoEwQjhGLl,actualité,1,RoukaTravel,"In Ubud, Arij and Donia reconnect with nature's energy.

#bali #ubud #RoukaTravel",positif,reconnexion nature à Ubud
,"Error code: 400 - {'error': {'message': ""Failed to validate JSON. Please adjust your prompt. See 'failed_generation' for more details."", 'type': 'invalid_request_error', 'code': 'json_validate_failed', 'failed_generation': ''}}",2026-09-16T02:14:56.000Z,,,facebook,https://www.facebook.com/reel/1090625140028899/,,5,jasminadventures,"Sidi Bou Said is now officially a UNESCO World Heritage Site.

Set on a hill above the Mediterranean, this famous village is known for its white houses, blue doors, narrow streets and beautiful sea views. But Sidi Bou Said is much more than a place for photographs. Its history, traditional architecture and spiritual importance have shaped the village for centuries.

Visit Sidi Bou Said as part of our private Tunis, Carthage and Sidi Bou Said tour. Travel in a comfortable, air-conditioned vehicle, enjoy hotel pick-up and return, and explore each place at your own pace.

Book your private tour with Jasmin Adventures.

WhatsApp: +216 57 055 758
jasminadventures.com

#jasminadventures #tunisia #travelreels #tour #visittunisia",,
,,2026-03-19T18:53:32.000Z,,mixte,facebook,https://www.facebook.com/reel/765514519725412/,relations publiques,2,%C3%94thentic-Travel-Services,"As Ramadan comes to an end, we wish you health, happiness, and joy. Eid Mubarak to you and your loved ones ❤️",positif,Vœux de fin Ramadan
,,2026-03-19T18:46:04.000Z,,mixte,facebook,https://www.facebook.com/reel/2099034530828950/,relations publiques,2,%C3%94thentic-Travel-Services,"As Ramadan comes to an end, we wish you health, happiness, and joy. Eid Mubarak to you and your loved ones ❤️",positif,Vœux de fin Ramadan
