"additionalInfo/Accessibilité/0/Entrée accessible en fauteuil roulant","additionalInfo/Accessibilité/0/Parking accessible en fauteuil roulant","additionalInfo/Accessibilité/1/Entrée accessible en fauteuil roulant","additionalInfo/Accessibilité/1/Parking accessible en fauteuil roulant","additionalInfo/Planning/0/Rendez-vous recommandés","additionalInfo/Services/0/Distributeur de billets","additionalInfo/Services disponibles/0/Rendez-vous en ligne","additionalInfo/Services disponibles/0/Services sur place","additionalInfo/Services disponibles/1/Rendez-vous en ligne","additionalInfo/Services disponibles/1/Services sur place","address","categories/0","categories/1","categoryName","checkInDate","checkOutDate","cid","city","claimThisBusiness","countryCode","description","fid","floor","googleFoodUrl","hotelDescription","hotelStars","imageUrl","imagesCount","isAdvertisement","kgmid","language","locatedIn","location/lat","location/lng","menu","neighborhood","openingHours/0/day","openingHours/0/hours","openingHours/1/day","openingHours/1/hours","openingHours/2/day","openingHours/2/hours","openingHours/3/day","openingHours/3/hours","openingHours/4/day","openingHours/4/hours","openingHours/5/day","openingHours/5/hours","openingHours/6/day","openingHours/6/hours","permanentlyClosed","phone","phoneUnformatted","placeId","plusCode","popularTimesLivePercent","popularTimesLiveText","postalCode","price","rank","reserveTableUrl","reviewsCount","reviewsDistribution/fiveStar","reviewsDistribution/fourStar","reviewsDistribution/oneStar","reviewsDistribution/threeStar","reviewsDistribution/twoStar","scrapedAt","searchPageUrl","searchString","servicesLink","state","street","subTitle","temporarilyClosed","title","totalScore","url","website"
,,,,,,,,,,"Av. Taib Mehiri, Sousse, Tunisie","Banque",,"Banque",,,"6798745399789478140","Sousse","false","TN",,"0x1302759cbb0ea44f:0x5e59feeb78c5e0fc",,,,,"https://lh3.googleusercontent.com/gps-cs-s/APNQkAEd5EvkCKisioZuUJ2A7lY5CKG0DAj_8V2exHT5HEYcytUe-A9IpVzqV-10fk1erlUCSxd6bNvL2ITdABItaKZSSkzYoAV9exEae4DfLsk6G1uN1HncNOZ0bM_l1rPGiQaASVxa=w408-h272-k-no","28","false","/g/11c6cd1b7m","fr",,"35.8398427","10.6238578",,,"lundi","08:15 to 16:30","mardi","08:15 to 16:30","mercredi","08:15 to 16:30","jeudi","08:15 to 16:30","vendredi","08:15 to 16:30","samedi","Fermé","dimanche","Fermé","false","+216 71 186 762","+21671186762","ChIJT6QOu5x1AhMR_ODFeOv-WV4",,,,,,"1",,"16",,,,,,"2026-07-06T15:09:24.613Z","https://www.google.com/maps/search/banque/@35.842160129047954,10.620065984983865,17z?hl=fr","banque",,,"Av. Taib Mehiri",,"false","Al Baraka Bank - Agence Sousse","4","https://www.google.com/maps/search/?api=1&query=Al%20Baraka%20Bank%20-%20Agence%20Sousse&query_place_id=ChIJT6QOu5x1AhMR_ODFeOv-WV4","http://www.albaraka.com.tn/"
"true",,,,,,,,,,"Place du Maghreb arabe, 3 avenue Leopold Sédar Senghor, Immeuble El Wifak Sousse, 119 Av. Léopold Senghor, Sousse 4053, Tunisie","Banque",,"Banque",,,"10271316930589850315","Sousse","false","TN",,"0x13027580df4b90b1:0x8e8b0c541f437acb",,,,,"https://lh3.googleusercontent.com/gps-cs-s/APNQkAEg_pQATb4QkEGDZ7euUG3t12E-dhLT7-dltKcUYEsETk3-Z-_vRghT4X4nzup1hurNFmTdumeZXOYDPrwOqULyb6BOmEpZlCFEAyUawytvxzELYlEVrD51g0XsIINwvUILamiV=w408-h544-k-no","4","false","/g/1hc4mrm0h","fr",,"35.8396263","10.6228892",,,"lundi","08:15 to 16:30","mardi","08:15 to 16:30","mercredi","08:15 to 16:30","jeudi","08:15 to 16:30","vendredi","08:15 to 16:30","samedi","Fermé","dimanche","Fermé","false","+216 71 164 310","+21671164310","ChIJsZBL34B1AhMRy3pDH1QMi44",,,,"4053",,"2",,"6",,,,,,"2026-07-06T15:09:24.614Z","https://www.google.com/maps/search/banque/@35.842160129047954,10.620065984983865,17z?hl=fr","banque",,,"Place du Maghreb arabe, 3 avenue Leopold Sédar Senghor, Immeuble El Wifak Sousse, 119 Av. Léopold Senghor",,"false","Agence Banque Zitouna Sousse Senghor","3.7","https://www.google.com/maps/search/?api=1&query=Agence%20Banque%20Zitouna%20Sousse%20Senghor&query_place_id=ChIJsZBL34B1AhMRy3pDH1QMi44","http://www.banquezitouna.com/"
,,,,,,,,,,"RJRC+7XC, Rue george Gorce, Sousse, Tunisie","Banque",,"Banque",,,"1563353874473797019","Sousse","true","TN",,"0x130275872a7ab8b9:0x15b22610da3dc59b",,,,,"https://streetviewpixels-pa.googleapis.com/v1/thumbnail?panoid=JG5FFX1ED1xBewjCB3TgxA&cb_client=search.gws-prod.gps&w=408&h=240&yaw=299.3968&pitch=0&thumbfov=100","1","false","/g/11c5bsc2d7","fr",,"35.8406949","10.6223811",,,,,,,,,,,,,,,,,"false","","","ChIJubh6Kod1AhMRm8U92hAmshU",,,,,,"3",,"3",,,,,,"2026-07-06T15:09:24.615Z","https://www.google.com/maps/search/banque/@35.842160129047954,10.620065984983865,17z?hl=fr","banque",,,"RJRC+7XC, Rue george Gorce",,"false","Banque De Tunisie Et Des Emirats","3","https://www.google.com/maps/search/?api=1&query=Banque%20De%20Tunisie%20Et%20Des%20Emirats&query_place_id=ChIJubh6Kod1AhMRm8U92hAmshU",
,,,,,,,,,,"RJRC+7X8, Sousse, Tunisie","Banque",,"Banque",,,"5163166879140741499","Sousse","true","TN",,"0x13027586d57dd36f:0x47a740ebc33f017b",,,,,"https://streetviewpixels-pa.googleapis.com/v1/thumbnail?panoid=JG5FFX1ED1xBewjCB3TgxA&cb_client=search.gws-prod.gps&w=408&h=240&yaw=292.0364&pitch=0&thumbfov=100","1","false","/g/11c6dzy8sw","fr",,"35.8406573","10.6224426",,,"lundi","08:15 to 16:00","mardi","08:15 to 16:00","mercredi","08:15 to 16:00","jeudi","08:15 to 16:00","vendredi","08:15 to 16:00","samedi","Fermé","dimanche","Fermé","false","+216 73 201 718","+21673201718","ChIJb9N91YZ1AhMRewE_w-tAp0c",,,,,,"4",,"6",,,,,,"2026-07-06T15:09:24.615Z","https://www.google.com/maps/search/banque/@35.842160129047954,10.620065984983865,17z?hl=fr","banque",,,"RJRC+7X8",,"false","BTE Sousse II","2.3","https://www.google.com/maps/search/?api=1&query=BTE%20Sousse%20II&query_place_id=ChIJb9N91YZ1AhMRewE_w-tAp0c",
,,,,,,,,,,"97 Av. Léopold Senghor, Sousse 4000, Tunisie","Bureau de change",,"Bureau de change",,,"7765865597096208747","Sousse","false","TN",,"0x13027551a197194b:0x6bc5e59d8058a96b",,,,,"https://lh3.googleusercontent.com/gps-cs-s/APNQkAEK4jVCRozj_Q-1mo4R6tO-F4qskH5MRwvYNZktTTxz5npyxk1hfSzGjGuOYfafzRtd8fulNmIIFJljoyuMU85kG0p_ZpeT6fMMpz-X5IHLr4nIX9LM0h-_-IL5EBUxe3oVszpVIp9hSLAa=w408-h408-k-no","3","false","/g/11x6yt1cq2","fr",,"35.8389646","10.6235906",,,"lundi","08:00 to 22:00","mardi","08:00 to 22:00","mercredi","08:00 to 21:30","jeudi","08:00 to 21:30","vendredi","08:00 to 21:30","samedi","08:00 to 21:30","dimanche","09:00 to 12:00, 18:00 to 21:30","false","+216 27 122 389","+21627122389","ChIJSxmXoVF1AhMRa6lYgJ3lxWs",,,,"4000",,"5",,"4",,,,,,"2026-07-06T15:09:24.615Z","https://www.google.com/maps/search/banque/@35.842160129047954,10.620065984983865,17z?hl=fr","banque",,,"97 Av. Léopold Senghor",,"false","Yeslyne change","5","https://www.google.com/maps/search/?api=1&query=Yeslyne%20change&query_place_id=ChIJSxmXoVF1AhMRa6lYgJ3lxWs",
,,,,,,,,,,"Inside Banque Zitouna, Avenue Léopold Senghor, Place Du Maghreb Arabe, Sousse 4053, Tunisie","Service de transfert d'argent",,"Service de transfert d'argent",,,"1900467499849954210","Sousse","false","TN",,"0x13027580bfc00001:0x1a5fd11f3bbb33a2",,,,,"https://streetviewpixels-pa.googleapis.com/v1/thumbnail?panoid=Tbl7fmcZk8q-osGjP_CMqg&cb_client=search.gws-prod.gps&w=408&h=240&yaw=95.235374&pitch=0&thumbfov=100","3","false","/g/11c7197ccs","fr",,"35.8396263","10.6228892",,,"lundi","08:00 to 16:30","mardi","08:00 to 16:30","mercredi","08:00 to 16:30","jeudi","08:00 to 16:30","vendredi","08:00 to 16:30","samedi","Ouvert 24h/24","dimanche","Ouvert 24h/24","false","+216 71 164 310","+21671164310","ChIJAQDAv4B1AhMRojO7Ox_RXxo",,,,"4053",,"6",,"5",,,,,,"2026-07-06T15:09:24.615Z","https://www.google.com/maps/search/banque/@35.842160129047954,10.620065984983865,17z?hl=fr","banque",,,"Inside Banque Zitouna, Avenue Léopold Senghor, Place Du Maghreb Arabe",,"false","MoneyGram","3.8","https://www.google.com/maps/search/?api=1&query=MoneyGram&query_place_id=ChIJAQDAv4B1AhMRojO7Ox_RXxo","https://www.moneygram.com/r/tn/en"
,,,,,,,,,,"Avenue Habib Bourguiba, Sousse 4000, Tunisie","Banque",,"Banque",,,"2793301021251377837","Sousse","false","TN",,"0x12fd8a77ba3a5941:0x26c3cc7ab26c9aad",,,,,"https://streetviewpixels-pa.googleapis.com/v1/thumbnail?panoid=7i3UzSbg2jMPBho-Hy86hQ&cb_client=search.gws-prod.gps&w=408&h=240&yaw=38.789963&pitch=0&thumbfov=100","1","false","/g/11csb2chhg","fr",,"35.848233","10.617842",,,"lundi","09:00 to 19:00","mardi","09:00 to 19:00","mercredi","09:00 to 19:00","jeudi","09:00 to 19:00","vendredi","09:00 to 19:00","samedi","09:00 to 19:00","dimanche","09:00 to 19:00","false","+216 71 861 861 ext. 3020","+21671861861","ChIJQVk6uneK_RIRrZpssnrMwyY",,,,"4000",,"7",,"2",,,,,,"2026-07-06T15:09:24.615Z","https://www.google.com/maps/search/banque/@35.842160129047954,10.620065984983865,17z?hl=fr","banque",,,"Avenue Habib Bourguiba","Bank ABC","false","Bank ABC - Sousse","4.5","https://www.google.com/maps/search/?api=1&query=Bank%20ABC%20-%20Sousse&query_place_id=ChIJQVk6uneK_RIRrZpssnrMwyY","https://www.bank-abc.com/en"
"true",,,,,,,,,,"4000 Av. Khezama, Sousse, Tunisie","Banque",,"Banque",,,"18196017580753756466","Sousse","true","TN",,"0x12fd8a77bedc615d:0xfc853d9543972132",,,,,"https://streetviewpixels-pa.googleapis.com/v1/thumbnail?panoid=-ksNEg6YZ9Tk8ylG5kptLg&cb_client=search.gws-prod.gps&w=408&h=240&yaw=57.171684&pitch=0&thumbfov=100","1","false","/g/11f3pqzgkd","fr",,"35.8479295","10.6180398",,,"lundi","08:00 to 16:30","mardi","08:00 to 16:30","mercredi","08:00 to 16:30","jeudi","08:00 to 16:30","vendredi","08:00 to 16:30","samedi","Fermé","dimanche","Fermé","false","+216 73 277 592","+21673277592","ChIJXWHcvneK_RIRMiGXQ5U9hfw",,,,,,"8",,"5",,,,,,"2026-07-06T15:09:24.615Z","https://www.google.com/maps/search/banque/@35.842160129047954,10.620065984983865,17z?hl=fr","banque",,,"4000 Av. Khezama",,"false","Agence ATB Khezama","2.6","https://www.google.com/maps/search/?api=1&query=Agence%20ATB%20Khezama&query_place_id=ChIJXWHcvneK_RIRMiGXQ5U9hfw",
,,,,,,,,,,"Centre le vicomte khezama sousse, 4051, Tunisie","Banque",,"Banque",,,"18144820849628556921","Sousse","false","TN",,"0x12fd8b5556111197:0xfbcf5a6d67362e79",,,,,"https://lh3.googleusercontent.com/gps-cs-s/APNQkAFxSTDQgHpHaneA3q5i3SO6SA1w5Q4tETb9VS-QFJ7n_FNwhkTkm0qaOPwXrJvqCbqhnMNjcmSiidqnVain4Gveq6CaiXELYVTIPOmIxCgp9UIxtBuQNf7yRvrFFzFJUhgnCc8=w408-h306-k-no","10","false","/g/11rjrqj2z0","fr",,"35.8475248","10.6185275",,,"lundi","08:00 to 16:00","mardi","08:00 to 16:00","mercredi","08:00 to 16:00","jeudi","08:00 to 16:00","vendredi","08:00 to 16:00","samedi","Fermé","dimanche","Fermé","false","+216 71 831 000","+21671831000","ChIJlxERVlWL_RIReS42Z21az_s",,,,"4051",,"9",,"5",,,,,,"2026-07-06T15:09:24.615Z","https://www.google.com/maps/search/banque/@35.842160129047954,10.620065984983865,17z?hl=fr","banque",,,"Centre le vicomte khezama sousse",,"false","BNA Agence Sousse Vicomte","3.6","https://www.google.com/maps/search/?api=1&query=BNA%20Agence%20Sousse%20Vicomte&query_place_id=ChIJlxERVlWL_RIReS42Z21az_s",
,,,,,,,,,,"Avenue Habib Bourguiba, Tebourba 1130, Tunisie","Service de transfert d'argent",,"Service de transfert d'argent",,,"5217996824740300103","Tebourba","false","TN",,"0x12fd8b057c0807f1:0x486a0c7749c30547",,,,,"https://streetviewpixels-pa.googleapis.com/v1/thumbnail?panoid=lbAD1ClEjHUjBNkiqLOfJQ&cb_client=search.gws-prod.gps&w=408&h=240&yaw=279.91217&pitch=0&thumbfov=100","1","false","/g/11yhwwyk92","fr",,"35.844329","10.618764",,,"lundi","08:00 to 23:00","mardi","08:00 to 23:00","mercredi","08:00 to 23:00","jeudi","08:00 to 23:00","vendredi","08:00 to 23:00","samedi","08:00 to 23:00","dimanche","08:00 to 23:00","false","+216 50 549 175","+21650549175","ChIJ8QcIfAWL_RIRRwXDSXcMakg",,,,"1130",,"10",,,,,,,,"2026-07-06T15:09:24.615Z","https://www.google.com/maps/search/banque/@35.842160129047954,10.620065984983865,17z?hl=fr","banque",,,"Avenue Habib Bourguiba",,"false","Western Union",,"https://www.google.com/maps/search/?api=1&query=Western%20Union&query_place_id=ChIJ8QcIfAWL_RIRRwXDSXcMakg","https://www.westernunion.com/"
,,,,,,,,,,"RJV7+GV6, Av. Khezama, Sousse, Tunisie","Service de transfert d'argent par mandat",,"Service de transfert d'argent par mandat",,,"16520244933756644889","Sousse","false","TN",,"0x12fd8b007166447f:0xe543b33d3f02ee19",,,,,"https://lh3.googleusercontent.com/gps-cs-s/APNQkAF1cPa_UFerNakRSOS24gjenTnhgFz1fsFhJnKsXSaf6vdzEotND0F28r4ANdjEWdktKtZh5Sd8_EE8ltj9bcjpZYG78CHi2Nn5L6rQR64tIDNiEzErZfgYzHny4MKrK-6h91pUAJ15A__b=w408-h542-k-no","6","false","/g/11njy_v70t","fr",,"35.8439829","10.6147635",,,"lundi","08:00 to 20:00","mardi","08:00 to 20:00","mercredi","08:00 to 20:00","jeudi","08:00 to 20:00","vendredi","08:00 to 20:00","samedi","09:00 to 19:00","dimanche","09:00 to 16:00","false","+216 98 324 406","+21698324406","ChIJf0RmcQCL_RIRGe4CPz2zQ-U",,,,,,"11",,"3",,,,,,"2026-07-06T15:09:24.616Z","https://www.google.com/maps/search/banque/@35.842160129047954,10.620065984983865,17z?hl=fr","banque",,,"RJV7+GV6, Av. Khezama",,"false","Agence Wafacash GP1","5","https://www.google.com/maps/search/?api=1&query=Agence%20Wafacash%20GP1&query_place_id=ChIJf0RmcQCL_RIRGe4CPz2zQ-U",
"true",,,,,"true",,,,,"RJX8+GRP, Av. 14 Janvier, Sousse, Tunisie","Banque",,"Banque",,,"13176129252650836800","Sousse","true","TN",,"0x12fd8a77aa1e3171:0xb6db03bec2e2e340",,,,,"https://lh3.googleusercontent.com/gps-cs-s/APNQkAHkP67bjLUhkwi_OHaWfS4pWneYout6D3rAl3NluBvCF8TBzZVJgqa2vz9S7wtrK64EtpkYM035zok851V-LkJgYhYUF_pYWigbkCxf9AakUj-IOioWJqxdad4mcrTwLcEBakxE=w408-h544-k-no","10","false","/g/12333qwct","fr",,"35.8488425","10.6170646",,,"lundi","Fermé","mardi","Ouvert 24h/24","mercredi","Ouvert 24h/24","jeudi","Ouvert 24h/24","vendredi","Ouvert 24h/24","samedi","Fermé","dimanche","Fermé","false","+216 31 372 016","+21631372016","ChIJcTEeqneK_RIRQOPiwr4D27Y",,,,,,"12",,"6",,,,,,"2026-07-06T15:09:24.616Z","https://www.google.com/maps/search/banque/@35.842160129047954,10.620065984983865,17z?hl=fr","banque",,,"RJX8+GRP, Av. 14 Janvier","بنك تونس العربي الدولي","false","BIAT","4.3","https://www.google.com/maps/search/?api=1&query=BIAT&query_place_id=ChIJcTEeqneK_RIRQOPiwr4D27Y",
,,,,,,,,,,"RJWC+36R, Sousse, Tunisie","Service de leasing",,"Service de leasing",,,"13704557905510488425","Sousse","true","TN",,"0x1302750026407c43:0xbe305ece21b95969",,,,,"https://streetviewpixels-pa.googleapis.com/v1/thumbnail?panoid=9IN7BuvN28-LmRAp0vzcXQ&cb_client=search.gws-prod.gps&w=408&h=240&yaw=231.85507&pitch=0&thumbfov=100","1","false","/g/11xn5tt3mv","fr",,"35.8456585","10.6201506",,,,,,,,,,,,,,,,,"false","","","ChIJQ3xAJgB1AhMRaVm5Ic5eML4",,,,,,"13",,,,,,,,"2026-07-06T15:09:24.617Z","https://www.google.com/maps/search/banque/@35.842160129047954,10.620065984983865,17z?hl=fr","banque",,,"RJWC+36R",,"false","ATL Leasing",,"https://www.google.com/maps/search/?api=1&query=ATL%20Leasing&query_place_id=ChIJQ3xAJgB1AhMRaVm5Ic5eML4",
"true",,,"true","true",,,,,,"01 Rue Marrakech-Khezama Est, Sousse 4051, Tunisie","Comptable","Commissaire aux comptes","Comptable",,,"1242874070807487430","Sousse","false","TN",,"0x12fd8a7991f38d85:0x113f9361e30623c6",,,,,"https://lh3.googleusercontent.com/gps-cs-s/APNQkAEoluUSUvvAFZzfFIEnhteHj_-96XE_HbwpeVABMMQNvm8RUncbY-eF-k9XmoRBCLsGPF8e339OSfLx_llvWJ6m7t_EMYoUnonQWcRpnWaH6OpQdVa0VgeQijX-jyFogn9zNl0c4Q=w418-h240-k-no","2","false","/g/11fxw2187j","fr",,"35.8454397","10.6143797",,,"lundi","Ouvert 24h/24","mardi","Ouvert 24h/24","mercredi","Ouvert 24h/24","jeudi","Ouvert 24h/24","vendredi","Ouvert 24h/24","samedi","Ouvert 24h/24","dimanche","Ouvert 24h/24","false","+216 52 882 836","+21652882836","ChIJhY3zkXmK_RIRxiMG42GTPxE",,,,"4051",,"14",,"1",,,,,,"2026-07-06T15:09:24.617Z","https://www.google.com/maps/search/banque/@35.842160129047954,10.620065984983865,17z?hl=fr","banque",,,"01 Rue Marrakech-Khezama Est",,"false","Alpha Consult Comptable Sousse","5","https://www.google.com/maps/search/?api=1&query=Alpha%20Consult%20Comptable%20Sousse&query_place_id=ChIJhY3zkXmK_RIRxiMG42GTPxE",
,,,,,,,,,,"4000 Av. Khezama, Sousse, Tunisie","Service de transfert d'argent",,"Service de transfert d'argent",,,"13615350964510986353","Sousse","false","TN",,"0x12fd8bb62f19d1a1:0xbcf37190a3f31071",,,,,"https://lh3.googleusercontent.com/gps-cs-s/APNQkAFkdz6KYehZacWP0cEwpzaRplub5Z7CyQnyRYvRynRgpeU3KMX-oJ9odxjRkbHp0-2Qc2WIlvDGqn0DbcgisE5PHazYSwjnenI33ZRaukiwBuS4Ac3k6MBMOMtLKT5oNAtqHkZ5=w408-h306-k-no","2","false","/g/11g1y20nfy","fr",,"35.8479295","10.6180398",,,"lundi","07:00 to 18:00","mardi","07:00 to 18:00","mercredi","07:00 to 18:00","jeudi","07:00 to 18:00","vendredi","07:00 to 18:00","samedi","07:00 to 18:00","dimanche","Fermé","false","+216 73 244 251","+21673244251","ChIJodEZL7aL_RIRcRDzo5Bx87w",,,,,,"15",,"5",,,,,,"2026-07-06T15:09:24.617Z","https://www.google.com/maps/search/banque/@35.842160129047954,10.620065984983865,17z?hl=fr","banque",,,"4000 Av. Khezama",,"false","MoneyGram","1.8","https://www.google.com/maps/search/?api=1&query=MoneyGram&query_place_id=ChIJodEZL7aL_RIRcRDzo5Bx87w","http://global.moneygram.com/tn/fr"
,,,,,,,,,,"RJPJ+PCJ, Sousse, Tunisie","Banque",,"Banque",,,"16918740498886566247","Sousse","true","TN",,"0x1302759d2b118dd7:0xeacb70d82b262167",,,,,"https://lh3.googleusercontent.com/gps-cs-s/APNQkAHkT45KC2zd8RpTY-B62ROCpqHbfnPunTvkMjrteQUJ4PAk9NxRklfc6_U0Ofd5SlNqDTdLHamj7cTtLPvpuZRaMH2QrczxqVl7kx_90aqDFVu5Dk_GCVL3doNnx9qMNXrUaghn=w408-h725-k-no","5","false","/g/11bzv6rf3n","fr",,"35.8368253","10.6310107",,,"lundi","08:00 to 17:30","mardi","08:00 to 17:30","mercredi","08:00 to 17:30","jeudi","08:00 to 17:30","vendredi","08:00 to 17:30","samedi","09:00 to 12:15","dimanche","Fermé","false","","","ChIJ140RK511AhMRZyEmK9hwy-o",,,,,,"16",,"1",,,,,,"2026-07-06T15:09:24.617Z","https://www.google.com/maps/search/banque/@35.842160129047954,10.620065984983865,17z?hl=fr","banque",,,"RJPJ+PCJ",,"false","D.R. de la Poste + Bureau BP. Corniche + Rapid Post","5","https://www.google.com/maps/search/?api=1&query=D.R.%20de%20la%20Poste%20%2B%20Bureau%20BP.%20Corniche%20%2B%20Rapid%20Post&query_place_id=ChIJ140RK511AhMRZyEmK9hwy-o",
,,,,,,,,,,"Belkadi Corniche, 89 Rue Abdelhamid Ibn Badis, Sousse 4001, Tunisie","Service de transfert d'argent",,"Service de transfert d'argent",,,"14043276947314549576","Sousse","false","TN",,"0x12fd8b0e95b8d417:0xc2e3bdfaa71da348",,,,,,"0","false","/g/11mkcjhmt0","fr",,"35.84756","10.6170019",,,"lundi","08:00 to 17:00","mardi","08:00 to 17:00","mercredi","08:00 to 17:00","jeudi","08:00 to 17:00","vendredi","08:00 to 17:00","samedi","08:00 to 17:00","dimanche","08:00 to 17:00","false","+216 31 372 228","+21631372228","ChIJF9S4lQ6L_RIRSKMdp_q948I",,,,"4001",,"17",,,,,,,,"2026-07-06T15:09:24.617Z","https://www.google.com/maps/search/banque/@35.842160129047954,10.620065984983865,17z?hl=fr","banque",,,"Belkadi Corniche, 89 Rue Abdelhamid Ibn Badis",,"false","Western Union",,"https://www.google.com/maps/search/?api=1&query=Western%20Union&query_place_id=ChIJF9S4lQ6L_RIRSKMdp_q948I","https://www.westernunion.com/"
,,,,,,,,,,"immeuble JOUD khezama, Av. la Perle du Sahel, Sousse 4000, Tunisie","Cabinet d'expertise comptable",,"Cabinet d'expertise comptable",,,"9334680333913968773","Sousse","false","TN",,"0x12fd8baa6d90da3d:0x818b724e72c45085",,,,,"https://lh3.googleusercontent.com/gps-cs-s/APNQkAE-kGmgo9ZYiF1lMn-1MCg-GgyCWPXAR2N3G4YDn6EuQggXVDDV3FOCeit2IydMorqjd0HcUtG5ghpRKyu9STdG6xzrnMpiUE53Ixat1uMfVvGVWG8fH6utB8l3O1YpN372V2I40w=w408-h306-k-no","6","false","/g/11p_55ngxx","fr",,"35.8455701","10.6128931",,,"lundi","08:00 to 18:00","mardi","08:00 to 18:00","mercredi","08:00 to 18:00","jeudi","08:00 to 18:00","vendredi","08:00 to 18:00","samedi","08:00 to 12:00","dimanche","Fermé","false","+216 55 835 172","+21655835172","ChIJPdqQbaqL_RIRhVDEck5yi4E",,,,"4000",,"18",,"2",,,,,,"2026-07-06T15:09:24.617Z","https://www.google.com/maps/search/banque/@35.842160129047954,10.620065984983865,17z?hl=fr","banque",,,"immeuble JOUD khezama, Av. la Perle du Sahel",,"false","BE EXPERTS & ASSOCIES","5","https://www.google.com/maps/search/?api=1&query=BE%20EXPERTS%20%26%20ASSOCIES&query_place_id=ChIJPdqQbaqL_RIRhVDEck5yi4E",
,,,,,,,,,,"RJQJ+P5G, Av. Taib Mehiri, Sousse, Tunisie","Banque",,"Banque",,,"5190778042302073416","Sousse","true","TN",,"0x1302758351097ee9:0x48095920a7500a48",,,,,"https://lh3.googleusercontent.com/gps-cs-s/APNQkAEjQp_lWuPFaGUwWjWwg54zcvvc30xFXSXcwhYRD8OKM6l4GgtfGq_NMz3_ThppDsDAbGk6GJUWtnF-nzYQEWopOI6ML7cka2kc1EQUfHkTIm8LIMny8d3Ow5U15PfBmKQNTAstbp-X5Y96=w408-h306-k-no","5","false","/g/11b76tww3g","fr",,"35.8393216","10.630454",,,"lundi","08:00 to 16:30","mardi","08:00 to 16:30","mercredi","08:00 to 16:30","jeudi","08:00 to 16:30","vendredi","08:00 to 16:30","samedi","Fermé","dimanche","Fermé","false","+216 31 372 028","+21631372028","ChIJ6X4JUYN1AhMRSApQpyBZCUg",,,,,,"19",,"8",,,,,,"2026-07-06T15:09:24.617Z","https://www.google.com/maps/search/banque/@35.842160129047954,10.620065984983865,17z?hl=fr","banque",,,"RJQJ+P5G, Av. Taib Mehiri",,"false","BIAT","3.9","https://www.google.com/maps/search/?api=1&query=BIAT&query_place_id=ChIJ6X4JUYN1AhMRSApQpyBZCUg","http://www.biat.tn/"
,,,,,,,,,,"Bd 7 Novembre, Av. Khezama, Sousse 4000, Tunisie","Service de transfert d'argent",,"Service de transfert d'argent",,,"224876916886109517","Sousse","false","TN",,"0x12fd8b531590b2c7:0x31eec5d4d2e7d4d",,,,,"https://streetviewpixels-pa.googleapis.com/v1/thumbnail?panoid=-ksNEg6YZ9Tk8ylG5kptLg&cb_client=search.gws-prod.gps&w=408&h=240&yaw=57.171684&pitch=0&thumbfov=100","1","false","/g/11ygl51020","fr",,"35.8479295","10.6180398",,,"lundi","08:00 to 17:00","mardi","08:00 to 17:00","mercredi","08:00 to 17:00","jeudi","08:00 to 17:00","vendredi","08:00 to 17:00","samedi","08:00 to 17:00","dimanche","08:00 to 17:00","false","+216 73 342 125","+21673342125","ChIJx7KQFVOL_RIRTX0uTV3sHgM",,,,"4000",,"20",,,,,,,,"2026-07-06T15:09:24.617Z","https://www.google.com/maps/search/banque/@35.842160129047954,10.620065984983865,17z?hl=fr","banque",,,"Bd 7 Novembre, Av. Khezama",,"false","Western Union",,"https://www.google.com/maps/search/?api=1&query=Western%20Union&query_place_id=ChIJx7KQFVOL_RIRTX0uTV3sHgM","https://www.westernunion.com/"
,,,,,,,,,,"VJ28+M87, Boulevard Ennakhil, Av. Khezama, Sousse 4051, Tunisie","Banque",,"Banque",,,"967543153732262915","Sousse","true","TN",,"0x12fd8baec5aef6bd:0xd6d675f3f129c03",,,,,"https://streetviewpixels-pa.googleapis.com/v1/thumbnail?panoid=DJUI5g_DAwzEDUmRfqwKQg&cb_client=search.gws-prod.gps&w=408&h=240&yaw=353.80338&pitch=0&thumbfov=100","1","false","/g/11pp_f2rlw","fr",,"35.8516512","10.6157843",,,"lundi","08:00 to 16:30","mardi","08:00 to 16:30","mercredi","08:00 to 16:30","jeudi","08:00 to 16:30","vendredi","08:00 to 16:30","samedi","Fermé","dimanche","Fermé","false","+216 70 641 750","+21670641750","ChIJvfauxa6L_RIRA5wSP19nbQ0",,,,"4051",,"1",,"5",,,,,,"2026-07-06T15:09:25.473Z","https://www.google.com/maps/search/banque/@35.8491229580959,10.620065984983865,17z?hl=fr","banque",,,"VJ28+M87, Boulevard Ennakhil, Av. Khezama",,"false","Attijari bank","2.8","https://www.google.com/maps/search/?api=1&query=Attijari%20bank&query_place_id=ChIJvfauxa6L_RIRA5wSP19nbQ0","http://www.attijaribank.com.tn/"
,,,,,,,,,,"VJ28+GJ3, Av. 14 Janvier, Sousse, Tunisie","Banque",,"Banque",,,"13791876763903026676","Sousse","true","TN",,"0x12fd8a74281b37a3:0xbf6696d8226765f4",,,,,"https://streetviewpixels-pa.googleapis.com/v1/thumbnail?panoid=4ixyWWa3LXZqMXA0S4e0-g&cb_client=search.gws-prod.gps&w=408&h=240&yaw=87.26679&pitch=0&thumbfov=100","1","false","/g/11c554btf8","fr",,"35.8512569","10.6165486",,,,,,,,,,,,,,,,,"false","","","ChIJozcbKHSK_RIR9GVnItiWZr8",,,,,,"2",,"2",,,,,,"2026-07-06T15:09:25.473Z","https://www.google.com/maps/search/banque/@35.8491229580959,10.620065984983865,17z?hl=fr","banque",,,"VJ28+GJ3, Av. 14 Janvier","بنك الإسكان تونسي","false","banque eliskane tunisie","4.5","https://www.google.com/maps/search/?api=1&query=banque%20eliskane%20tunisie&query_place_id=ChIJozcbKHSK_RIR9GVnItiWZr8",
"true",,,,,,,,,,"VJ28+W8V, Sousse, Tunisie","Banque",,"Banque",,,"15113852004947334200","Sousse","true","TN",,"0x12fd8a7426a058a1:0xd1bf305266b61438",,,,,"https://streetviewpixels-pa.googleapis.com/v1/thumbnail?panoid=Cig7GOBgJBZH-kBsD-Jh6g&cb_client=search.gws-prod.gps&w=408&h=240&yaw=279.69962&pitch=0&thumbfov=100","2","false","/g/11f3jwn84f","fr",,"35.8523586","10.6158031",,,"lundi","08:00 to 16:15","mardi","08:00 to 16:15","mercredi","08:00 to 16:15","jeudi","08:00 to 16:15","vendredi","08:00 to 16:15","samedi","Fermé","dimanche","Fermé","false","+216 70 000 050","+21670000050","ChIJoVigJnSK_RIROBS2ZlIwv9E",,,,,,"4",,"4",,,,,,"2026-07-06T15:09:25.473Z","https://www.google.com/maps/search/banque/@35.8491229580959,10.620065984983865,17z?hl=fr","banque",,,"VJ28+W8V",,"false","UBCI Bank - Agence Sousse ( Zone Touristique )","3.3","https://www.google.com/maps/search/?api=1&query=UBCI%20Bank%20-%20Agence%20Sousse%20(%20Zone%20Touristique%20)&query_place_id=ChIJoVigJnSK_RIROBS2ZlIwv9E","http://www.ubci.tn/"
,,,,,,,,,,"VJ28+G5V, Avenue des palmiers, KHEZEMA 4051, Tunisie","Banque",,"Banque",,,"13930529075234396535","KHEZEMA","true","TN",,"0x12fd8b4c9a6526bd:0xc1532e630698d977",,,,,"https://lh3.googleusercontent.com/gps-cs-s/APNQkAEnbG18p70-tl2DcbE5n6F5AJyjv41N6n0uMhyrUbRN_2WxYZgzsQeE3FXPk30IwpI1hq0bU8-VEXocj-LpWsO08ewiAem9TxirYOV00F4PiU_yhj0bosjSbYvHmz5fBoiQWfQpP5gcKVKC=w408-h544-k-no","4","false","/g/11h5mm8h4z","fr",,"35.8513607","10.6154229",,,"lundi","08:30 to 23:00","mardi","08:30 to 23:00","mercredi","08:30 to 23:00","jeudi","08:30 to 23:00","vendredi","08:30 to 23:00","samedi","08:30 to 23:00","dimanche","08:30 to 23:00","false","+216 27 874 040","+21627874040","ChIJvSZlmkyL_RIRd9mYBmMuU8E",,,,"4051",,"6",,"3",,,,,,"2026-07-06T15:09:25.473Z","https://www.google.com/maps/search/banque/@35.8491229580959,10.620065984983865,17z?hl=fr","banque",,,"VJ28+G5V, Avenue des palmiers",,"false","AMINE CHANGE","3.7","https://www.google.com/maps/search/?api=1&query=AMINE%20CHANGE&query_place_id=ChIJvSZlmkyL_RIRd9mYBmMuU8E",
"true",,,,,,,,,,"Boulevard 14 Janvier - 4051 Sousse Khezama, Tunisie","Banque",,"Banque",,,"16182343630306150319","Sousse","false","TN",,"0x12fd8bde2dab8ee5:0xe0933bcb45b407af",,,,,"https://lh3.googleusercontent.com/gps-cs-s/APNQkAE8rvmJYBzTwJuscNPey-kiRn15VqgLuOtMGcQJNUJY1SSp5n6OClJLMXATjs8lSWRMYMCDTgfsdVwWLVQj_6y8sfV6J-LfFUznVg84m6nkVLZhxSvBlBs9GCYqWv9oIYOihFGa=w427-h240-k-no","22","false","/g/11fn51n3td","fr",,"35.851319","10.616478",,,"lundi","08:00 to 16:00","mardi","08:00 to 16:00","mercredi","08:00 to 16:00","jeudi","08:00 to 16:00","vendredi","08:00 to 16:00","samedi","Fermé","dimanche","Fermé","false","+216 71 127 299","+21671127299","ChIJ5Y6rLd6L_RIRrwe0Rcs7k-A",,,,,,"7",,"16",,,,,,"2026-07-06T15:09:25.473Z","https://www.google.com/maps/search/banque/@35.8491229580959,10.620065984983865,17z?hl=fr","banque",,,"Boulevard 14 Janvier - 4051 Sousse Khezama",,"false","BH Bank SOUSSE KHEZAMA","3.1","https://www.google.com/maps/search/?api=1&query=BH%20Bank%20SOUSSE%20KHEZAMA&query_place_id=ChIJ5Y6rLd6L_RIRrwe0Rcs7k-A","http://bhbank.tn/"
"true",,,,,,,,,,"Immeuble les Orchidées, Av. 14 Janvier, Sousse 4053, Tunisie","Banque",,"Banque",,,"4748025713680173619","Sousse","false","TN",,"0x12fd8a745afe27df:0x41e4603b0053ca33",,,,,"https://lh3.googleusercontent.com/gps-cs-s/APNQkAGqdxQfEULQGgCfNACssZr2QpM7fVoyqncR74vVGmJzCyavOUQfYGi53oxSDJbXEnMHuLK8r7Qj51JtABerLUPWEqF55gljFeRsPG85Sb0AQTKQE791ca12ckT6gIwwfDptRfoZ=w408-h544-k-no","9","false","/g/1hc5pm8rd","fr",,"35.8540542","10.6160254",,,"lundi","08:15 to 16:30","mardi","08:15 to 16:30","mercredi","08:15 to 16:30","jeudi","08:15 to 16:30","vendredi","08:15 to 16:30","samedi","Fermé","dimanche","Fermé","false","+216 71 164 300","+21671164300","ChIJ3yf-WnSK_RIRM8pTADtg5EE",,,,"4053",,"10",,"9",,,,,,"2026-07-06T15:09:25.473Z","https://www.google.com/maps/search/banque/@35.8491229580959,10.620065984983865,17z?hl=fr","banque",,,"Immeuble les Orchidées, Av. 14 Janvier","مصرف الزيتونة","false","Agence Banque Zitouna Sousse 14 janvier","3.1","https://www.google.com/maps/search/?api=1&query=Agence%20Banque%20Zitouna%20Sousse%2014%20janvier&query_place_id=ChIJ3yf-WnSK_RIRM8pTADtg5EE","http://www.banquezitouna.com/"
,,,,,,,,,,"Immeuble Rakoua - Route touristique Khezama Est Sousse, 4051, Tunisie","Institution financière",,"Institution financière",,,"3605803517373990439","Sousse","false","TN",,"0x12fd8a74277a0d03:0x320a6331d6ee4627",,,,,"https://lh3.googleusercontent.com/gps-cs-s/APNQkAFnfsWyINn2jRddyMSn_uDVcBJ1iEUqX2RuT7YVbip8F2U0h_jsp1AngoLJeqInh3_30hLOoY6RKZc2XcambBVBlC2ASXFvLFdO0SA2UrvRgzA9nxAwpvuxoGJzGYGhzjTQKQip=w408-h306-k-no","3","false","/g/11c7w922y4","fr",,"35.8519813","10.6158158",,,"lundi","08:00 to 14:00","mardi","08:00 to 14:00","mercredi","08:00 to 14:00","jeudi","08:00 to 14:00","vendredi","08:00 to 14:00","samedi","08:00 to 12:00","dimanche","Fermé","false","+216 73 273 195","+21673273195","ChIJAw16J3SK_RIRJ0bu1jFjCjI",,,,"4051",,"11",,"2",,,,,,"2026-07-06T15:09:25.473Z","https://www.google.com/maps/search/banque/@35.8491229580959,10.620065984983865,17z?hl=fr","banque",,,"Immeuble Rakoua - Route touristique Khezama Est Sousse",,"false","TUNISIE VALEURS","3","https://www.google.com/maps/search/?api=1&query=TUNISIE%20VALEURS&query_place_id=ChIJAw16J3SK_RIRJ0bu1jFjCjI","http://www.tunisievaleurs.com/"
,,,,,,"false",,,"false","34 Av. des orangers, Sousse 4051, Tunisie","Bureau de change",,"Bureau de change",,,"4173237503899754664","Sousse","false","TN",,"0x12fd8bd8c0d54729:0x39ea5166274860a8",,,,,"https://lh3.googleusercontent.com/gps-cs-s/APNQkAGEHfYox__Li-vuEr3HvvcWoY5QY7BPUZjRSjypXAV3lC47mqlT0ysYS8hsrsuUUd-_v6ih5yE0EmCuDWbgAAmLABUTPMpqj4o5wiiNpMzf10OmQhnDMkKCSgYNQ5ATGnZWE6dE=w426-h240-k-no","10","false","/g/11js3vnb7z","fr",,"35.8512557","10.614186",,,"lundi","09:00 to 23:30","mardi","09:00 to 23:30","mercredi","09:00 to 23:30","jeudi","09:00 to 23:30","vendredi","09:00 to 23:30","samedi","09:00 to 23:30","dimanche","Fermé","false","+216 54 871 870","+21654871870","ChIJKUfVwNiL_RIRqGBIJ2ZR6jk",,,,"4051",,"13",,"19",,,,,,"2026-07-06T15:09:25.473Z","https://www.google.com/maps/search/banque/@35.8491229580959,10.620065984983865,17z?hl=fr","banque",,,"34 Av. des orangers",,"false","Vip Change sousse","4.8","https://www.google.com/maps/search/?api=1&query=Vip%20Change%20sousse&query_place_id=ChIJKUfVwNiL_RIRqGBIJ2ZR6jk",
,,,,,,,,,,"Zone Touristique Khzema, Av , 14 janvier prés de Centre Culturel Préface, Sousse 4000, Tunisie","Institution financière",,"Institution financière",,,"7518623066693590002","Sousse","false","TN",,"0x12fd8b4c8f6d0a3f:0x685783d802545bf2",,,,,"https://streetviewpixels-pa.googleapis.com/v1/thumbnail?panoid=3Ya0i4P4XkWH-vIRtImRBg&cb_client=search.gws-prod.gps&w=408&h=240&yaw=245.4728&pitch=0&thumbfov=100","1","false","/g/11nb617qh_","fr",,"35.84919","10.616727",,,"lundi","08:00 to 20:00","mardi","08:00 to 20:00","mercredi","08:00 to 20:00","jeudi","08:00 to 20:00","vendredi","08:00 to 20:00","samedi","08:00 to 20:00","dimanche","08:00 to 20:00","false","","","ChIJPwptj0yL_RIR8ltUAtiDV2g",,,,"4000",,"14",,,,,,,,"2026-07-06T15:09:25.473Z","https://www.google.com/maps/search/banque/@35.8491229580959,10.620065984983865,17z?hl=fr","banque",,,"Zone Touristique Khzema, Av , 14 janvier prés de Centre Culturel Préface",,"false","IZI ZITOUNA PAYMENT Sousse - 14 Janvier",,"https://www.google.com/maps/search/?api=1&query=IZI%20ZITOUNA%20PAYMENT%20Sousse%20-%2014%20Janvier&query_place_id=ChIJPwptj0yL_RIR8ltUAtiDV2g","https://www.zitounapayment.com/"
,,,,,,,,,,"RJX8+JX9 Khezama, Sousse, Sousse, Tunisie","Service de transfert d'argent",,"Service de transfert d'argent",,,"1861799343191271211","Sousse","true","TN",,"0x12fd8b0030ff5a15:0x19d670a36df8a72b",,,,,"https://streetviewpixels-pa.googleapis.com/v1/thumbnail?panoid=ML2jdLh0JjG4MaoVVerlGQ&cb_client=search.gws-prod.gps&w=408&h=240&yaw=87.09545&pitch=0&thumbfov=100","3","false","/g/11vz2bv6m_","fr",,"35.8490373","10.6174981",,,"lundi","08:00 to 19:30","mardi","08:00 to 19:30","mercredi","08:00 to 19:30","jeudi","08:00 to 19:30","vendredi","08:00 to 19:30","samedi","08:00 to 19:30","dimanche","09:00 to 12:45","false","+216 29 813 579","+21629813579","ChIJFVr_MACL_RIRK6f4baNw1hk",,,,,,"15",,"33",,,,,,"2026-07-06T15:09:25.473Z","https://www.google.com/maps/search/banque/@35.8491229580959,10.620065984983865,17z?hl=fr","banque",,,"RJX8+JX9 Khezama, Sousse",,"false","Agence Wafacash Sousse","4.3","https://www.google.com/maps/search/?api=1&query=Agence%20Wafacash%20Sousse&query_place_id=ChIJFVr_MACL_RIRK6f4baNw1hk",
,,,,,,,,,,"Bureau De Poste De, Hammam Sousse 4089, Tunisie","Service de transfert d'argent",,"Service de transfert d'argent",,,"16528682170744458755","Hammam Sousse","false","TN",,"0x12fd8bec4e308111:0xe561acdc908e4e03",,,,,"https://streetviewpixels-pa.googleapis.com/v1/thumbnail?panoid=cUW9kBeJ0jpg5RxHRuqiBA&cb_client=search.gws-prod.gps&w=408&h=240&yaw=38.668438&pitch=0&thumbfov=100","1","false","/g/11xnx9tj7h","fr",,"35.84894","10.61726",,,"lundi","08:00 to 17:00","mardi","08:00 to 17:00","mercredi","08:00 to 17:00","jeudi","08:00 to 17:00","vendredi","08:00 to 17:00","samedi","09:00 to 12:15","dimanche","Fermé","false","+216 73 348 350","+21673348350","ChIJEYEwTuyL_RIRA06OkNysYeU",,,,"4089",,"16",,,,,,,,"2026-07-06T15:09:25.474Z","https://www.google.com/maps/search/banque/@35.8491229580959,10.620065984983865,17z?hl=fr","banque",,,"Bureau De Poste De",,"false","Western Union",,"https://www.google.com/maps/search/?api=1&query=Western%20Union&query_place_id=ChIJEYEwTuyL_RIRA06OkNysYeU","https://www.westernunion.com/"
,,,,,,,,,,"Boulvard Ennakhil, Khezama 4051, Tunisie","Service de transfert d'argent",,"Service de transfert d'argent",,,"15957255750510277387","Khezama","false","TN",,"0x12fd8ba65b4cd573:0xdd738f8f5739730b",,,,,"https://streetviewpixels-pa.googleapis.com/v1/thumbnail?panoid=tduWFsaMuZprb507ONHNaw&cb_client=search.gws-prod.gps&w=408&h=240&yaw=72.23202&pitch=0&thumbfov=100","1","false","/g/11zjs8b_h9","fr",,"35.851537","10.615973",,,"lundi","08:00 to 17:00","mardi","08:00 to 17:00","mercredi","08:00 to 17:00","jeudi","08:00 to 17:00","vendredi","08:00 to 17:00","samedi","08:00 to 12:00","dimanche","08:00 to 12:00","false","+216 73 270 903","+21673270903","ChIJc9VMW6aL_RIRC3M5V4-Pc90",,,,"4051",,"18",,,,,,,,"2026-07-06T15:09:25.474Z","https://www.google.com/maps/search/banque/@35.8491229580959,10.620065984983865,17z?hl=fr","banque",,,"Boulvard Ennakhil",,"false","Western Union",,"https://www.google.com/maps/search/?api=1&query=Western%20Union&query_place_id=ChIJc9VMW6aL_RIRC3M5V4-Pc90","https://www.westernunion.com/"
,,,,,,,,,,"4051 en face de YOYO a coté de clinique les oliviers, Av. 14 Janvier, Sousse 4051, Tunisie","Bureau de change",,"Bureau de change",,,"4445325451241747370","Sousse","false","TN",,"0x13027502822eb0af:0x3db0f7f2104473aa",,,,,"https://lh3.googleusercontent.com/gps-cs-s/APNQkAHYX5YOJrcG8PPnaUa2cayQyQ2LHyRJt20ihV0HvqkZ3ZG58OtSnoLpoWAgL3H6uCazjuoXA65SmDPgvZgJZN4tTjdP4E4RrdoUmjzEyRM52OgGMR1xXCLh9Udqg16EPk3ehyeM2g=w408-h272-k-no","6","false","/g/11rs9yw458","fr",,"35.8543429","10.6155518",,,"lundi","09:00 to 17:00","mardi","09:00 to 17:00","mercredi","09:00 to 17:00","jeudi","09:00 to 17:00","vendredi","09:00 to 17:00","samedi","09:00 to 17:00","dimanche","09:00 to 17:00","false","+216 53 971 744","+21653971744","ChIJr7AuggJ1AhMRqnNEEPL3sD0",,,,"4051",,"19",,"2",,,,,,"2026-07-06T15:09:25.474Z","https://www.google.com/maps/search/banque/@35.8491229580959,10.620065984983865,17z?hl=fr","banque",,,"4051 en face de YOYO a coté de clinique les oliviers, Av. 14 Janvier",,"false","wall street exchange","5","https://www.google.com/maps/search/?api=1&query=wall%20street%20exchange&query_place_id=ChIJr7AuggJ1AhMRqnNEEPL3sD0",
,,,,,,,,,,"RJX7+W7G، Inside Wafacash, Rue des Palmiers, Sousse 4051, Tunisie","Service de transfert d'argent",,"Service de transfert d'argent",,,"10831444524188553537","Sousse","true","TN",,"0x12fd8bed76edffb9:0x96510568449bd141",,,,,,"0","false","/g/11zcr4_f1r","fr",,"35.8498193","10.6132113",,,"lundi","07:00 to 00:00","mardi","07:00 to 00:00","mercredi","07:00 to 00:00","jeudi","07:00 to 00:00","vendredi","07:00 to 00:00","samedi","07:00 to 00:00","dimanche","07:00 to 00:00","false","","","ChIJuf_tdu2L_RIRQdGbRGgFUZY",,,,"4051",,"25",,,,,,,,"2026-07-06T15:09:26.393Z","https://www.google.com/maps/search/banque/@35.8491229580959,10.620065984983865,17z?hl=fr","banque",,,"RJX7+W7G، Inside Wafacash, Rue des Palmiers",,"false","MoneyGram",,"https://www.google.com/maps/search/?api=1&query=MoneyGram&query_place_id=ChIJuf_tdu2L_RIRQdGbRGgFUZY","https://www.moneygram.com/r/tn/en"
,,,,,,,,,,"Rue des Palmiers, Sousse 4051, Tunisie","Bureau de change",,"Bureau de change",,,"14690275880522649194","Sousse","false","TN",,"0x12fd8bd130d020b7:0xcbde5814b70a8e6a",,,,,"https://streetviewpixels-pa.googleapis.com/v1/thumbnail?panoid=3AjUbwCvoWpWIY0AV6tzQA&cb_client=search.gws-prod.gps&w=408&h=240&yaw=131.46297&pitch=0&thumbfov=100","2","false","/g/11qrczxwb3","fr",,"35.8496891","10.6131015",,,"lundi","08:00 to 20:00","mardi","08:00 to 20:00","mercredi","08:00 to 20:00","jeudi","08:00 to 20:00","vendredi","08:00 to 20:00","samedi","08:00 to 20:00","dimanche","08:00 to 20:00","false","+216 27 742 024","+21627742024","ChIJtyDQMNGL_RIRao4KtxRY3ss",,,,"4051",,"30",,"3","2","1","0","0","0","2026-07-06T15:09:26.393Z","https://www.google.com/maps/search/banque/@35.8491229580959,10.620065984983865,17z?hl=fr","banque",,,"Rue des Palmiers",,"false","Braham Change","4.7","https://www.google.com/maps/search/?api=1&query=Braham%20Change&query_place_id=ChIJtyDQMNGL_RIRao4KtxRY3ss","https://www.facebook.com/Braham-Change-101874921887774"
,,,,,,,,,,"Immeuble Chtioui Ave 14 Janvier, 2011 Route Touristique Khezema, Sousse 4071, Tunisie","Service de transfert d'argent",,"Service de transfert d'argent",,,"2309514029833872091","Sousse","false","TN",,"0x12fd8b796340c231:0x200d0ac6180762db",,,,,,"0","false","/g/11mkj4cl8b","fr",,"35.847646","10.6187865",,,"lundi","07:00 to 00:00","mardi","07:00 to 00:00","mercredi","07:00 to 00:00","jeudi","07:00 to 00:00","vendredi","07:00 to 00:00","samedi","07:00 to 00:00","dimanche","07:00 to 00:00","false","+216 29 813 579","+21629813579","ChIJMcJAY3mL_RIR22IHGMYKDSA",,,,"4071",,"37",,,,,,,,"2026-07-06T15:09:26.394Z","https://www.google.com/maps/search/banque/@35.8491229580959,10.620065984983865,17z?hl=fr","banque",,,"Immeuble Chtioui Ave 14 Janvier, 2011 Route Touristique Khezema",,"false","Western Union",,"https://www.google.com/maps/search/?api=1&query=Western%20Union&query_place_id=ChIJMcJAY3mL_RIR22IHGMYKDSA",
,,,,,,,,,,"Inside Wafacash, Av. 14 Janvier, Sousse 4071, Tunisie","Service de transfert d'argent",,"Service de transfert d'argent",,,"11867869136927712278","Sousse","false","TN",,"0x12fd8b744898c09b:0xa4b32419f365e416",,,,,"https://streetviewpixels-pa.googleapis.com/v1/thumbnail?panoid=cUW9kBeJ0jpg5RxHRuqiBA&cb_client=search.gws-prod.gps&w=408&h=240&yaw=57.663006&pitch=0&thumbfov=100","2","false","/g/11ykw27nct","fr",,"35.8490275","10.6175035",,,"lundi","07:00 to 00:00","mardi","07:00 to 00:00","mercredi","07:00 to 00:00","jeudi","07:00 to 00:00","vendredi","07:00 to 00:00","samedi","07:00 to 00:00","dimanche","07:00 to 00:00","false","+216 29 813 578","+21629813578","ChIJm8CYSHSL_RIRFuRl8xkks6Q",,,,"4071",,"40",,,,,,,,"2026-07-06T15:09:26.394Z","https://www.google.com/maps/search/banque/@35.8491229580959,10.620065984983865,17z?hl=fr","banque",,,"Inside Wafacash, Av. 14 Janvier",,"false","MoneyGram",,"https://www.google.com/maps/search/?api=1&query=MoneyGram&query_place_id=ChIJm8CYSHSL_RIRFuRl8xkks6Q","https://www.moneygram.com/r/tn/en"
,,,,,,,,,,"khzema est, Rue des Palmiers, Sousse 4051, Tunisie","Service de transfert d'argent par mandat","Service de transfert d'argent","Service de transfert d'argent par mandat",,,"5404505878467693311","Sousse","false","TN",,"0x12fd8b8f871cbfb1:0x4b00a9765093caff",,,,,"https://lh3.googleusercontent.com/gps-cs-s/APNQkAGfwkUunD5C8U2425__y00QxIFyfhnxIMnjwns-Ka7nCkhS6YvbAMfzZogKL8ovY_AwQ-JOuwsQXD1xGvCWUwIl2o8cuEtwQc90IqH6qwv6DDeeAQzANQ6H77XBZeCQvj_gijQgJKE_NGZy=w408-h544-k-no","11","false","/g/11yr2njnh5","fr",,"35.8498193","10.6132113",,,"lundi","08:00 to 22:00","mardi","08:00 to 22:00","mercredi","08:00 to 22:00","jeudi","08:00 to 22:00","vendredi","08:00 to 22:00","samedi","08:00 to 22:00","dimanche","09:00 to 15:00","false","+216 96 026 213","+21696026213","ChIJsb8ch4-L_RIR_8qTUHapAEs",,,,"4051",,"41",,"8","8","0","0","0","0","2026-07-06T15:09:27.153Z","https://www.google.com/maps/search/banque/@35.8491229580959,10.620065984983865,17z?hl=fr","banque",,,"khzema est, Rue des Palmiers",,"false","wafacash","5","https://www.google.com/maps/search/?api=1&query=wafacash&query_place_id=ChIJsb8ch4-L_RIR_8qTUHapAEs",
"true",,,"true",,,,,,,"RJ7H+MQ6، شارع 15 اكتوبر، 1956بسوسة, Tunisie","Banque",,"Banque",,,"17195784222584916552","1956بسوسة","true","TN",,"0x1302756795ae96df:0xeea3b2a4ad70ca48",,,,,"https://lh3.googleusercontent.com/gps-cs-s/APNQkAFdFzxXfTOcNcXZIuJ7kp-sO8p310I3PG6NZcMKP89CzZzEHK2e2i84tYBSlnXY7BxkvTldH0Aqy5s5v4h0EVVGCA4sIIcRmqQpFu-efJNQe7MDb--OLfiyG4Z8n1enKIxuiCBZ=w426-h240-k-no","18","false","/g/1ptwr_97z","fr",,"35.8141726","10.6293772",,,"lundi","08:00 to 16:00","mardi","08:00 to 16:00","mercredi","08:00 to 16:00","jeudi","08:00 to 16:00","vendredi","08:00 to 16:00","samedi","Fermé","dimanche","Fermé","false","+216 71 219 020","+21671219020","ChIJ35aulWd1AhMRSMpwraSyo-4",,,,,,"1",,"13",,,,,,"2026-07-06T15:09:30.810Z","https://www.google.com/maps/search/banque/@35.80734598380824,10.62865055495159,17z?hl=fr","banque",,,"RJ7H+MQ6، شارع 15 اكتوبر",,"false","UIB Bank","3.2","https://www.google.com/maps/search/?api=1&query=UIB%20Bank&query_place_id=ChIJ35aulWd1AhMRSMpwraSyo-4","http://www.uib.com.tn/"
,,,,,,,,,,"RJ8J+883, Sousse, Tunisie","Banque",,"Banque",,,"14445005315736045010","Sousse","true","TN",,"0x130275662c7a42cb:0xc876f7cd3f1385d2",,,,,"https://streetviewpixels-pa.googleapis.com/v1/thumbnail?panoid=BBudWWzYwYLCskxLZWjXVQ&cb_client=search.gws-prod.gps&w=408&h=240&yaw=141.39746&pitch=0&thumbfov=100","1","false","/g/11dxk67rnc","fr",,"35.8157604","10.6307916",,,,,,,,,,,,,,,,,"false","+216 73 333 750","+21673333750","ChIJy0J6LGZ1AhMR0oUTP833dsg",,,,,,"2",,"6",,,,,,"2026-07-06T15:09:30.810Z","https://www.google.com/maps/search/banque/@35.80734598380824,10.62865055495159,17z?hl=fr","banque",,,"RJ8J+883",,"false","UBCI","1","https://www.google.com/maps/search/?api=1&query=UBCI&query_place_id=ChIJy0J6LGZ1AhMR0oUTP833dsg",
,,,,,,,,,,"RJ8J+F55, Av. du 15 Octobre 1963, Sousse, Tunisie","Banque",,"Banque",,,"12430701499541022030","Sousse","true","TN",,"0x1302756626025ec7:0xac82b927350ee54e",,,,,"https://lh3.googleusercontent.com/gps-cs-s/APNQkAGFNAAJOp4yHfq4yDWO4V2V3LHsSKppJoBp0ql4k7gbPYYCKmmDuGQHh6ul7h7QbqRk6wFmwvLlMUJOYlaZ3jhZP2hEAg0X6sVF78Q75UsO_RAGZzQfluHVVcZQh6z6U0Fikn_zkruECM-u=w408-h306-k-no","3","false","/g/11dfxgklzt","fr",,"35.8161434","10.63047",,,,,,,,,,,,,,,,,"false","+216 31 372 311","+21631372311","ChIJx14CJmZ1AhMRTuUONSe5gqw",,,,,,"3",,"3",,,,,,"2026-07-06T15:09:30.810Z","https://www.google.com/maps/search/banque/@35.80734598380824,10.62865055495159,17z?hl=fr","banque",,,"RJ8J+F55, Av. du 15 Octobre 1963",,"false","BIAT","2.7","https://www.google.com/maps/search/?api=1&query=BIAT&query_place_id=ChIJx14CJmZ1AhMRTuUONSe5gqw","http://www.biat.com.tn/"
,,,,,,,,,,"RJ8G+MPV, Sousse, Tunisie","Institution financière",,"Institution financière",,,"13733115042998851637","Sousse","true","TN",,"0x130275e70462443f:0xbe95d35ed5851835",,,,,"https://lh3.googleusercontent.com/gps-cs-s/APNQkAFJiQB3vlkkc565nWU0IQ0xzN-EVc3N88N_uxk7IX86IymjDdmc3-A5DVICU1MjkaLlu3PO7rwc4S9QZkjbl_nmyYT0xPxjV-3aD5c56azWhGTTbQF6JMZphrp3d71w4x-IrkBNJg=w408-h544-k-no","4","false","/g/11f7dt6dby","fr",,"35.8167295","10.6267976",,,"lundi","08:00 to 17:00","mardi","08:00 to 17:00","mercredi","08:00 to 17:00","jeudi","08:00 to 17:00","vendredi","08:00 to 17:00","samedi","Fermé","dimanche","Fermé","false","+216 73 339 683","+21673339683","ChIJP0RiBOd1AhMRNRiF1V7Tlb4",,,,,,"4",,"4",,,,,,"2026-07-06T15:09:30.810Z","https://www.google.com/maps/search/banque/@35.80734598380824,10.62865055495159,17z?hl=fr","banque",,,"RJ8G+MPV",,"false","Enda Tamweel Sousse","4","https://www.google.com/maps/search/?api=1&query=Enda%20Tamweel%20Sousse&query_place_id=ChIJP0RiBOd1AhMRNRiF1V7Tlb4","http://www.endatamweel.tn/"
,,,,,,,,,,"5, Cité Boukhdhar Bouhsina, Sousse 4000, Tunisie","Institution financière",,"Institution financière",,,"14965899868333474948","Sousse","false","TN",,"0x12fd8b1101ced265:0xcfb18ea334150484",,,,,,"0","false","/g/11z2x5c7nw","fr",,"35.812888","10.617295",,,"lundi","08:00 to 20:00","mardi","08:00 to 20:00","mercredi","08:00 to 20:00","jeudi","08:00 to 20:00","vendredi","08:00 to 20:00","samedi","08:00 to 20:00","dimanche","08:00 to 20:00","false","","","ChIJZdLOARGL_RIRhAQVNKOOsc8",,,,"4000",,"5",,"1",,,,,,"2026-07-06T15:09:30.810Z","https://www.google.com/maps/search/banque/@35.80734598380824,10.62865055495159,17z?hl=fr","banque",,,"5, Cité Boukhdhar Bouhsina",,"false","IZI ZITOUNA PAYMENT Souse - Bouhssina","5","https://www.google.com/maps/search/?api=1&query=IZI%20ZITOUNA%20PAYMENT%20Souse%20-%20Bouhssina&query_place_id=ChIJZdLOARGL_RIRhAQVNKOOsc8","https://www.zitounapayment.com/"
"true",,,,,,,,,,"RHPW+VG8, Sousse, Tunisie","Banque",,"Banque",,,"1604800071219800653","Sousse","true","TN",,"0x12fd8af5598f3bff:0x164565298493ea4d",,,,,"https://streetviewpixels-pa.googleapis.com/v1/thumbnail?panoid=H010e7mloRlHmhdcK4J7aw&cb_client=search.gws-prod.gps&w=408&h=240&yaw=90.45704&pitch=0&thumbfov=100","1","false","/g/11c5752fpd","fr",,"35.8371606","10.5963131",,"Sahloul","lundi","08:00 to 11:30, 13:00 to 16:15","mardi","08:00 to 11:30, 13:00 to 16:15","mercredi","08:00 to 11:30, 13:00 to 16:15","jeudi","08:00 to 11:30, 13:00 to 16:15","vendredi","08:00 to 11:30, 13:00 to 16:15","samedi","Fermé","dimanche","Fermé","false","","","ChIJ_zuPWfWK_RIRTeqThCllRRY",,,,,,"6",,"9",,,,,,"2026-07-06T15:09:30.810Z","https://www.google.com/maps/search/banque/@35.80734598380824,10.62865055495159,17z?hl=fr","banque",,,"RHPW+VG8",,"false","UBCI","2.9","https://www.google.com/maps/search/?api=1&query=UBCI&query_place_id=ChIJ_zuPWfWK_RIRTeqThCllRRY",
,,,,,,,,,,"RJ7J+M3V Road transport station, Sousse, Tunisie","Poste",,"Poste",,,"10429365521916807039","Sousse","true","TN",,"0x130275741de0a7a5:0x90bc8caf5e8ec77f",,,,,"https://lh3.googleusercontent.com/gps-cs-s/APNQkAEaQx7bzF4AV09FSFC-haljB6AozfAtY09vXNiYCp7-wQJllLaR64dGFQg0y_sO2p5NGRFIrx7VNHEo3VxI44EhOwJoUmz1vSkshxTgVbHm15v8kHSad6OUM9hrGVBCvhBPpw=w408-h725-k-no","3","false","/g/11fs0cm9vz","fr",,"35.8142462","10.6301858",,,,,,,,,,,,,,,,,"false","","","ChIJpafgHXR1AhMRf8eOXq-MvJA",,,,,,"8",,"5",,,,,,"2026-07-06T15:09:30.810Z","https://www.google.com/maps/search/banque/@35.80734598380824,10.62865055495159,17z?hl=fr","banque",,,"RJ7J+M3V Road transport station",,"false","Bureau De Poste Sousse Souk Lahad","1","https://www.google.com/maps/search/?api=1&query=Bureau%20De%20Poste%20Sousse%20Souk%20Lahad&query_place_id=ChIJpafgHXR1AhMRf8eOXq-MvJA",
"true",,,,,,,,,,"RJ55+HF6, Sousse, Tunisie","Banque",,"Banque",,,"8956463488499566976","Sousse","true","TN",,"0x12fd8aa4ac494405:0x7c4bc016e3c5c980",,,,,"https://lh3.googleusercontent.com/gps-cs-s/APNQkAGTHChTYdRHtd5s53oLi6QoAWts86KQxh_lN5HbvOYymjqvBOU-gbh2O1B7iE6eCBERoCLAng_c4gPqwUjGd54rIegEBSwN-27yyIAPoyWLhOuYHxc0ZB68VsnCewcPK7wbGek=w408-h282-k-no","4","false","/g/1tgkqkzl","fr",,"35.8089214","10.6086409",,,"lundi","08:00 to 16:30","mardi","08:00 to 16:30","mercredi","08:00 to 16:30","jeudi","08:00 to 16:30","vendredi","08:00 to 14:30","samedi","Fermé","dimanche","Fermé","false","+216 70 641 220","+21670641220","ChIJBURJrKSK_RIRgMnF4xbAS3w",,,,,,"9",,"7",,,,,,"2026-07-06T15:09:30.810Z","https://www.google.com/maps/search/banque/@35.80734598380824,10.62865055495159,17z?hl=fr","banque",,,"RJ55+HF6","التجاري بنك","false","Attijari bank","3","https://www.google.com/maps/search/?api=1&query=Attijari%20bank&query_place_id=ChIJBURJrKSK_RIRgMnF4xbAS3w","http://www.attijaribank.com.tn/Fr/"
"true",,,,,,,,,,"RJ37+F57, Sousse, Tunisie","Banque",,"Banque",,,"17682342432720188029","Sousse","true","TN",,"0x12fd8aa5f5fa84cb:0xf5644cc1eb1a727d",,,,,"https://lh3.googleusercontent.com/gps-cs-s/APNQkAE_5VSAD1g-gJWFuFSdmVoWbfmpCaY5dIo1stqBP5XLamZ6Sh-YwXqQ4RjCj_uw34t5gPlCE-HKGzzw9321GBuJ57ZMKJXlAkLzrW0LAblJ0mDVdn0-dCB3nWuSSUXMUt_4wmNt=w408-h544-k-no","6","false","/g/1tsgyypb","fr",,"35.8036616","10.6129271",,,"lundi","08:00 to 17:00","mardi","08:00 to 17:00","mercredi","08:00 to 17:00","jeudi","08:00 to 17:00","vendredi","08:00 to 17:00","samedi","08:00 to 17:00","dimanche","Fermé","false","","","ChIJy4T69aWK_RIRfXIa68FMZPU",,,,,,"10",,"7",,,,,,"2026-07-06T15:09:30.810Z","https://www.google.com/maps/search/banque/@35.80734598380824,10.62865055495159,17z?hl=fr","banque",,,"RJ37+F57","بنك الأمان","false","Aman Bank","2.7","https://www.google.com/maps/search/?api=1&query=Aman%20Bank&query_place_id=ChIJy4T69aWK_RIRfXIa68FMZPU",
,,,,,,,,,,"10 Av. du 15 Octobre 1963, Sousse 4000, Tunisie","Service de transfert d'argent",,"Service de transfert d'argent",,,"17726122523405519472","Sousse","false","TN",,"0x130275623f704487:0xf5ffd6849ca30a70",,,,,,"0","false","/g/11xnr3fpjr","fr",,"35.8160494","10.6312469",,,"lundi","08:00 to 17:00","mardi","08:00 to 17:00","mercredi","08:00 to 17:00","jeudi","08:00 to 17:00","vendredi","08:00 to 17:00","samedi","08:00 to 17:00","dimanche","08:00 to 17:00","false","+216 31 372 311","+21631372311","ChIJh0RwP2J1AhMRcAqjnITW__U",,,,"4000",,"11",,,,,,,,"2026-07-06T15:09:30.810Z","https://www.google.com/maps/search/banque/@35.80734598380824,10.62865055495159,17z?hl=fr","banque",,,"10 Av. du 15 Octobre 1963",,"false","Western Union",,"https://www.google.com/maps/search/?api=1&query=Western%20Union&query_place_id=ChIJh0RwP2J1AhMRcAqjnITW__U","https://www.westernunion.com/"
,,,,,,,,,,"RJ97+RWW, Rue Ali Ibn Abi Taleb, Sousse, Tunisie","Banque",,"Banque",,,"7787292784280149016","Sousse","true","TN",,"0x12fd8a9ea7974c67:0x6c12058748fb1c18",,,,,"https://lh3.googleusercontent.com/gps-cs-s/APNQkAH0jEILO0oOJ1LI5ZozuSundnkpX7-iIuhc6YqaEo1QoPRSRvYmttgvOqZztkEkxa7pp0OtmoDBbGZLfQlE_Agb1NiAvJcR6YXEwzQQZefvaTa0W4R6hn0sxMxX6yoV8XlTQoY7oMkYhif0=w408-h306-k-no","3","false","/g/11f__pp5l5","fr",,"35.8196122","10.6148314",,,"lundi","08:00 to 13:00, 14:30 to 17:00","mardi","08:00 to 13:00, 14:30 to 17:00","mercredi","08:00 to 13:00, 14:30 to 17:00","jeudi","08:00 to 13:00, 14:30 to 17:00","vendredi","08:00 to 13:00, 14:30 to 17:00","samedi","Fermé","dimanche","Fermé","false","","","ChIJZ0yXp56K_RIRGBz7SIcFEmw",,,,,,"12",,"3",,,,,,"2026-07-06T15:09:30.810Z","https://www.google.com/maps/search/banque/@35.80734598380824,10.62865055495159,17z?hl=fr","banque",,,"RJ97+RWW, Rue Ali Ibn Abi Taleb",,"false","Bureau De Poste Bouhsina","5","https://www.google.com/maps/search/?api=1&query=Bureau%20De%20Poste%20Bouhsina&query_place_id=ChIJZ0yXp56K_RIRGBz7SIcFEmw",
,,,,,,,,,,"Hammam Sousse, Tunisie","Banque",,"Banque",,,"4195702513922194868","Hammam Sousse","false","TN",,"0x12fd8a11b425ffd1:0x3a3a2134e58bbdb4",,,,,"https://lh3.googleusercontent.com/gps-cs-s/APNQkAERX5ASeBhsK3_ACfhiYS5WC5DnQBXnuAzfdH76VtovcL3Ot2EA8xnakIlUe1tpDoJKOh1QDaj-UqgNhcQXqzo0crBxOVkyn2vR8hQLo_E4CavsuN1FVO5OWW17Wb--sRN1Y0-MoX6z82g=w408-h306-k-no","5","false","/g/11c1pty6j2","fr",,"35.8658049","10.6067475",,,,,,,,,,,,,,,,,"false","","","ChIJ0f8ltBGK_RIRtL2L5TQhOjo",,,,,,"13",,"7",,,,,,"2026-07-06T15:09:30.810Z","https://www.google.com/maps/search/banque/@35.80734598380824,10.62865055495159,17z?hl=fr","banque",,,,,"false","BTK BANK Hammam Sousse","4.6","https://www.google.com/maps/search/?api=1&query=BTK%20BANK%20Hammam%20Sousse&query_place_id=ChIJ0f8ltBGK_RIRtL2L5TQhOjo","http://www.btknet.com/"
