langue,produit_service,promotion,contenu_original,auteur,type_contenu,post_url,date,theme,sentiment,likes,hashtags
mixte,,,"نرحب بكم في كل فروعنا
 من يوم الاثنين الى يوم الجمعة في الأوقات التالية: 
 🕗🕐 8:15 - 12:45
Horaires d'ouverture des guichets STB BANK
#توقيت_صيفي ☀️ لغاية 31 أوت 2026",STB Bank الشركة التونسية للبنك,information pratique,https://www.linkedin.com/feed/update/urn:li:activity:7477706634803429376,1w,horaires d'ouverture,neutre,31,['توقيت_صيفي']
français,Pack Marhaba,"Transferts d’argent 100% gratuits vers la Tunisie, services bancaires digitaux 24/7","Marhaba ! 
Cet été, facilitez votre retour au bled avec le Pack Marhaba, spécialement conçu pour vous, chers Tunisiens résidents à l’étranger 🌍
✅ Transferts d’argent 100% gratuits vers la Tunisie
✅ Se",STB Bank الشركة التونسية للبنك,promotion produit,https://www.linkedin.com/feed/update/urn:li:activity:7477351075835101184,1w,Pack Marhaba,positif,6,['STBBANK']
français,Pack Marhaba,"Transferts d’argent 100% gratuits vers la Tunisie, services bancaires digitaux 24/7","Marhaba ! 
Cet été, facilitez votre retour au bled avec le Pack Marhaba, spécialement conçu pour vous, chers Tunisiens résidents à l’étranger 🌍
✅ Transferts d’argent 100% gratuits vers la Tunisie
✅ Se",STB Bank الشركة التونسية للبنك,promotion produit,https://www.linkedin.com/feed/update/urn:li:activity:7477311721162919936,1w,Pack Marhaba,positif,4,['STBBANK']
français,,,"Retour en photos sur la distinction de la STB à la cérémonie Internationale de certification d’entreprises conjointement organisée par COFICERT et l’IGSF en collaboration avec Euronext, par l’obtentio",STB Bank الشركة التونسية للبنك,relations publiques,https://www.linkedin.com/feed/update/urn:li:activity:7476258020222603266,1w,Certification AML,positif,39,['STBBANK']
arabe,,,تم تكريم الشركة التونسية للبنك رسميًا خلال حفل أُقيم في Euronext  باريس، أحد أهم المراكز المالية الدولية، بمناسبة حصولها على شهادة AML 30001، وهي مرجع عالمي في مجال مكافحة غسل الأموال وتمويل الإرهاب و,STB Bank الشركة التونسية للبنك,relations publiques,https://www.linkedin.com/feed/update/urn:li:activity:7478366840763883520,6d,récompense internationale,positif,56,[]
français,Crédit Eco-Car,,"Envie d’investir dans un véhicule à caractère écologique 🍃? ​
La STB met à votre disposition le crédit Eco-Car 🚗
✔️Plus d'informations via ce lien : https://lnkd.in/eKFRq6wc
#STBBANK",STB Bank الشركة التونسية للبنك,promotion produit,https://www.linkedin.com/feed/update/urn:li:activity:7474779073425248256,2w,Crédit auto écologique,positif,6,['STBBANK']
français,,,"Retour en vidéo sur notre participation au Think Tank annuel du média Univers News, « La Tunisie dragon de la Méditerranée, Utopie ou Réalité », tenu le 29 juin 2026.
Le thème débattu est d’actualité ",STB Bank الشركة التونسية للبنك,relations publiques,https://www.linkedin.com/feed/update/urn:li:activity:7477740206830448641,1w,Tunisie compétitivité,positif,14,[]
français,STB EveryWhere,ouvrir un compte en ligne en quelques clics,"📣Où que vous soyez 🌍et quand vous le désirez🕘, la STB vous offre le privilège d’ouvrir votre compte complétement en ligne, en seulement quelques clic.
✅Accédez à notre univers STB EveryWhere et vivez ",STB Bank الشركة التونسية للبنك,promotion produit,https://www.linkedin.com/feed/update/urn:li:activity:7473720317480398849,2w,ouverture compte en ligne,positif,6,"['STBBANK', 'stb_everywhere']"
français,,,Retour en vidéo sur la participation du groupe STB à la conférence annuelle de l’Association Tunisienne des Investisseurs en Capital (ATIC),STB Bank الشركة التونسية للبنك,relations publiques,https://www.linkedin.com/feed/update/urn:li:activity:7476207953897820161,1w,Conférence ATIC,neutre,27,[]
arabe,,,"تتمنى لكم الشركة التونسية للبنك عام هجري مبارك 1448
كل عام وأنتم بخير",STB Bank الشركة التونسية للبنك,relations publiques,https://www.linkedin.com/feed/update/urn:li:activity:7472382181101776898,3w,vœux de l'Aïd,positif,27,[]
