contenu_original,langue,date,type_contenu,post_url,likes,promotion,sentiment,auteur,source,hashtags,theme,produit_service
"مسافر🌍✈️ ؟
ا STB BANK تحط على ذمتك 💳 La Carte STB Travel 
✅هكا تتهنى على فلوسك و تتمتع بال  Assistance de Voyage gratuitement
و أكثر امتيازات موجودة في الرابط التالي 
https://www.stb.com.tn/fr/particu",mixte,2026-07-08T12:30:36.000Z,promotion produit,https://www.instagram.com/p/DaiC6l6FVR5,15,Assistance de Voyage gratuitement,positif,stbbank,instagram,"['#STBBANK', '#TRAVEL', '#voyage']",Carte de voyage,La Carte STB Travel
"مرحبا بكم في كامل فروعنا أينما كنتم
الشركة التونسية للبنك قريبة ليكم 🤝
📍فروعنا في كامل تراب الجمهورية 🇹🇳 على ذمتكم لخدمتكم في أفضل الظروف :
🔎 https://www.stb.com.tn/fr/reseau-stb/
#Agences_STBBANK #ST",arabe,2026-07-07T07:35:25.000Z,relations publiques,https://www.instagram.com/p/Dae8Vueldv-,8,,positif,stbbank,instagram,"['Agences_STBBANK', 'STBBANK', 'proximitéclient']",Proximité bancaire,
"مرحبا بالتوانسة 🇹🇳 العايشين بالخارج ! 🌍
ال STB تفرح بيكم و تحط على ذمتكم
✅Le Crédit IMMO 48H Chrono
خوذ دارك 🏘 في 48 ساعة و عدي الباقي خلاعة
https://www.stb.com.tn/fr/tunisiens-a-l-etranger/credits-et",mixte,2026-07-03T11:13:31.000Z,promotion produit,https://www.instagram.com/p/DaVCHk7lchU,8,obtention d'un crédit immobilier en 48 heures,positif,stbbank,instagram,"['تـونسي_عايش_في_الخارج', 'PackMarhba']",Crédit immobilier,Crédit IMMO 48H Chrono
"Retour en vidéo sur notre participation au Think Tank annuel du média Univers News, « La Tunisie 🇹🇳 dragon de la Méditerranée, Utopie ou Réalité », tenu le 29 juin 2026.

Le thème débattu est d’actual",français,2026-06-30T15:08:51.000Z,relations publiques,https://www.instagram.com/p/DaNui3-geWN,27,,positif,stbbank,instagram,['STBBank'],Tunisie compétitivité,
"نرحب بكم في كل فروعنا
 من يوم الاثنين الى يوم الجمعة في الأوقات التالية: 
 🕗🕐 8:15 - 12:45
Horaires d'ouverture des guichets STB BANK
#توقيت_صيفي ☀️ لغاية 31 أوت 2026",mixte,2026-06-30T12:55:50.000Z,information pratique,https://www.instagram.com/p/DaNfcZmHJ1L,20,,neutre,stbbank,instagram,['توقيت_صيفي'],horaires d'ouverture,
"Marhaba ! 
Cet été, facilitez votre retour au bled avec le Pack Marhaba, spécialement conçu pour vous, chers Tunisiens résidents à l’étranger 🌍
✅ Transferts d’argent 100% gratuits vers la Tunisie
✅ Se",mixte,2026-06-29T10:45:18.000Z,promotion produit,https://www.instagram.com/p/DaKrtd_FWv5,6,"Transferts d’argent 100% gratuits vers la Tunisie, services bancaires digitaux 24/7",positif,stbbank,instagram,['STBBank'],Pack Marhaba,Pack Marhaba
"Retour en photos sur la distinction de la STB à la cérémonie Internationale de certification d’entreprises conjointement organisée par COFICERT et l’IGSF en collaboration avec Euronext, par l’obtentio",français,2026-06-26T12:58:59.000Z,relations publiques,https://www.instagram.com/p/DaDMn_7FVY6,31,,positif,stbbank,instagram,[],Certification AML,
Retour en vidéo sur la participation du groupe STB à la conférence annuelle de l’Association Tunisienne des Investisseurs en Capital (ATIC),français,2026-06-26T09:37:51.000Z,relations publiques,https://www.instagram.com/p/DaC1fGqACIc,43,,neutre,stbbank,instagram,[],Conférence ATIC,
"Envie d’investir dans un véhicule à caractère écologique 🍃? ​
La STB met à votre disposition le crédit Eco-Car 🚗
✔️Plus d'informations via ce lien : https://www.stb.com.tn/fr/particuliers/credits-et-f",français,2026-06-22T11:02:33.000Z,promotion produit,https://www.instagram.com/p/DZ4sHqFlXrg,12,,positif,stbbank,instagram,['STBBANK'],Crédit voiture écologique,Crédit Eco-Car
"📣Où que vous soyez 🌍et quand vous le désirez🕘, la STB vous offre le privilège d’ouvrir votre compte complétement en ligne, en seulement quelques clic.
✅Accédez à notre univers STB EveryWhere et vivez ",français,2026-06-19T12:56:22.000Z,promotion produit,https://www.instagram.com/p/DZxKwt8FWAc,11,ouvrir un compte en ligne en quelques clics,positif,stbbank,instagram,"['STBBANK', 'stb_everywhere']",Compte en ligne,STB EveryWhere
"نظّم صيفك 🏖️ على كيفك 
عليك بالdestination  و احنا علينا بال crédit Consommation 💵
🔎https://www.stb.com.tn/fr/particuliers/credits-et-financements/credit-direct/
#STBBank",mixte,2026-06-17T12:54:55.000Z,promotion produit,https://www.instagram.com/p/DZsBABylQUa,14,financement pour les vacances,positif,stbbank,instagram,['STBBank'],crédit consommation,crédit Consommation
"تتمنى لكم الشركة التونسية للبنك عام هجري مبارك 1448
كل عام وأنتم بخير",arabe,2026-06-15T19:21:16.000Z,relations publiques,https://www.instagram.com/p/DZnjoRAHGIT,16,,positif,stbbank,instagram,[],vœux de l'Aid,
"إلّي بيناتنا بزايد خير 
وزيادة الخير بش تدوم من يديّاتنا ويديّاتكم 
بيناتنا تاريخ يربطنا بيكم 
وعشرة تجبدنا ليكم كي الذكير ... 
اليد تهزّ الخطوة والخطوة تهزّ الخطاوي 
نحبّو نعملو من يديّاتنا طريزة 
عل",arabe,2023-03-05T15:39:41.000Z,relations publiques,https://www.instagram.com/p/CpaZ7fiuptu,148,,positif,attijari_bank_tunisie,instagram,[],solidarite sociale,
"نحبّو نعملو من یدیّاتنا طریزة
على خاطر قلوبكم عزیزة...
سخانة قلوبنا تتحسّ
و معزّتكم بین الإیدین تتمسّ ...
بیناتنا معزّة !
#BNA #Tunisie #Banque #Binetna",arabe,2023-03-04T18:59:21.000Z,relations publiques,https://www.instagram.com/p/CpYL6_as5r3,108,,positif,attijari_bank_tunisie,instagram,"['BNA', 'Tunisie', 'Banque', 'Binetna']",Fierté nationale,
"في BNA
بيناتنا تاريخ يربطنا بيكم ...
بيناتنا عشرة تجبدنا ليكم ...
#BNA #Tunisie #Banque #Binetna",arabe,2023-03-04T17:01:21.000Z,relations publiques,https://www.instagram.com/p/CpX-fP1LjzQ,112,,positif,attijari_bank_tunisie,instagram,"['BNA', 'Tunisie', 'Banque', 'Binetna']",Histoire BNA,
"Bienvenue à votre Direction Régionale BNA BANK de Gabès. Nous sommes heureux de vous accueillir dans votre Direction Régionale entièrement rénovée, pensée pour vous offrir un cadre moderne, innovant e",français,2026-07-08T13:42:27.000Z,relations publiques,https://www.instagram.com/p/DaiLI6FFZUd,51,,positif,attijari_bank_tunisie,instagram,[],Agence bancaire rénovée,
"Cet été, le plus beau voyage est celui qui vous ramène chez vous.

Avec l'offre TWENSA de la BNA BANK, retrouvez la Tunisie et donnez vie à vos projets dans les meilleures conditions.

🏡 Projet immobi",français,2026-07-06T16:00:19.000Z,promotion produit,https://www.instagram.com/p/DadRUupiFYS,8,"avantages pour les Tunisiens Résidents à l'Étranger pour projet immobilier, investissement ou financement",positif,attijari_bank_tunisie,instagram,"['BNABANK', 'TWENSA', 'TRE', 'Tunisie', 'Financement', 'Immobilier']",Offre TWENSA,TWENSA
"حوار مع السيد : وسام معاوي
كاهية مدير التوريد بديوان الحبوب
الجزء الثاني من بودكاست ،عيشة الفلاح:  ديوان الحبوب : تحضيرات ومجهودات كبرى طيلة السنة من اجل موسم حصاد ناجح.",arabe,2026-07-05T15:31:20.000Z,information pratique,https://www.instagram.com/p/Daao16gDNOb,8,,neutre,attijari_bank_tunisie,instagram,[],موسم حصاد,
"Cet été, le plus beau voyage est celui qui vous ramène auprès de ceux que vous aimez. 🇹🇳
Retrouvez la Tunisie et concrétisez vos projets grâce à l'offre TWENSA de la BNA BANK, destinée aux Tunisiens R",français,2026-07-02T18:03:14.000Z,promotion produit,https://www.instagram.com/p/DaTMNoMjapQ,26,offre destinée aux Tunisiens Résidents à l'Étranger,positif,attijari_bank_tunisie,instagram,"['BNABank', 'TWENSA', 'TRE', 'TunisiensRésidentsÀLEtranger', 'Tunisie', 'Été2026']",Offre pour Tunisiens,TWENSA
"بيان توضيحي

يدعو البنك الوطني الفلاحي (BNA BANK) كافة حرفائه والمواطنين إلى توخي أقصى درجات الحيطة والحذر، على إثر تداول محاولات الإحتيال إلكتروني تنتحل صفة وزارة المالية، وتهدف إلى استدراج المواطنين",arabe,2026-07-01T09:18:57.000Z,information pratique,https://www.instagram.com/p/DaPray-lgmJ,98,,neutre,attijari_bank_tunisie,instagram,[],prudence contre fraude,
"🚨 Avis Important

La BNA BANK  appelle ses clients à la plus grande vigilance face à une campagne de phishing usurpant l’identité du Ministère des Finances.

Ne communiquez jamais vos informations ban",français,2026-07-01T09:17:08.000Z,information pratique,https://www.instagram.com/p/DaPrNbxlnWY,5,,neutre,attijari_bank_tunisie,instagram,[],Phishing et sécurité,
"يعلم البنك الوطني الفلاحي حرفاءه الكرام بأنّ أوقات العمل بفروعه ستكون من السّاعة 08:15 صباحا إلى السّاعة 12:45 بعد الزّوال بداية من 01 جويلية 2026
Nous informons notre aimable clientèle que l'horaire ",mixte,2026-06-30T15:30:14.000Z,information pratique,https://www.instagram.com/p/DaNxHRmjSWb,36,,neutre,attijari_bank_tunisie,instagram,[],horaires d'ouverture,
"La 𝐁𝐍𝐀 𝐁𝐀𝐍𝐊 participera au 𝗚𝗿𝗮𝗻𝗱 𝗗𝗲́𝗯𝗮𝘁 𝗯𝘆 𝗨𝗻𝗶𝘃𝗲𝗿𝘀 𝗡𝗲𝘄𝘀, qui se tiendra le 29 juin 2026 à Tunis.
Placée sous le thème « 𝗟𝗮 𝗧𝘂𝗻𝗶𝘀𝗶𝗲, 𝗗𝗿𝗮𝗴𝗼𝗻 𝗱𝗲 𝗹𝗮 𝗠𝗲́𝗱𝗶𝘁𝗲𝗿𝗿𝗮𝗻𝗲́𝗲 : 𝘂𝘁𝗼𝗽𝗶𝗲 𝗼𝘂 𝗿𝗲́𝗮𝗹𝗶𝘁𝗲́ ? », cet évènement",français,2026-06-27T12:57:57.000Z,relations publiques,https://www.instagram.com/p/DaFxTQkHKs-,10,,positif,attijari_bank_tunisie,instagram,[],Grand Débat économique,
"Afin de mieux vous servir, nous vous informons que des travaux de rénovation seront entrepris au niveau de votre agence BNA BANK SBIBA.

À cet effet, votre agence sera transférée provisoirement à l'ad",français,2026-06-26T09:21:42.000Z,information pratique,https://www.instagram.com/p/DaCzwj0jVul,6,,neutre,attijari_bank_tunisie,instagram,[],travaux agence banque,
"حلمتك تولي حقيقة و دارك تولي ملكك 🏘
مع قرض المسكن الأول (توصل قيمتو حتى ال 248 مليون) تنجم تشري دار من غير تمويل ذاتي ❗️",arabe,2026-06-30T13:45:10.000Z,promotion produit,https://www.instagram.com/p/DaNlFwTDX1f,37,jusqu'à 248 millions,positif,bh_bank,instagram,[],crédit immobilier,crédit immobilier
"Bravo pour notre champion olympique Firas Kattoussi qui a décroché une médaille d’argent au tournoi de Kazakhstan de Taekwondo.
Rappelons que notre champion olympique, parrainé par la BH BANK et reven",français,2026-06-26T08:57:48.000Z,relations publiques,https://www.instagram.com/p/DaCxBeemjuO,59,,positif,bh_bank,instagram,[],Soutien champion olympique,
"تهانينا بمناسبة عيد الآباء ❤️
Joyeuse fête des Pères ❤️",mixte,2026-06-21T12:12:32.000Z,relations publiques,https://www.instagram.com/p/DZ2PVEtN92s,13,,positif,bh_bank,instagram,[],Fête des Pères,
مبروك للناجحين في مناظرة الباكالوريا 🎊 و حظ اوفر للبقية 🙏,arabe,2026-06-20T17:06:44.000Z,relations publiques,https://www.instagram.com/p/DZ0ML40NqzL,4,,positif,bh_bank,instagram,[],Félicitations baccalauréat,
"في عالم الرياضة لا يُصنع المجدُ بالصدفة، بل بالإرادة، بالصبر وبسنوات طويلة من التضحية.
هناك أبطال يقاتلون بصمت، يحلمون في الخفاء ثم يأتون يومًا ليُسمعوا العالم اسم تونس 🇹🇳
رحلةٌ طويلة مليئة بالتحديات،",arabe,2026-06-11T09:25:25.000Z,relations publiques,https://www.instagram.com/p/DZcMOfyFNko,78,,positif,bh_bank,instagram,[],Soutien aux sportifs,
"مع BH BANK، حضّر لكاس العالم 🏆⚽️ بتمويل عالمي !
بمناسبة المونديال تمتّع بـ :
✅ قرض إستهلاك يوصل حتّى ل 30 مليون  بـ un taux avantageux 
✅ 20 % تخفيض على  الكارطة 3XPAY  إلّي تخلّيك تشري إلّي تحبّ عليه",arabe,2026-06-05T18:41:40.000Z,promotion produit,https://www.instagram.com/p/DZNvGV-tNZH,29,20% de réduction sur la carte 3XPAY et crédit à la consommation à taux avantageux jusqu'à 30 millions,positif,bh_bank,instagram,[],financement mondial,crédit à la consommation
تمنياتنا بالنجاح  و التوفيق  لكل المشاركين في مناظرة  البكالوريا,arabe,2026-06-03T16:54:31.000Z,relations publiques,https://www.instagram.com/p/DZIZSnhNiK6,13,,positif,bh_bank,instagram,[],Baccalauréat Tunisie,
كلو عام و أمهات تونس بخير ❤️,arabe,2026-05-31T06:00:24.000Z,relations publiques,https://www.instagram.com/p/DY_gDXtjY6R,27,,positif,bh_bank,instagram,[],Fête des mères,
كل عام وأنتم بخير 🙏,arabe,2026-05-26T18:06:34.000Z,relations publiques,https://www.instagram.com/p/DYz7IxvAsxR,14,,positif,bh_bank,instagram,[],vœux de bonne année,
"مع BH BANK، حضّر لكاس العالم 🏆⚽️ بتمويل عالمي !
بمناسبة المونديال تمتّع بـ :
✅ قرض إستهلاك يوصل حتّى ل 30 مليون  بـ un taux avantageux 
✅ 20 % تخفيض على  الكارطة 3XPAY  إلّي تخلّيك تشري إلّي تحبّ عليه",mixte,2026-05-22T09:13:05.000Z,promotion produit,https://www.instagram.com/p/DYoq8v4DdYM,12,"taux avantageux, 20% de réduction sur la carte 3XPAY",positif,bh_bank,instagram,[],financement mondial,crédit à la consommation
BH BANK réaffirme son engagement pour un développement durable et célèbre la Journée Internationale de la Biodiversité 🌍💚,français,2026-05-22T09:07:55.000Z,relations publiques,https://www.instagram.com/p/DYoqW3Fj4ZH,7,,positif,bh_bank,instagram,[],Journée Biodiversité,
"مع مصرف الزيتونة، تونس ديما دارك 🇹🇳🏡

مع برنامج تمويل منزل للتوانسة المقيمين بالخارج، أختار الدار ولا الأرض اللي تحب عليها… وأحنا نرافقوك  في كل مرحلة باجرائات مبسطة و مدّة التسديد نتفاهمو عليها بالمس",arabe,2026-07-01T17:27:37.000Z,promotion produit,https://www.instagram.com/p/DaQjTFVD7rE,23,اجرائات مبسطة و مدّة التسديد نتفاهمو عليها بالمسبق,positif,banquezitouna,instagram,[],financement immobilier,برنامج تمويل منزل
"حرفائنا الكرام،
 نعلمكم أن أوقات العمل الصيفي بفروعنا ستكون ابتداءً من 01 جويلية إلى 31 أوت 2026، من الاثنين إلى الجمعة، من الساعة 08:15 إلى الساعة 12:45🕒",arabe,2026-06-30T18:20:06.000Z,information pratique,https://www.instagram.com/p/DaOEjalAOmf,26,,neutre,banquezitouna,instagram,[],horaires été,
"Développez votre activité avec Banque Zitouna et FIAT Professional. 🚚

En partenariat avec @italcar.tunisie , Banque Zitouna vous fait bénéficier d'une offre exclusive sur la gamme FIAT Professional. ",français,2026-06-30T09:46:43.000Z,promotion produit,https://www.instagram.com/p/DaNJzRFDZJe,2,offre exclusive sur la gamme FIAT Professional,positif,banquezitouna,instagram,[],Financement véhicules,solutions de financement
مبروك للناجحين في الدورة الرئيسية للبكالوريا و حظ أوفر للبقية💪🏻🎓,arabe,2026-06-20T16:40:42.000Z,relations publiques,https://www.instagram.com/p/DZ0JOmRja-7,13,,positif,banquezitouna,instagram,[],Félicitations bac,
مصرف الزيتونة يتمنالكم سنة هجرية مباركة، وكل عام وأنتم بخير 🌙,arabe,2026-06-15T19:15:34.000Z,relations publiques,https://www.instagram.com/p/DZni-hbDVW4,17,,positif,banquezitouna,instagram,[],vœux année hégirienne,
"🌍 5 Juin | Journée Mondiale de l’Environnement

🌱 Un petit geste pour vous, un grand impact pour la planète.

À l’occasion de la Journée Mondiale de l’Environnement, Banque Zitouna réaffirme son engag",français,2026-06-05T16:24:44.000Z,relations publiques,https://www.instagram.com/p/DZNfejIDfOP,9,,positif,banquezitouna,instagram,[],Journée Environnement,
بمناسبة عيد الأمهات، مصرف الزيتونة يتمنالكم عيد سعيد وكل عام وأمهاتنا بألف خير🌸💚,arabe,2026-05-31T08:38:47.000Z,relations publiques,https://www.instagram.com/p/DY_yLaMDXh3,14,,positif,banquezitouna,instagram,[],Jour de la mère,
مصرف الزيتونة يتمنالكم عيد  إضحى مبارك💚,arabe,2026-05-27T08:02:08.000Z,relations publiques,https://www.instagram.com/p/DY1azWdCA33,24,,positif,banquezitouna,instagram,[],Aïd El Adha,
"تخمم تطوّر مشروعك وتحسن فيه ؟
مع مصرف الزيتونة إكسب ال Ford Transit
و تمتع بتمويل على 5 سنين ومعاه 5 entretiens بلاش 🚗✨",mixte,2026-05-20T10:26:42.000Z,promotion produit,https://www.instagram.com/p/DYjpyLFDeHi,5,financement sur 5 ans avec 5 entretiens gratuits,positif,banquezitouna,instagram,[],financement véhicule,Ford Transit
"Retour sur notre participation au Forum de l’Officine 🤝

Nous avons eu le plaisir de présenter nos solutions de financement dédiées au secteur de la pharmacie, spécialement conçues pour répondre aux b",français,2026-05-12T15:31:49.000Z,relations publiques,https://www.instagram.com/p/DYPmSedD-rs,40,,positif,banquezitouna,instagram,[],Forum de l'Officine,solutions de financement
"بالتمويل، شي ما هو مستحيل، اليوم وغدوة نؤمنوا ونحققوا ✨

الكلنا عندنا حلمة... تبني و تكسب دار🏡، تكبّر  وتعلّي، تصول و تجول العالم ✈️، تعلم وتتعلم 📚، و تنوّر لعزيز عليك

 مصرف الزيتونة معاك في كل خطوة.",arabe,2026-05-06T17:13:34.000Z,relations publiques,https://www.instagram.com/p/DYAVJBCiOZI,40,,positif,banquezitouna,instagram,[],Soutien financier,
"Retour en images sur trois journées à forte valeur ajoutée au Salon Tanit Immobilier.

Cet événement a constitué un temps fort d’échanges et d’accompagnement, illustrant l’engagement de Banque Zitouna",français,2026-05-02T09:00:57.000Z,relations publiques,https://www.instagram.com/p/DX1Jqaxj9Dh,102,,positif,banquezitouna,instagram,[],Salon immobilier,
