produit_service,likes,theme,hashtags,contenu_original,auteur,source,langue,promotion,date,sentiment,type_contenu,post_url
Crédit Tahssin,3,crédit renovation,"['Attijaribank', 'croire_en_vous']","🏡 تحب تجدّد دارك ولا تعمل فيها تحسينات؟

مع Crédit Tahssin من التجاري بنك، تنجم تموّل أشغال التهيئة والتجديد بقرض يتماشى مع احتياجاتك.

سواء كنت حريف لدى التجاري بنك أو لا، تنجم تقدّم مطلبك بالطريقة ا",Attijari bank Tunisie,facebook,mixte,,2026-07-09T13:00:19.000Z,positif,promotion produit,https://www.facebook.com/AttijariBankTunisie/posts/pfbid02Dirfj3eFPNR2r9xRzNXiXqzHC6qghdEtqLAsM1tmNcMABzdmgyrkpxSXnJfYcBXwl
Attijari Up,38,Nouvelle application,"['Attijaribank', 'croire_en_vous']","Plus qu’une mise à jour… une nouvelle ère pour votre expérience bancaire. 🚀
Avec Attijari Up, profitez d’une application pensée pour vous accompagner au quotidien avec encore plus de fluidité, d’auton",Attijari bank Tunisie,facebook,français,Téléchargement de l'application,2026-07-08T17:00:53.000Z,positif,promotion produit,https://www.facebook.com/AttijariBankTunisie/posts/pfbid0wKXYgNWNX5tFmQRDCppJkYcZptAodTD3BjvrtUdgjDpxwL6pCB2BcCcNieARmZgZl
,10,Art africain,"['AfriqueDev', 'JAMSALAM', 'Positivelmpact']","Cinq artistes de cinq pays différents, chacun un regard singulier et une sensibilité qui traverse les frontières, se rejoignent cette résidence : Au nom de Toumaï, espoir de vie.

Ensemble, ils viendr",Attijari bank Tunisie,facebook,français,,2026-07-08T12:00:59.000Z,positif,relations publiques,https://www.facebook.com/AttijariBankTunisie/posts/pfbid0fVwiMZDxMizX2ejbjZndQYcjEiAdFFHrvgThRCHHkdphCPeZeXG64iTS1wFw1z7Pl
Mon pass,252,Mon pass Attijari,"['Attijaribank', 'croire_en_vous']","عام كامل وإنت تستنا في اللحظة الي باش تروح فيها لبلادك 🇹🇳✈️
في التجاري بنك نسهلوها عليك بالـ  rubrique  الجديدةMon pass  على الـ Attijari Up 👌

En savoir plus : https://www.attijariup.com.tn/mon-pass/",Attijari bank Tunisie,facebook,mixte,rubrique Mon pass sur Attijari Up,2026-07-07T11:21:48.000Z,positif,promotion produit,https://www.facebook.com/reel/1742160706921774/
Attijari Up,273,Application bancaire,"['Attijaribank', 'croire_en_vous']","مع l’app  الجديدة: Attijari Up، كل معاملاتك البنكية أسرع و أسهل . 

تنجم تيلشرجي Attijari Up وتسجل دخولك عبر الرابط التالي : 

🔗 https://www.attijariup.com.tn

للمزيد من الإستفسار والمعلومات، تنجم تتو",Attijari bank Tunisie,facebook,arabe,,2026-07-05T09:00:54.000Z,positif,promotion produit,https://www.facebook.com/reel/1672214970739937/
Mon Pass,1315,Mon Pass Attijari,"['Attijaribank', 'croire_en_vous']","‎صيفك في تونس يبدا قبل ما توصل 
‎بالـ rubrique الجديدة Mon Pass على Attijari Up :

✈️ Réservation de vos fonds
🗓️ Prise de rendez-vous en agence
💰 Simulation de vos commissions
🏠 Demande de crédit imm",Attijari bank Tunisie,facebook,mixte,null,2026-07-03T14:58:28.000Z,positif,promotion produit,https://www.facebook.com/AttijariBankTunisie/posts/pfbid0tLRtNNtgtcde2zgZDHNSXsyQyULSW1P3NvtXow2UWbcph5cRtrq1frsrMEYP1LJel
Crédit Auto,7609,Crédit Auto,"['Atijaribank', 'croire_en_vous']","🚗 تحب تشري سيارة جديدة ولا مستعملة؟

مع Crédit Auto من التجاري بنك، تنجم تموّل شراء سيارتك بقرض يتماشى مع احتياجاتك وبإجراءات بسيطة وسريعة.

سواء كنت حريف لدى التجاري بنك أو لا، تنجم تقدّم مطلبك بالطر",Attijari bank Tunisie,facebook,mixte,,2026-07-02T13:41:50.000Z,positif,promotion produit,https://www.facebook.com/AttijariBankTunisie/posts/pfbid0T1zPk55xCCc7JMzMYGnRWnth4aLgd19xHezSEdJdg4Rgt9EeDLNFvoBNPUkBEfc2l
,25,Résidence artistique,"['AfriqueDev', 'JAMSALAM']","5 artistes parmi les 15 participants à la résidence JAMSALAM. 5 visions du monde.

Photographie, son, digital, arts plastiques — leurs univers se rencontrent à la résidence JAMSALAM, au cœur d'une cré",Attijari bank Tunisie,facebook,français,,2026-07-01T14:29:19.000Z,positif,relations publiques,https://www.facebook.com/AttijariBankTunisie/posts/pfbid032uzNxWZj7P5XDNCxetqFcdvgXRoHLs6bN7SDnLcjQ1pzJhNunpJKnH3XpBYGvxQsl
,795,horaires d'ouverture,"['Attijaribank', 'croire_en_vous']","حرفاءنا الكرام،

نعلمكم أنّ أوقات العمل بفروعنا ستكون، ابتداءً من يوم الأربعاء 01 جويلية إلى غاية يوم الإثنين 31 أوت 2026، على النحو التالي:

من يوم الاثنين الى يوم الجمعة من الساعة 08:15 إلى الساعة 1",Attijari bank Tunisie,facebook,mixte,,2026-06-30T19:27:10.000Z,neutre,information pratique,https://www.facebook.com/AttijariBankTunisie/posts/pfbid0QSUv7rVb6TVpAbN4iLxWNGki2G1dUh8zduhR18ELm7TEkwHaj9ur2uxny1PdqeqEl
Mon Pass sur Attijari Up,483,services bancaires,"['Attijaribank', 'croire_en_vous']","التجاري بنك يخلي عطلتك في بلادك أرتح وأسهل.
بالـ rubrique الجديدة Mon Pass على Attijari Up :

✔️ Réservation de vos fonds
✔️ Prise de rendez-vous en agence
✔️ Simulation de vos commissions
✔️ Virement",Attijari bank Tunisie,facebook,mixte,"réservation de fonds, prise de rendez-vous, simulation de commissions, virement devise",2026-06-30T15:11:25.000Z,positif,promotion produit,https://www.facebook.com/reel/1578216940335065/
Carte STB Travel,54,Carte de voyage,"['STBBANK', 'TRAVEL', 'voyage']","مسافر🌍✈️ ؟
ا STB BANK تحط على ذمتك 💳 La Carte STB Travel                        
✅هكا تتهنى على فلوسك و تتمتع بال        Assistance de Voyage gratuitement
و أكثر امتيازات موجودة في الرابط التالي 
http",STB Bank  الشركة التونسية للبنك,facebook,mixte,Assistance de Voyage gratuite,2026-07-08T12:30:34.000Z,positif,promotion produit,https://www.facebook.com/stbbank/posts/pfbid02jXSAksb3cozdZzmT2NkZeS4TMeEdCRANWvRMtxPWGH3RXgcUhVnSQfoJQVurNWYsl
,105,Proximité client,"['Agences_STBBANK', 'STBBANK', 'proximitéclient']","مرحبا بكم في كامل فروعنا أينما كنتم
الشركة التونسية للبنك قريبة ليكم 🤝
📍فروعنا في كامل تراب الجمهورية 🇹🇳 على ذمتكم لخدمتكم في أفضل الظروف :
🔎 https://www.stb.com.tn/fr/reseau-stb/
#Agences_STBBANK #ST",STB Bank  الشركة التونسية للبنك,facebook,arabe,,2026-07-07T07:35:23.000Z,positif,relations publiques,https://www.facebook.com/stbbank/posts/pfbid0Y8iQFxLiQtSbjnWaCQEmc34sBSUTCLqFnjVrB9gezjkUdkcmKoXvawdSuCDgMTCil
Crédit IMMO 48H Chrono,107,Crédit immobilier,"['تـونسي_عايش_في_الخارج', 'PackMarhba']","مرحبا بالتوانسة 🇹🇳 العايشين بالخارج ! 🌍
ال STB تفرح بيكم و تحط على ذمتكم
✅Le Crédit IMMO 48H Chrono
خوذ دارك 🏘 في 48 ساعة و عدي الباقي خلاعة
https://www.stb.com.tn/fr/tunisiens-a-l-etranger/credits-et",STB Bank  الشركة التونسية للبنك,facebook,mixte,obtention de crédit immobilier en 48 heures,2026-07-03T11:13:28.000Z,positif,promotion produit,https://www.facebook.com/stbbank/posts/pfbid02o1h5iDMexXKrVAzrZArWGVL3niZst13dkqUcs4RzmMDLuyH3e1QrC5R49LdLhbmyl
,159,Tunisie compétitivité,['STBBank'],"Retour en vidéo sur notre participation au Think Tank annuel du média Univers News, « La Tunisie 🇹🇳 dragon de la Méditerranée, Utopie ou Réalité », tenu le 29 juin 2026.

Le thème débattu est d’actual",STB Bank  الشركة التونسية للبنك,facebook,français,,2026-06-30T15:10:18.000Z,positif,relations publiques,https://www.facebook.com/reel/3086971498167646/
,341,horaires d'ouverture,['توقيت_صيفي'],"نرحب بكم في كل فروعنا
 من يوم الاثنين الى يوم الجمعة في الأوقات التالية:  
 🕗🕐 8:15 - 12:45
Horaires d'ouverture des guichets STB BANK
#توقيت_صيفي  ☀️ لغاية 31 أوت 2026",STB Bank  الشركة التونسية للبنك,facebook,mixte,,2026-06-30T12:55:47.000Z,neutre,information pratique,https://www.facebook.com/stbbank/posts/pfbid0X9bd3xcasmjuSb2d7hgkJppSg3nmY6bf29hbpgveWcGSLxTqxnGZkBdgFo8NFCEHl
Pack Marhaba,58,Pack Marhaba,['STBBank'],"Marhaba ! 
Cet été, facilitez votre retour au bled avec le Pack Marhaba, spécialement conçu pour vous, chers Tunisiens résidents à l’étranger 🌍
✅ Transferts d’argent 100% gratuits vers la Tunisie
✅ Se",STB Bank  الشركة التونسية للبنك,facebook,français,"Transferts d’argent 100% gratuits vers la Tunisie, services bancaires digitaux 24/7",2026-06-29T10:45:16.000Z,positif,promotion produit,https://www.facebook.com/stbbank/posts/pfbid035ktzzYDQx5h6ZgjaEuwv4oRjCoivdYzLJykyUcdG5DtBNbSUXCVhcH5NcRCwQjUql
,159,Certification AML,['STBBank'],"Retour en photos sur la distinction de la STB à la cérémonie Internationale de certification d’entreprises conjointement organisée par COFICERT et l’IGSF en collaboration avec Euronext, par l’obtentio",STB Bank  الشركة التونسية للبنك,facebook,français,,2026-06-26T12:57:20.000Z,positif,relations publiques,https://www.facebook.com/stbbank/posts/pfbid02ASippy1XFge55bxJA1SU3LS8tp2KbZVmxaXwKZQMaqigSE5aJYRGzxPmfvxssrpFl
,212,Conférence ATIC,[],Retour en vidéo sur la participation du groupe STB à la conférence annuelle de l’Association Tunisienne des Investisseurs en Capital (ATIC),STB Bank  الشركة التونسية للبنك,facebook,français,,2026-06-26T09:40:19.000Z,neutre,relations publiques,https://www.facebook.com/reel/863917563455916/
Crédit Eco-Car,42,Crédit auto écologique,['STBBANK'],"Envie d’investir dans un véhicule à caractère écologique 🍃? ​
La STB met à votre disposition le crédit Eco-Car 🚗
✔️Plus d'informations via ce lien : https://www.stb.com.tn/fr/particuliers/credits-et-f",STB Bank  الشركة التونسية للبنك,facebook,français,,2026-06-22T11:02:31.000Z,positif,promotion produit,https://www.facebook.com/stbbank/posts/pfbid022fMf8aL697iogPfcTb5Gd9s5FFqTvc9aEyQv7Gu6wnB1aZUGPKb3khPdgGpJcTT2l
برنامج تمويل منزل,134,financement immobilier,[],"مع مصرف الزيتونة، تونس ديما دارك 🇹🇳🏡

مع برنامج تمويل منزل للتوانسة المقيمين بالخارج، أختار الدار ولا الأرض اللي تحب عليها… وأحنا نرافقوك  في كل مرحلة باجرائات مبسطة و مدّة التسديد نتفاهمو عليها بالمس",Banque Zitouna - مصرف الزيتونة,facebook,arabe,اجرائات مبسطة و مدّة التسديد نتفاهمو عليها بالمسبق,2026-07-01T17:27:32.000Z,positif,promotion produit,https://www.facebook.com/reel/1056022523652756/
,173,horaires été,[],"حرفائنا الكرام،
 نعلمكم أن أوقات العمل الصيفي بفروعنا ستكون ابتداءً من 01 جويلية إلى 31 أوت 2026، من الاثنين إلى الجمعة، من الساعة 08:15 إلى الساعة 12:45🕒",Banque Zitouna - مصرف الزيتونة,facebook,arabe,,2026-06-30T18:20:01.000Z,neutre,information pratique,https://www.facebook.com/BanqueZitouna/posts/pfbid0319maep8gA5LpsDNjYJENR5LSMLPEAma7e8Em58vZYWJUJnAHC76Dn7HWnxApWdpil
solutions de financement,19,financement véhicule,[],"Développez votre activité avec Banque Zitouna et FIAT Professional. 🚚

En partenariat avec Italcar Tunisie , Banque Zitouna vous fait bénéficier d'une offre exclusive sur la gamme FIAT Professional. ✅",Banque Zitouna - مصرف الزيتونة,facebook,français,offre exclusive sur la gamme FIAT Professional,2026-06-30T09:46:40.000Z,positif,promotion produit,https://www.facebook.com/BanqueZitouna/posts/pfbid0dn1xXMHGjmkfUyRRzKL9LYTEX8oUhnyTBUCqddQWJcQjFsKUkWEMaWroGt1X8Jn3l
,48,Félicitations bac,[],مبروك للناجحين في الدورة الرئيسية للبكالوريا و حظ أوفر للبقية💪🏻🎓,Banque Zitouna - مصرف الزيتونة,facebook,arabe,,2026-06-20T16:40:39.000Z,positif,relations publiques,https://www.facebook.com/BanqueZitouna/posts/pfbid031z9boMqjauv7QdE4G3VZAR1EeAYM4uYv2WgTSuVh598cP8YEZmDHQF6synYxiUQil
,119,vœux année hégirienne,[],مصرف الزيتونة يتمنالكم سنة هجرية مباركة، وكل عام وأنتم بخير 🌙,Banque Zitouna - مصرف الزيتونة,facebook,arabe,,2026-06-15T19:15:32.000Z,positif,relations publiques,https://www.facebook.com/BanqueZitouna/posts/pfbid0dKUkW6t39K9zMqp86GzziEBacrtgLsF7rC4XkdyVpu34t2ZNspTfWVqhRcViFDmhl
,42,Journée Environnement,[],"🌍 5 Juin | Journée Mondiale de l’Environnement

🌱 Un petit geste pour vous, un grand impact pour la planète.

À l’occasion de la Journée Mondiale de l’Environnement, Banque Zitouna réaffirme son engag",Banque Zitouna - مصرف الزيتونة,facebook,français,,2026-06-05T16:24:40.000Z,positif,relations publiques,https://www.facebook.com/BanqueZitouna/posts/pfbid02Qj5eqSKAn5cDsxMAS4efe93X8qhkmtGdm8HLSH3bkvpRJww1VVskfaHZPrFW6Feql
,45,Fête des mères,[],بمناسبة عيد الأمهات، مصرف الزيتونة يتمنالكم عيد سعيد وكل عام وأمهاتنا بألف خير🌸💚,Banque Zitouna - مصرف الزيتونة,facebook,arabe,,2026-05-31T08:38:44.000Z,positif,relations publiques,https://www.facebook.com/BanqueZitouna/posts/pfbid02pyGdpzHGTqrWzzhpd7jLmt5XXT8j5WTcybTa4NLnmDbxS8FbQ6CGe1wRWWz3k2uil
,148,Aïd El Idha,[],مصرف الزيتونة يتمنالكم عيد  إضحى مبارك💚,Banque Zitouna - مصرف الزيتونة,facebook,arabe,,2026-05-27T08:00:12.000Z,positif,relations publiques,https://www.facebook.com/BanqueZitouna/posts/pfbid02X7xXQTkhgSz6N7utp62HRkcnbqmDRybnDYkUj4iuyVDpV69bqT5u47V3q2449Urhl
Ford Transit,687,financement voiture,[],"تخمم تطوّر مشروعك وتحسن فيه ؟
مع مصرف الزيتونة إكسب ال Ford Transit
و تمتع بتمويل على 5 سنين ومعاه 5 entretiens بلاش 🚗✨",Banque Zitouna - مصرف الزيتونة,facebook,mixte,financement sur 5 ans avec 5 entretiens gratuits,2026-05-20T10:26:39.000Z,positif,promotion produit,https://www.facebook.com/BanqueZitouna/posts/pfbid02zCqTfdrwMFvx5kwPYDDfoEJUa8zH3ChBTz9ZDSYJo4V65Bb3zbTuQ9kCnEBaim4Yl
solutions de financement,89,Forum de l'Officine,[],"Retour sur notre participation au Forum de l’Officine 🤝

Nous avons eu le plaisir de présenter nos solutions de financement dédiées au secteur de la pharmacie, spécialement conçues pour répondre aux b",Banque Zitouna - مصرف الزيتونة,facebook,français,,2026-05-12T15:32:21.000Z,positif,relations publiques,https://www.facebook.com/reel/2179679976202917/
,206,Agence bancaire rénovée,[],"Bienvenue à votre Direction Régionale BNA BANK de Gabès. Nous sommes heureux de vous accueillir dans votre Direction Régionale entièrement rénovée, pensée pour vous offrir un cadre moderne, innovant e",BNA - Banque Nationale Agricole,facebook,français,,2026-07-08T13:42:24.000Z,positif,relations publiques,https://www.facebook.com/BanqueNationaleAgricole/posts/pfbid0hMdFEd2qZwAJLW2PUYNR66FL6Eo23NZjgnevSC5T2WqJ2AeQ4XDsDrDoTVqpMuMJl
قروض وتمويلات,72,crédit agricole,[],عيشة الفلاح (التمويل) : قروض وتمويلات البنك الوطني الفلاحي للفلاحين طيلة موسم الحبوب .. سندكم في النجاح,BNA - Banque Nationale Agricole,facebook,arabe,طيلة موسم الحبوب,2026-07-06T18:34:31.000Z,positif,promotion produit,https://www.facebook.com/reel/1386731970028584/
TWENSA,724,Offre TWENSA,"['BNABANK', 'TWENSA', 'TRE', 'Tunisie', 'Financement', 'Immobilier']","Cet été, le plus beau voyage est celui qui vous ramène chez vous.

Avec l'offre TWENSA de la BNA BANK, retrouvez la Tunisie et donnez vie à vos projets dans les meilleures conditions.

🏡 Projet immobi",BNA - Banque Nationale Agricole,facebook,français,"avantages pour les Tunisiens Résidents à l'Étranger pour projet immobilier, investissement ou financement",2026-07-06T16:00:15.000Z,positif,promotion produit,https://www.facebook.com/BanqueNationaleAgricole/posts/pfbid01BX3iW1Psheh36nCoBFt4Vy1smzTDnSZ7R3B9b4q5Wb4WdVDstFfJhMViKVQQJuWl
,138,موسم حصاد,[],"حوار مع السيد : وسام معاوي
كاهية مدير التوريد بديوان الحبوب
الجزء الثاني من بودكاست ،عيشة الفلاح:  ديوان الحبوب : تحضيرات ومجهودات كبرى طيلة السنة من اجل موسم حصاد ناجح.",BNA - Banque Nationale Agricole,facebook,arabe,,2026-07-05T15:33:52.000Z,neutre,information pratique,https://www.facebook.com/reel/1338605957715012/
,163,ديوان الحبوب,[],"حوار مع السيد : وسام معاوي
كاهية مدير التوريد بديوان الحبوب
الجزء الأول من بودكاست ،عيشة الفلاح:  ديوان الحبوب : مُنشأة وطنية عريقة تُزوّد البلاد بالحبوب منذ تاسيسها في 1962 .",BNA - Banque Nationale Agricole,facebook,arabe,,2026-07-05T16:41:27.000Z,neutre,information pratique,https://www.facebook.com/reel/1006239392391882/
TWENSA,464,Offre TWENSA,"['BNABank', 'TWENSA', 'TRE', 'TunisiensRésidentsÀLEtranger', 'Tunisie', 'Été2026']","Cet été, le plus beau voyage est celui qui vous ramène auprès de ceux que vous aimez. 🇹🇳
Retrouvez la Tunisie et concrétisez vos projets grâce à l'offre TWENSA de la BNA BANK, destinée aux Tunisiens R",BNA - Banque Nationale Agricole,facebook,français,Concrétiser vos projets grâce à l'offre TWENSA,2026-07-02T18:03:12.000Z,positif,promotion produit,https://www.facebook.com/BanqueNationaleAgricole/posts/pfbid033J3tHT2CeJvV1GGa5tXXoLraR7gRXqh6P6JZjVfAWYNycjGvnoQAinFtTgf3aNdSl
,76,horaires d'ouverture,[],"يعلم البنك الوطني الفلاحي حرفاءه الكرام بأنّ أوقات العمل بفروعه ستكون من السّاعة 08:15 صباحا إلى السّاعة 12:45 بعد الزّوال بداية من 01 جويلية 2026
Nous informons notre aimable clientèle que l'horaire ",BNA - Banque Nationale Agricole,facebook,mixte,,2026-06-30T15:30:12.000Z,neutre,information pratique,https://www.facebook.com/BanqueNationaleAgricole/posts/pfbid0794QujzKEkHFp5MLAR3VNtKM54V34LsT7kEPHt1HxpQohrScocNCMf1cj1kKeVNXl
,43,Grand Débat économique,[],"La 𝐁𝐍𝐀 𝐁𝐀𝐍𝐊 participera au 𝗚𝗿𝗮𝗻𝗱 𝗗𝗲́𝗯𝗮𝘁 𝗯𝘆 𝗨𝗻𝗶𝘃𝗲𝗿𝘀 𝗡𝗲𝘄𝘀, qui se tiendra le 29 juin 2026 à Tunis.
Placée sous le thème « 𝗟𝗮 𝗧𝘂𝗻𝗶𝘀𝗶𝗲, 𝗗𝗿𝗮𝗴𝗼𝗻 𝗱𝗲 𝗹𝗮 𝗠𝗲́𝗱𝗶𝘁𝗲𝗿𝗿𝗮𝗻𝗲́𝗲 : 𝘂𝘁𝗼𝗽𝗶𝗲 𝗼𝘂 𝗿𝗲́𝗮𝗹𝗶𝘁𝗲́ ? », cet évènement",BNA - Banque Nationale Agricole,facebook,français,,2026-06-27T12:57:54.000Z,positif,relations publiques,https://www.facebook.com/BanqueNationaleAgricole/posts/pfbid024s8f1hNQLPWEtkSbx3259JoiKB4RJrXgPL6BqkYqwgpJ2W957jqMFtn4YFQshpRCl
,37,prévention incendie,[],عيشة الفلاح (الارشاد الفلاحي) :   اهم النصائح للوقاية من الحرائق,BNA - Banque Nationale Agricole,facebook,arabe,,2026-06-26T14:30:43.000Z,neutre,information pratique,https://www.facebook.com/reel/1778966580134769/
Pack Bledna,664,Pack Bledna,[],"مرحبا بالتونسيين المقيمين بالخارج والعائدين لأرض الوطن بمناسبة العطلة الصيفية.
في الـ BH Bank، جيتكم عزيزة !

Découvrez le 'Pack Bledna' et ses nombreux avantages exclusifs !

➡️ Une tarification préf",BH Bank,facebook,mixte,"tarification préférentielle sur les transferts, réductions sur les taux de crédits, carte visa internationale et assurance protection juridique",2026-07-07T10:02:30.000Z,positif,promotion produit,https://www.facebook.com/BHBank/posts/pfbid02f3d94j5D2V5Yu1Qq5WGZQTzaF5sHgM6kNENR5owRf49PxBUzg83fjWJ7EcE3cMDil
,106,Certification ISO 9001,[],"La BH Bank maintient pour la troisième année consécutive sa certification ISO 9001 pour son activité « Opérations à l'International »  
La BH Bank a réussi à maintenir pour la troisième année consécut",BH Bank,facebook,français,,2026-07-06T09:36:41.000Z,positif,relations publiques,https://www.facebook.com/BHBank/posts/pfbid02tzm8GHuRKUJRjQmvSgbdzdPRUf3R6xxBhwSYzpfF1C3bG9aDbX2nBXrjfWohJHLul
,288,Certification MSI 20000,[],"Certifiée MSI 20000, BH ASSURANCE confirme son excellence en gouvernance financière.
BH Assurance, filiale du Groupe BH Bank et un des principaux acteurs du secteur d’assurances en Tunisie, s’est vu d",BH Bank,facebook,français,,2026-07-02T09:00:17.000Z,positif,relations publiques,https://www.facebook.com/BHBank/posts/pfbid02zVyxCgzewXf8jxbLmdc3awLzwajnAEb6QmWuv1mGDjcvci49PC1ddD8cxVqXcrifl
,165,horaires d'ouverture,[],"يعلم BH بنك حرفائه الكرام بأنّ أوقات العمل بفروعه ستكون من السّاعة 08:15 صباحا إلى السّاعة 12:45 بعد الزّوال بداية من 01 جويلية 2026

Nous informons notre aimable clientèle que l'horaire d'ouverture d",BH Bank,facebook,mixte,,2026-07-01T09:33:56.000Z,neutre,information pratique,https://www.facebook.com/BHBank/posts/pfbid0fSZMVGpwaPq5VuuQk5dr3vkuuEbMMDX61UpGGDpj6PwiwZ2iz4p7qkqaArMX9uWyl
,237,Grand Débat économique,[],"La BH BANK présente à l’édition 2026 du « Grand Débat d’Univers News ».
 
Fidèle à sa politique de proximité et son engagement sociétal en faveur des initiatives à forte valeur ajoutée, la BH BANK a p",BH Bank,facebook,français,,2026-06-30T08:10:40.000Z,positif,relations publiques,https://www.facebook.com/BHBank/posts/pfbid02n2FJMcNCdmq4uFq5rKHNwdPMVboSq1W156XFbRHDjETZhsH4i1WkukqDQvf5MyeZl
crédit immobilier,314,crédit immobilier,[],"BH Bank   مع ال
🏡 حلمتك تولي حقيقة و دارك تولي ملكك
مع قرض المسكن الأول (توصل قيمتو حتى ال 248 مليون) تنجم تشري دار من غير 
auto-financement ❗",BH Bank,facebook,mixte,jusqu'à 248 millions,2026-06-29T16:34:26.000Z,positif,promotion produit,https://www.facebook.com/BHBank/posts/pfbid02AA1ihCB73wvk3xqm8BsQ4SZ2iTvsjcmBsrcodp7TADybx7euXQvBDi6CrcYbawmZl
,2061,Soutien champion,[],"Bravo à notre champion olympique Firas Kattoussi qui a décroché une médaille d’argent au tournoi de Kazakhstan de Taekwondo.
Rappelons que notre champion olympique, parrainé par la BH BANK et revenant",BH Bank,facebook,français,,2026-06-26T08:57:46.000Z,positif,relations publiques,https://www.facebook.com/BHBank/posts/pfbid02sv8BsPEVkj1BEcL1wmgCroF2WfRjJEwdyAsdyqNsZKnBVjFkfqDn592Zit1HzK4l
,96,Fête des Pères,[],"تهانينا بمناسبة عيد الآباء ❤️
Joyeuse fête des Pères ❤️",BH Bank,facebook,mixte,,2026-06-21T12:10:02.000Z,positif,relations publiques,https://www.facebook.com/BHBank/posts/pfbid0AKBrKSULU5SsADNc4pHkWmZxiUaS4mSVzipmR85xQYhjE4u6cm38TwJAyLb7tmkQl
,116,Félicitations baccalauréat,[],مبروك للناجحين في مناظرة الباكالوريا 🎊 و حظ اوفر للبقية 🙏,BH Bank,facebook,arabe,,2026-06-20T17:04:55.000Z,positif,relations publiques,https://www.facebook.com/BHBank/posts/pfbid031VY4wVjtCDBJm8vrRwRrhDktXv42N3ptk5viyUZracvbjnd8DmQPAC2uyg4jLMP3l
