postUrl,imgUrl,type,postContent,likeCount,commentCount,repostCount,postDate,action,author,authorUrl,profileUrl,timestamp,viewCount,postTimestamp,sharedPostUrl,videoUrl
https://www.linkedin.com/feed/update/urn:li:activity:7477706634803429376,https://media.licdn.com/dms/image/v2/D4E22AQE67BzR7EmjMw/feedshare-shrink_800/B4EZ8YmjoFIkAc-/0/1782824188703?e=1785369600&v=beta&t=EjPVR7xzLetWfJKgOh5WZXzABpchm2ImKVaLvydoSVI,Image,"نرحب بكم في كل فروعنا
 من يوم الاثنين الى يوم الجمعة في الأوقات التالية: 
 🕗🕐 8:15 - 12:45
Horaires d'ouverture des guichets STB BANK
#توقيت_صيفي ☀️ لغاية 31 أوت 2026",31,0,0,1w,Post,STB Bank الشركة التونسية للبنك,https://www.linkedin.com/company/stb-bank,https://www.linkedin.com/company/stb-bank/,2026-07-08T08:55:17.901Z,,2026-06-30T12:56:30.808Z,,
https://www.linkedin.com/feed/update/urn:li:activity:7477351075835101184,https://media.licdn.com/dms/image/v2/D4D22AQGNv-D_EOG0AA/feedshare-shrink_800/B4DZ8TjLiuKsAc-/0/1782739417654?e=1785369600&v=beta&t=1DDu0Y5N9OuQFqguswnXTzXSIUdM9x91UnKMZEKQ4NI,Image,"Marhaba ! 
Cet été, facilitez votre retour au bled avec le Pack Marhaba, spécialement conçu pour vous, chers Tunisiens résidents à l’étranger 🌍
✅ Transferts d’argent 100% gratuits vers la Tunisie
✅ Services bancaires digitaux 24/7, où que vous soyez
📲 Découvrez tous les avantages et ouvrez votre Pack Marhaba en ligne dès maintenant : https://lnkd.in/ddaG_xVe
#STBBANK",6,0,2,1w,Post,STB Bank الشركة التونسية للبنك,https://www.linkedin.com/company/stb-bank,https://www.linkedin.com/company/stb-bank/,2026-07-08T08:55:17.901Z,,2026-06-29T13:23:38.944Z,,
https://www.linkedin.com/feed/update/urn:li:activity:7477311721162919936,https://media.licdn.com/dms/image/v2/D4D22AQG88OvPqd-LtA/feedshare-shrink_800/B4DZ8S_YxmIIAc-/0/1782730034691?e=1785369600&v=beta&t=udHeCNx7NI7YcSDwEdNXrdLWB1s9fdnUfCvNL0KAHoE,Image,"Marhaba ! 
Cet été, facilitez votre retour au bled avec le Pack Marhaba, spécialement conçu pour vous, chers Tunisiens résidents à l’étranger 🌍
✅ Transferts d’argent 100% gratuits vers la Tunisie
✅ Services bancaires digitaux 24/7, où que vous soyez
📲 Découvrez tous les avantages et ouvrez votre Pack Marhaba en ligne dès maintenant : https://lnkd.in/ddaG_xVe
#STBBANK",4,0,0,1w,Post,STB Bank الشركة التونسية للبنك,https://www.linkedin.com/company/stb-bank,https://www.linkedin.com/company/stb-bank/,2026-07-08T08:55:17.902Z,,2026-06-29T10:47:16.059Z,,
https://www.linkedin.com/feed/update/urn:li:activity:7476258020222603266,https://media.licdn.com/dms/image/v2/D4E22AQFYoP_sMT86og/feedshare-shrink_800/B4EZ8EBCmYK4Ac-/0/1782478809785?e=1785369600&v=beta&t=bec4uYEMXirwIm8jLla-E01u5pUIa_lXWyJsvcYY7hI,Image,"Retour en photos sur la distinction de la STB à la cérémonie Internationale de certification d’entreprises conjointement organisée par COFICERT et l’IGSF en collaboration avec Euronext, par l’obtention de la certification AML 30001 (Norme internationale dédiée à la lutte contre le blanchiment d’argent et le financement du terrorisme), tenue le 25 juin 2026 à la bourse de Paris.
A cette cérémonie, la STB Bank était représentée par son secrétaire général M. Sami Derbel.
#STBBANK",39,1,4,1w,Post,STB Bank الشركة التونسية للبنك,https://www.linkedin.com/company/stb-bank,https://www.linkedin.com/company/stb-bank/,2026-07-08T08:55:22.426Z,,2026-06-26T13:00:14.178Z,,
https://www.linkedin.com/feed/update/urn:li:activity:7478366840763883520,,Article,"تم تكريم الشركة التونسية للبنك رسميًا خلال حفل أُقيم في Euronext  باريس، أحد أهم المراكز المالية الدولية، بمناسبة حصولها على شهادة AML 30001، وهي مرجع عالمي في مجال مكافحة غسل الأموال وتمويل الإرهاب وانتشار أسلحة الدمار الشامل.

ويُجسّد هذا التقدير الدولي، الذي مُنح إثر عملية تدقيق صارمة أجرتها هيئة اعتماد معترف بها (COFICERT)، مدى توافق منظومة الأمن المالي لدى البنك مع أفضل الممارسات والمعايير الدولية في مجالي الامتثال وإدارة المخاطر المالية.

وتُعد هذه الشهادة ثمرة برنامج تحوّل واسع النطاق أطلقه البنك منذ أكثر من ثلاث سنوات. وقد جمعت هذه المبادرة الاستراتيجية مختلف الأطراف المعنية حول هدف مشترك يتمثل في تعزيز الشفافية ونزاهة المعاملات المالية بشكل مستدام، وهو رهان أساسي بالنسبة لبنك عمومي وطني ومسؤول يلتزم بدوره في دعم الاقتصاد والحفاظ على ثقة العموم.

https://lnkd.in/efVrp7HD",56,2,3,6d,Post,STB Bank الشركة التونسية للبنك,https://www.linkedin.com/company/stb-bank,https://www.linkedin.com/company/stb-bank/,2026-07-08T08:55:22.427Z,,2026-07-02T08:39:56.175Z,https://www.stb.com.tn/fr/la-banque/la-stb-premiere-banque-publique-en-tunisie-certifiee-aml-30001-une-distinction-internationale-consacrant-son-engagement-en-faveur-de-la-transparence-et-de-lexcellence-en-conformite/,
https://www.linkedin.com/feed/update/urn:li:activity:7474779073425248256,https://media.licdn.com/dms/image/v2/D4E22AQHO8xeFHGZd7Q/feedshare-shrink_800/B4EZ7u_9S9KEAg-/0/1782126204394?e=1785369600&v=beta&t=5gwnGyt_aBuB76GzhzY1y68EPkvOerxS5CUhbqm32hU,Image,"Envie d’investir dans un véhicule à caractère écologique 🍃? ​
La STB met à votre disposition le crédit Eco-Car 🚗
✔️Plus d'informations via ce lien : https://lnkd.in/eKFRq6wc
#STBBANK",6,0,0,2w,Post,STB Bank الشركة التونسية للبنك,https://www.linkedin.com/company/stb-bank,https://www.linkedin.com/company/stb-bank/,2026-07-08T08:55:22.427Z,,2026-06-22T11:03:25.784Z,,
https://www.linkedin.com/feed/update/urn:li:activity:7477740206830448641,https://media.licdn.com/dms/image/v2/D4D05AQEn3OjRDPjaIQ/videocover-high/B4DZ8ZFA1uI4BM-/0/1782832178404?e=1784106000&v=beta&t=qjBjVv4lMPSXTLMxOn7Ot031dua5eYHmSroOM3RF3TU,Video (LinkedIn Source),"Retour en vidéo sur notre participation au Think Tank annuel du média Univers News, « La Tunisie dragon de la Méditerranée, Utopie ou Réalité », tenu le 29 juin 2026.
Le thème débattu est d’actualité et vise à engager une réflexion collective sur les leviers permettant à la Tunisie de renforcer sa compétitivité, d’attirer les investissements et de s’affirmer comme hub régional.",14,0,0,1w,Post,STB Bank الشركة التونسية للبنك,https://www.linkedin.com/company/stb-bank,https://www.linkedin.com/company/stb-bank/,2026-07-08T08:55:22.428Z,,2026-06-30T15:09:55.003Z,,blob:https://www.linkedin.com/5f10dc4b-195c-4f65-b457-1b6d75ab8017
https://www.linkedin.com/feed/update/urn:li:activity:7473720317480398849,https://media.licdn.com/dms/image/v2/D4D22AQGygF9rxFLH0A/feedshare-shrink_800/B4DZ7f9BzMJ8Ac-/0/1781873778162?e=1785369600&v=beta&t=idw-s42eX1SMlq7VxhdGL5xez6ErroIVjRjTaADpSCY,Image,"📣Où que vous soyez 🌍et quand vous le désirez🕘, la STB vous offre le privilège d’ouvrir votre compte complétement en ligne, en seulement quelques clic.
✅Accédez à notre univers STB EveryWhere et vivez l’expérience d’un univers digital simple et intuitif.
🔎https://lnkd.in/evcz6Fpq
#STBBANK #stb_everywhere",6,0,0,2w,Post,STB Bank الشركة التونسية للبنك,https://www.linkedin.com/company/stb-bank,https://www.linkedin.com/company/stb-bank/,2026-07-08T08:55:22.428Z,,2026-06-19T12:56:18.696Z,,
https://www.linkedin.com/feed/update/urn:li:activity:7476207953897820161,https://media.licdn.com/dms/image/v2/D4E05AQGJjR6Rrvwoaw/videocover-high/B4EZ8DTW_lKMBI-/0/1782466841049?e=1784106000&v=beta&t=HqVsg0OlSL7spEvbrPDWxW-rGeFYKqf_hi-UtQQOYFY,Video (LinkedIn Source),Retour en vidéo sur la participation du groupe STB à la conférence annuelle de l’Association Tunisienne des Investisseurs en Capital (ATIC),27,0,0,1w,Post,STB Bank الشركة التونسية للبنك,https://www.linkedin.com/company/stb-bank,https://www.linkedin.com/company/stb-bank/,2026-07-08T08:55:22.428Z,,2026-06-26T09:41:17.436Z,,blob:https://www.linkedin.com/c23101bf-8534-4d42-be99-cb643b7a684a
https://www.linkedin.com/feed/update/urn:li:activity:7472382181101776898,https://media.licdn.com/dms/image/v2/D4E22AQFDoU98EFf-KA/feedshare-shrink_800/B4EZ7M7_yLJYAc-/0/1781554740724?e=1785369600&v=beta&t=lqT_BcSUBpl4kYCl6T7PojISycYQC9QmcHqKIxiFdHY,Image,"تتمنى لكم الشركة التونسية للبنك عام هجري مبارك 1448
كل عام وأنتم بخير",27,1,1,3w,Post,STB Bank الشركة التونسية للبنك,https://www.linkedin.com/company/stb-bank,https://www.linkedin.com/company/stb-bank/,2026-07-08T08:55:22.429Z,,2026-06-15T20:19:02.122Z,,
,,,,,,,,,,,,,,,,
,,,,,,,,,,,,,,,,
Export limit reached - Get more with our premium plans,,,,,,,,,,,,,,,,
Upgrade to export all your data with the link below:,,,,,,,,,,,,,,,,
https://phbuster.io/upgrade,,,,,,,,,,,,,,,,