title,category,city,address,website
Web Media Tunisie,Agence de marketing,Tunis,"N 1, étage, Centre Mariem Bureau, 66, 3 Av. Jean Jaurès, Tunis 1001, Tunisie",http://webmedia-tunisie.com
Devmix,Agence de marketing,Tunis,"Bureau A-4.2, Yasmine Tower, Bd de la Terre, Tunis 1082, Tunisie",https://devmix.tn
Ikigai Agence de communication Tunisie,Agence de marketing,Tunis,"Résidence Ines, Bloc A-1 3ème étage, Tunis 1082, Tunisie",https://ikigai.tn
MEDIANET,Service de marketing Internet,,"Immeuble Essadi Tour C-D Mezzanine, 10 Av. Habib Bourguiba, Décembre, Tunisie",https://www.medianet.tn
WEBSEO,Service de marketing Internet,Tunis,"Appt 2, 2éme étage, 16 Rue de La Palestine, Tunis 1002, Tunisie",https://www.webseo.tn
I3C,Exportateur,Tunis,"I3C : International Commercial & Consulting Corporation Immeuble Golden Tower Bloc B - 10 ème étage - B10.5, Tunis 1082, Tunisie",https://www.i3c.com.tn
iTrend - Agence SEO Tunisie,Agence de marketing,Ariana,"Appt 6, 3éme étage, 32 Av. Habib Bourguiba, Ariana 2080, Tunisie",https://www.itrend.tn
Web2code,Agence de marketing,Marsa,"3 Av. Taieb Mhiri, Marsa 2070, Tunisie",https://www.web2code.com
Creado Agency,Agence de marketing,Tunis,"Rue de la bourse, Immeuble Saphir, Tunis 1053, Tunisie",http://www.creado.agency
Pi 2r,Agence de marketing,Ariana,"14 Rue Saleh Hafsa, Ariana 2080, Tunisie",https://pi-2r.com
marketplace tunisie,Grossiste,Ariana,"20 rue antakia cité ennassim mhamdia, Ariana 1145, Tunisie",
Mont Blanc Electroménager,Siège social,Boumhel El Bassatine,"P75Q+3VX, Boumhel El Bassatine, Tunisie",http://www.montblanc-electromenager.com
Easy Info Service,Assistance et services informatiques,Tajerouine,"Tajerouine, Tunisie",
livraison pizza el manar menzah,Livraison de pizzas,Tunis,"centre molka el manar, 02 bellapasta, Tunis 2092, Tunisie",
Royal food,Pizzeria,El Aayoun,"GVQM+VJ5, El Aayoun, Tunisie",
Time food,Pizzeria,Sbiba,"G3VC+PHV, C71, Sbiba, Tunisie",
Sami Food,Restauration rapide,Tajerouine,"Naceur Yaakoubi, 7 November, Tajerouine 7150, Tunisie",https://sami.food
Chicken house,Pizzeria,Thala,"HMC9+HX, Thala, Tunisie",
Pizza Story,Restaurant,Le Sers,"rue hbib bourgiba, Le Sers, Tunisie",
Kentaki,Pizzeria,Sbiba,"G3WF+9FW, Sbiba, Tunisie",
alo pizza bardo tunis,Livraison de repas à domicile,Tunis,"2092, roussi el manar 02 code postale, 15 Av. Salah Ben Youssef, Tunis 2092, Tunisie",
VIOLA fast food,Restaurant,Le Sers,"32GF+6F4, rue lhedi chaker, Le Sers 7180, Tunisie",
Best Delivery Tunis,Service de transport,Tunis,"V43G+PCM, Tunis, Tunisie",http://best-delivery.net
Pizzaria Kalaa,Pizzeria,Kalaat Khasba,"MH7P+CC9, Kalaat Khasba, Tunisie",
بيزاريا كنتاكي,Pizzeria,Sbiba,"G3VC+FMX, Sbiba, Tunisie",
Allo Coursier,Service de transport et d'accompagnement,Tunis,"Tunis, Tunisie",http://www.allocoursier.com
Pizzeria Amir,Pizzeria,Sbiba,"H33F+855, Sbiba, Tunisie",
Yummy Kef,Restaurant,Le Kef,"5P66+PH3, Le Kef, Tunisie",
Pizza JUGURTHA au feu de bois,Pizzeria,Kalaat Sinan,"Q89R+WX5, Kalaat Sinan, Tunisie",
Pizzeria Peppe,Pizzas à emporter,Dahmani,"Rue Joumhouria, Dahmani 7170, Tunisie",
Pizzeria Chabeb Sbiba,Restaurant,Sbiba,"G3VC+4V7, Sbiba, Tunisie",
Otrity,Épicerie,Marsa,"13 Avenue Taieb Mhiri, Marsa 2070, Tunisie",http://www.otrity.com
Promofood Tunisie,Fournisseur de produits alimentaires,Tunis,"Rue 8603, Tunis, Tunisie",http://www.promofoodtunisie.com
Grossiste produits alimentaires,Épicerie,Mornaguia,"Q25C+PX4, Mornaguia, Tunisie",https://www.coca-colacompany.com
Echourouk commerciale - الشروق التّجاريّة,Grossiste,Tunis,"10, 1 Rue 4120, Tunis 2052, Tunisie",
Master store alimentaire,Grossiste alimentaire,Tunis,"Rue Sebkha, Tunis 1000, Tunisie",
عطورات الملائكة,Institut de beauté,Dahmani,"WRV9+F25 الجبل الأحمر, Dahmani, Tunisie",
Amour Fou by Amal,Institut de beauté,Tajerouine,"WH34+2H, Tajerouine, Tunisie",
حمام,Institut de beauté,Maktar,"V54R+CFV, شارع فرحات حشاد, Maktar, Tunisie",
Flashmode - Casting & Mode,Agence artistique,Ariana,"AA2 RDC,Immeuble 5 Avenue de la liberté, Menzeh 5, Ariana menzah 5، 2091, Tunisie",https://www.flashmode.tn
Emna Onglerie,Institut de beauté,Hajeb El Ayoun,"9GXQ+68H, Hajeb El Ayoun, Tunisie",
Make Me Shine,Institut de beauté,Siliana,"Av. de la République, Siliana 6100, Tunisie",
Yosra beauty center,Institut de beauté,Tajerouine,"VHR3+557, Tajerouine, Tunisie",
Serenity beauty,Institut de beauté,Siliana,"39HC+WFR, Siliana, Tunisie",
Elna Onglerie,Institut de beauté,Hajeb El Ayoun,"9GVV+RPX, Rue Ali Zwawi, Hajeb El Ayoun, Tunisie",
Glamour beauty lounge,Institut de beauté,Le Kef,"Le Kef, Tunisie",
حمام بوعزير,Institut de beauté,Sbiba,"G3RJ+P7J, Sbiba, Tunisie",
حمام البحري,Institut de beauté,Le Kef,"5M7V+825, Le Kef, Tunisie",
Safa Najlaoui,Institut de beauté,Ar-Rawhiyah,"J3W4+3WV, Ar-Rawhiyah, Tunisie",
حمام الفيلاج,Institut de beauté,,"9P3W+8RR, Tunisie",
شهد للحجامة الطبية,Institut de beauté,Khmouda,"Khmouda, Tunisie",
Bella nails By Nourhene,Salon de manucure,Kalaat Sinan,"Q89V+93Q, Kalaat Sinan, Tunisie",
"J3X4+GRH, Ar-Rawhiyah, Tunisie",Salon de manucure,Ar-Rawhiyah,"J3X4+GRH, Ar-Rawhiyah, Tunisie",
حمام رجال حمادة,Salon de manucure,Siliana,"39M6+6WJ, Siliana, Tunisie",
عسقلان,Institut de beauté,Al-Jarissah,"RJWP+M43, Al-Jarissah, Tunisie",
Look at me,Institut de beauté,El Ksour,"VVQQ+2FM Résidence, El Ksour, Tunisie",
Centre de coiffure,Institut de beauté,السرس,"RRM4+2X3, السرس, Tunisie",
Royal touch by cyrin belhedi,Institut de beauté,Hajeb El Ayoun,"9GWQ+QJ8 بالقرب من, Hajeb El Ayoun, Tunisie",
Espace Ramla Boughdiri,Institut de beauté,Al-Jarissah,"RJRM+JH, Al-Jarissah, Tunisie",
صالون تجميل,Institut de beauté,,"9P3V+QF6, Tunisie",
Bling Piercing Jardins Del Menzah 2,Salon de piercing,Ariana,"Cité, 2 Ave El Faouz, Ariana, Tunisie",
Dali's piercings shop,Salon de piercing,Tunis,"Centre Galaxy, 60 Rue de La Palestine, Tunis 1002, Tunisie",https://www.instagram.com/piercingsbydali?igsh=dm1uamRxb3B6MXlv
Caisse Enregistreuse Tunisie,Entreprise de logiciels,Monastir,"cyber parc avenue ibn al jazzar Monastir, Monastir 5060, Tunisie",
Tunisie Télécom,Entreprise de télécommunications,Kairouan,"M4C2+FC8, Kairouan, Tunisie",
Droppex,Service de transport,Sousse,"Sousse 4000, Tunisie",http://www.droppex.com
ELIFE Siliana,École technique,Siliana,"39FG+XX9, Siliana, Tunisie",
e-commerce,Agence commerciale,,Tunisie,
Psychologues en ligne Tunisie,Service de santé mentale,Tunis,"7VFG+GG2, Avenue Habib Bourguiba, Tunis, Tunisie",
NATILAIT,Fabricant,Kalâat el-Andalous,"Rte des Ruines, Kalâat el-Andalous, Tunisie",http://www.natilait.com.tn
Point de vente Nouvelair,Agence de voyages,Bizerte,"Bizerte, Tunisie",
Centra Nord,Grossiste en produits pharmaceutiques,Zarzouna,"Zarzouna, Tunisie",
Rank It : Agence Web et Digital Marketing,Service de marketing Internet,Bizerte,"Avenue habib bourguiba, Bizerte 7000, Tunisie",
SOCIETE AL RAYEN,Vendeur en gros,Bizerte,"7VG7+PM3, ROUTE BORJ TALEB, Bizerte 7000, Tunisie",https://lesmoulinserrayen.com
ITS 2050,Fournisseur d'accès Internet,Menzel Jemil,"No-Hope St, Menzel Jemil 7080, Tunisie",https://sites.google.com/view/its2050/accueil
Tunisie Télécom Ras Jebel,Entreprise de télécommunications,Ras Jebel,"646G+5PM, Av. Habib Bourguiba, Ras Jebel, Tunisie",http://www.tunisietelecom.tn
ENVAST,Entreprise de logiciels,,"Technopôle de Sousse, Cité Hammam Maarou, Route ceinture de Sahloul Sousse, 4000, Tunisie",http://www.envast.tn
5 Sens Advertising,Agence de publicité,Sousse,"7 Bd de l'Environnement, Sousse 4089, Tunisie",https://5sens.tn
Evoplast sousse,Entreprise de logiciels,Sousse,"Avenue de la république (Immeuble Mezri Jaaîm) Akouda, Sousse 4022, Tunisie",https://whitecapetech.com
Advery Agency,Agence de publicité,Arafet,"Av. de Yasser Arafat, Arafet 4054, Tunisie",https://www.advery.agency
Al-Farouk Consulting,Consultant.e économique,Sousse,"App. A2, Imm. Ben Othmen, Av. Ribat, La corniche, Sousse 4000, Tunisie",
devokt,Entreprise de logiciels,Sousse,"Avenue Yasser Arafat, Sahloul, Immeuble Tartella, Sousse 4054, Tunisie",http://devokt.com
Santé Plus Tunisie - Parapharmacie,Grossiste en produits chirurgicaux,Sousse,"3 Rue de Carthage, Sousse 4000, Tunisie",http://www.santeplus.com.tn
ZEMNY – Vente en ligne Bsissa Tunisie,Producteur de nourriture,Monastir,"Av Hedi Nouira, Route la falaise, Monastir 5000, Tunisie",https://www.zemny.co
Royal Déco,Décorateur d'intérieur,Ariana,"2073, Ariana 2073, Tunisie",http://www.royaldeco.tn
Tapissier nader,Tapissier décorateur,Ksar Hellal,"MV3R+W5J, Ksar Hellal, Tunisie",
PRODEZIGN,Décorateur d'intérieur,Ksar Hellal,"Ksar Hellal 5070, Tunisie",http://www.prodezign.tn
Ruspina Meubles,Fabricant de meubles,Khniss,"Route de, Khniss 5000, Tunisie",
Store et rideaux Jaafoura,Tapissier décorateur,Monastir,"QRCF+CMP, Av. du combattant suprême, Monastir, Tunisie",
Sweet sofa,Tapissier décorateur,mhalla,"Rue Mohammed Slim, mhalla 5000, Tunisie",
Meuble Chef,Tapissier décorateur,Téboulba,"JXQ9+4RR, Av. Amor Bayoudh, Téboulba, Tunisie",
Boutique ARDOtn,Décorateur d'intérieur,Ksour Essef,"3 Avenue Taher HADDAD, Ksour Essef 5180, Tunisie",
Ayfast Coursier Pro,Coursier,Tunis,"Rue Yasmina, Tunis, Tunisie",https://app.ayfastcoursierpro.com
AMíGOS Delivery,Livraison de repas à domicile,Djerba Midun,"Djerba Midun 4116, Tunisie",http://amigosdelivery.app
Best Delivery,Service de transport,Sfax,"RP78+VC2, Av. Okba ibn nafaa, Sfax, Tunisie",http://best-delivery.net
Livraison food à domicile,Livraison de repas à domicile,Djerba Midun,"Midoun Center, Midoun, Djerba Midun, Tunisie",https://wa.me/c/21696010110
Home Delivery Tunisia,Service de transport,Jemmel,"Cité Elmanar, Route de Moknine, Jemmel 5020, Tunisie",
Rapido livraison food djerba,Livraison de repas à domicile,Djerba Midun,"4116, Djerba Midun, Tunisie",
Tapissier Zied,Tapissier décorateur,Sayada,"MV8R+7FF, Sayada, Tunisie",
Tapisserie haj bassem,Tapissier décorateur,Bou hjar,"Cité bir, Bou hjar 5015, Tunisie",
Tapissier El Bakouche,Tapissier décorateur,Amirat Fehoul,"FR2J+PM9, Amirat Fehoul, Tunisie",
Meuble kamoune,Tapissier décorateur,Téboulba,"JXVM+9PG, Téboulba, Tunisie",
ARmin Home,Siège social,Ksar Hellal,"Armin home, Ksar Hellal 5070, Tunisie",http://arminhome.com
Saghroun.com,Siège social,Mahdia,"Av. Ali Belhouane, Mahdia, Tunisie",https://www.saghroun.com
Tapiserie Harzallah,Tapissier décorateur,Monastir,"QR7F+27R, Monastir, Tunisie",
Design Plus,Agence de design,Bekalta,"J285+FJ3, Bekalta, Tunisie",
Mobelix sayada,Immeuble en copropriété,Sayada,"Rue Ali Sliman, Sayada 5035, Tunisie",http://www.mobelixsayada.com
Bassem tapisserie,Tapissier décorateur,Lamta,"Lamta 5090, Tunisie",
Trame Design Bureau d'architecture d'intérieur et décoration,Designer d'intérieur,Monastir,"1er étage N 1, Avenue Ali Bourguiba Skanes au dessus de la boutique Maximo Donatti, Monastir 5000, Tunisie",
تعليب المأكولات conserverie alimentaire,Conserverie,Ariana,"V54J+JM5، Rue El Ifada, Ariana, Tunisie",
Ste aymen nasri,Grossiste alimentaire,Tunis,"P4X6+7X8, Tunis, Tunisie",
Le Matériel Alimentaire (LMA),Équipement pour boulangerie,Ariana,"RN8, Ariana 2058, Tunisie",http://lma.tn
Société Générale d’alimentation,Fournisseur de produits alimentaires,Tunis,"36-42 Av 20 Mars, Tunis 1006, Tunisie",https://sga-tn.com
Ste la parole industrie alimentaire,Équipement de transformation des aliments,Tunis,"cité Avicenne, 17rue ahmed meskawey, Tunis 2066, Tunisie",
A Table - L'épicerie fine (Menzah 1),Épicerie fine,1,"15 Rue El Moez, 1 1004, Tunisie",http://www.atablelepiceriefine.com
Land’Or,Fabricant de fromage,Khelida,"Bir Jedid، Khelida 2054, Tunisie",http://www.landor-group.com
Société Fadhel de Commerce et Distribution ventes en gros alimentations générales ventes en gros boissons et jus,Grossiste alimentaire,Tunis,"2 Rue Zine El Abidine Essnoussi, Tunis 1008, Tunisie",https://sfcdv.tn
Fast delivery,Livraison de repas à domicile,Monastir,"QRCH+855, Monastir, Tunisie",
Livraison monastir,Service de transport,Monastir,"QR76+PG3, Monastir, Tunisie",
Mas3oud delivery,Livraison de repas à domicile,Moknine,"JVJX+VF8, Moknine, Tunisie",
رياض الغضاب,Livraison de repas à domicile,Moknine,"JWH6+93J, Moknine, Tunisie",
Papadam Food Monastir,Sandwicherie,Monastir,"Avenue 14 Janvier immeuble kalthoum, Tunisie",
Domino Pizza,Pizzeria,Monastir,"QRFM+G95, Monastir, Tunisie",
Soprano,Pizzeria,Monastir,"R6, 29 av H Bourguiba, Monastir 5000, Tunisie",http://www.soprano.tn
Yummy Mummy,Traiteur,Ksar Hellal,"MV27+P65, Ksar Hellal, Tunisie",
THE BOX Food Monastir,Traiteur,Monastir,"Immeuble Bouslama zone du stade monastir, 5000, Tunisie",
Chaneb Food شناب فود,Restauration rapide,Ksar Hellal,"En Face De « ZEN », 199 Av. Habib bourguiba, Ksar Hellal 5070, Tunisie",
PALETTE FOOD,Restaurant,Monastir,"QRFJ+4JV, Avenue Habib Bourguiba, Monastir, Tunisie",
One Piece Pizza,Restaurant,Rejiche,"Rue habib thameur،, Rejiche 5121, Tunisie",
4 gouts Monastir,Pizzeria,Monastir,"QR87+PJP, C100e, Monastir, Tunisie",
"O'SLIM: Restaurant Sidi Alouane, Fast Food",Restaurant,Sidi Alouane,"9WFQ+XFG, Rue de l'indépendance, Sidi Alouane 5190, Tunisie",
Salon de beauté coiffure et esthétique,Institut de beauté,Chrahil,"GV53+PP2, Chrahil, Tunisie",
Beauty And Sense - Monastir,Grossiste de produits de beauté,Monastir,"QR8H+WHR, Monastir 5000, Tunisie",
DIMA COSMETICA,Fournisseur de produits de beauté,Bekalta,"JXCV+7W4، Cité Snit, Bekalta 5090, Tunisie",
ONA Beauty Center,Institut de beauté,Monastir,"Résidence de la la Falaise, Monastir 5000, Tunisie",
Eva Beauty Center,Institut de beauté,Monastir,"Avenue les Marthyres, Imeuble Abbess 2, Monastir, Tunisie",https://www.instagram.com/zoubeida_mzali
SO CUTE | By Mariem & Fatma,Institut de beauté,Rejiche,"C82, Rajis, C82, Rejiche, Tunisie",
Ibtissem Beauty Center,Institut de beauté,Hiboun,"G28V+9QH, Av. Taher Sfar, Hiboun, Tunisie",
STE NEW TOYS,Magasin de gros,Houmt Souk,"houmt souk djerba, 4180, Tunisie",
Zohra beauty center,Institut de beauté,Monastir,"Rue 1 juin 1955, Monastir 5000, Tunisie",
Salon Imen bnk makeup artiste,Institut de beauté,Sidi Alouane,"Imen bnk makeup artiste, Sidi Alouane, Tunisie",
AURA Skincare,Institut de beauté,Ksar Hellal,"Av. Hadj Ali Soua, Ksar Hellal 5090, Tunisie",
aswaaq mart,Grossiste de produits de beauté,Hiboun,"Hiboun 5111, Tunisie",
Rania Beauty Lux,Institut de beauté,Mahdia,"G25V+WW7, Av. du 2 Mars 1934, Mahdia, Tunisie",
transfert tunisie privé,Service de transport et d'accompagnement,Tunis,"aeroport tunis, Tunis, Tunisie",https://wa.me/+21658919130
Patisserie Zallez,Pâtisserie,Bizerte,"16 Av. D'Algerie, Bizerte 7000, Tunisie",
ES.I.B SOFTWARE,Entreprise de logiciels,Bizerte,"40, Av. Farhat Hached, Bizerte 7000, Tunisie",http://www.medwin.tn
Boite Communication Trimeche,Commutateur téléphonique,Khniss,"Rue de Grand Maghreb Arabe Kabir zone 2, Khniss 5011, Tunisie",
Ste Expert Computer Tunisia,Assistance et services informatiques,Monastir,"Immeuble Borj khefacha Bloc 3 - B 4.11، Avenue de la republique, Monastir 5000, Tunisie",
Partagili Packaging Tunisie,Agence de publicité,Sfax,"Km 6 Rte Gremda, Sfax 3022, Tunisie",https://www.partagili.com
Bio Beauty,Institut de beauté,Mahdia,"5100 Rue 02 Mars 1934, Mahdia, Tunisie",
Le centre Fish pédicure,Institut de beauté,Monastir,"En face du Café de la République Entre le Rond-Point de la Terre et Spring Land, Monastir, Tunisie",https://www.instagram.com/fish_pedicure_?igsh=MWVkbHlmaHc1bGx0ag==
La Maitrise,Centre de formation,Monastir,"Avenue de la république imm jrah 2ème étage, Monastir 5000, Tunisie",http://ecolelamaitrise.com
Tâche magique chez Khawla,Institut de beauté,Monastir,"QRF9+MR6, Monastir, Tunisie",
Spa Étoile de mer,Institut de beauté,Moknine,"JV4X+PC, Moknine, Tunisie",
MRM Services,Assistance et services informatiques,Guellala,"Guellala Route Ajim BP 135, Guellala, Tunisie",https://www.mrmservicesinfo.com
procreagency web service,Consultant informatique,Monastir,"QR73+9PG CyberParc, Rue Ibn eljazzar, Monastir 5000, Tunisie",
DIGITAL BRANDING-Agence Digital Marketing Tunisie,Service de marketing Internet,Monastir,"cyber parc avenue ibn al jazzar Monastir, Monastir 5060, Tunisie",https://digitalbranding.tn
Serious Consulting,Consultant informatique,Hiboun,"Avenue El Mourouj, Hiboun 5111, Tunisie",https://www.serious-consulting.com
Société Probalnet,Assistance et services informatiques,Monastir,"Rue Salem Bchi, Monastir 5000, Tunisie",https://probalnet.com
Mobelite Labs Monastir,Entreprise de logiciels,Monastir,"immeuble Errachid, Av. du combattant suprême, Monastir 5000, Tunisie",https://www.mobelite.fr
Côté Bois,Menuisier,Houmt Souk,"Km 4 Djerba, Houmet Essouk Route Midoun, Houmt Souk 4180, Tunisie",https://cotebois.tn
Jiji nails & lashes,Salon de manucure,Monastir,"QR8H+X9G, Monastir, Tunisie",
ELLES Beauty Clinic,Institut de beauté,Monastir,"QRH9+RFQ la falaise, Monastir, Tunisie",
Mia amore beauty,Institut de beauté,Monastir,"QRFG+5X7, Monastir, Tunisie",
Sarah beauty center,Salon de manucure,Monastir,"QRGG+42J, Rue de Libya, Monastir, Tunisie",
Tayma Beauty,Institut de beauté,Monastir,"QR94+JFQ, Monastir, Tunisie",
Rim.makeup artist,Institut de beauté,Monastir,"5000, Monastir 5000, Tunisie",https://www.instagram.com/rim_makeup_artiste/profilecard/?igsh=MTd6ZjJvdGU2czE3dQ==
Esthéticienne Yosra,Salon de manucure,Mahdia,"G347+6R9, Av. 14 Janvier, Mahdia, Tunisie",
Centre Beauté Zen,Salon de coiffure,Mahdia,"Rue des Andalous, Mahdia 5100, Tunisie",
VIP Beauty Center,Institut de beauté,Ksar Hellal,"Av. Hadj Ali Soua, Ksar Hellal 5070, Tunisie",
مركز صفاء كرشود للعلاج الطبيعي وتقويم الأعضاء,Institut de beauté,Moknine,"قرب المعتمدية المك, عمارة مصطفى الطابق الأول مكتب عدد 2, Moknine 5050, Tunisie",
Coconing Monastir,Institut de beauté,Monastir,"Borj Khfecha, Skanes Meubles, Monastir 5000, Tunisie",
Yassmina beauty,Salon de manucure,Monastir,"QRG2+88M, Monastir, Tunisie",
Uranus Deco,Tapissier décorateur,Menzel Abderrahmane,"Menzel Abderrahmane 7035, Tunisie",
Royal tap design,Tapissier décorateur,Ras Jebel,"Ras Jebel 7070, Tunisie",
Tapisserie décoration couture (Zamouri),Tapissier décorateur,Menzel Jemil,"317, RN8, Menzel Jemil, Tunisie",
Société Tunisienne De Decoration,Siège social,Bou Chekara,"Bou Chekara, Tunisie",
Meubles mouelhi,Tapissier décorateur,Bizerte,"7VV8+5H2، Rue Khalil Fouchali, Bizerte, Tunisie",
Meuble adem,Fournisseur de meubles encastrables,Bizerte,"7R6P+9R3, Bizerte, Tunisie",
DH délivery hassen,Livraison de repas à domicile,Bizerte,"7VH6+PJF, Bizerte, Tunisie",
atef delivery,Livraison de repas à domicile,Bizerte,"7000, Bizerte 7000, Tunisie",http://deliveryatef.com
Lakoud delivery express,Livraison de repas à domicile,Bizerte,"Bizerte, Tunisie",
PIZZA AL TAGLIO,Pizzeria,Menzel Bourguiba,"Menzel Bourguiba, Tunisie",
Dawar chat,Livraison de repas à domicile,Menzel Bourguiba,"5Q5F+7XM, Menzel Bourguiba, Tunisie",
X-food resto,Pizzeria,Rafraf,"56Q5+PHC, Rafraf, Tunisie",
Patty’s,Restaurant de hamburgers,Bizerte,"Route de la Corniche, Bizerte, Tunisie",http://pattystunisie.com
Di Napoli Corniche,Pizzeria,Bizerte,"Rue de Corniche, Bizerte 7000, Tunisie",
Pizza Del Bosco,Livraison de pizzas,Bizerte,"kayas jdid, La Corniche، Bizerte 7000, Tunisie",
Mamy Hodhod,Traiteur,Ras Jebel,"64CM+R6V, Ras Jebel, Tunisie",
Pop’N,Restauration rapide,Bizerte,"Rue Jules Ferry, Bizerte 7000, Tunisie",
CLICKBOX,Restaurant,Bizerte,"Assia Kandara, cité la santé, Bizerte, Tunisie",
Aroubi,Pizzeria,Menzel Bourguiba,"4QXR+H39, Menzel Bourguiba, Tunisie",http://www.aroubipizza.online
Calimero Pizzaria,Pizzeria,Bizerte,"7V9C+XF9, Rue Moncef Bey, Bizerte, Tunisie",
Triple one 111,Pizzeria,Metline,"63W9+JFG, Bd 9 Avril 1938, Metline 1722, Tunisie",https://www.instagram.com/triploeone111?igsh=MWJlcWFkbmJwczNhcA==
Pizzaria Hlel,Pizzeria,Zarzouna,"7V8G+997, Unnamed Road, Zarzouna, Tunisie",
Pizza Hot,Pizzeria,Bizerte,"8VJ7+2VQ, Bizerte, Tunisie",
Güzel déco,Fabricant de meubles,Djerba Midun,"Route Du Phare, Djerba Midun 4116, Tunisie",
