agence,ville,domaine,adresse_complete
24-7 Digital Design,Bardo(tunis),Agence de marketing,"13 Av. Habib Bougatfa, Le 2000, Tunisie"
5 Sens Advertising,Sousse,Agence de publicité,"7 Bd de l'Environnement, Sousse 4089, Tunisie"
ACM Marketing Tunisie,Sousse,Agence de marketing,"Avenue yasser arafet, Résidence El Ahmed, Bloc A Bureau N°14 Sahloul 4072, Tunisie"
Advery Agency,Sousse,Agence de publicité,"Av. de Yasser Arafat, Arafet 4054, Tunisie"
Astronet,Sousse,Agence de marketing,"Khzema Ouest, Rue Imam Boukhari, Sousse 4071, Tunisie"
BM Company,Sousse,Agence de marketing,"Bloc A, IM Hafiene, Rue du Commandant Bejaoui, Sousse 4000, Tunisie"
Digiheurica Consulting,Sousse,Agence de marketing,"RJMF+PR8 imm Aoun, Rue 20 mars, Sousse 4000, Tunisie"
Digital Market,Sahline,Agence de marketing,"QP54+V83, Sahline 5012, Tunisie"
E2BUSINESS CONSULTING,Tunis,Service de marketing Internet,"Appar N° B 6.1 Résidence Ines Bloc B، Boulevard de la Terre, Tunis 1082, Tunisie"
Emmak Prod,Sousse,Agence de marketing,"4 eme étage b42, Immeuble victoria, Trocadéro, rue de la république, Sousse 4000, Tunisie"
Ija Taw,Sousse,Agence de marketing,"Résidence Moussa, Rue de la Turquie, 1ᵉʳ étage, Sousse 4054, Tunisie"
Jawhara PUB,Sousse,Agence de publicité,"Rue AbdelMajid Arnaz, Sousse 4000, Tunisie"
Kyubi Digital,Sousse,Agence de publicité,"Avenue la Perle du Sahel, khzema، Carthage Business Center E4 B5, Sousse 4052, Tunisie"
MSIT DIGITAL,Sousse,Agence de marketing,"Avenue Habib Bourguiba, Sousse résidence, 6éme étage app N604, Sousse 4000, Tunisie"
MUSE Agency,Sousse,Agence de publicité,"Boulevard la Perle du Sahel Immeuble Gahbiche Khezama Est Sousse, Sousse 4051, Tunisie"
Mynds,Tunis,Agence de marketing,"Le belvedere, 136 Av. de La Liberté, Tunis 1000, Tunisie"
Pi 2r,Ariana,Agence de marketing,"14 Rue Saleh Hafsa, Ariana 2080, Tunisie"
Queen Bee Digital - Agence Marketing Digital & Web,Sousse,Service de marketing Internet,"Immeuble Jaiam، 01 Yasser Arafat Ave, Sousse 4051, Tunisie"
TSA Agence Com,Sousse,Agence de publicité,"Av Maghreb Arabe, Khezama Est Imm Bel Hadj Miled 1er étage Sousse, 4051, Tunisie"
Ufuk connect,Sousse,Agence de publicité,"1 étage, immeuble Bousetta, Rue 3 août Trocadéro, Sousse 4000, Tunisie"
Vendra Tunisia,Sousse,Agence de marketing,"Rue Khemaies Et-Tarnen, Sousse 4052, Tunisie"
Web Media Tunisie,Tunis,Concepteur de sites Web,"N 1, étage, Centre Mariem Bureau, 66, 3 Av. Jean Jaurès, Tunis 1001, Tunisie"
iBrand Tunisia,Monastir,Agence de marketing,"Rue d'Alger, Monastir, Tunisie"
