title,category,address,city,website,facebook_url
DIGITAL BRANDING-Agence Digital Marketing Tunisie,Internet marketing service,"cyber parc avenue ibn al jazzar Monastir, Monastir 5060, Tunisia",Monastir,https://digitalbranding.tn/,
DigitalSuccess(Formation Marketing digital Tunisie ),Marketing consultant,"cyber parc avenue ibn al jazzar Monastir، Monastir 5060, Monastir 5000, Tunisia",Monastir,https://marketingdigitaltunisie.com/,
TUNISMART Agence Webmarketing,Internet marketing service,"Khzama Est, Rue des Plamiers، Rez de chaussée، A coté de l'agence Attijari Bank, Sousse 4050, Tunisia",Sousse,http://www.tunismart.com/,
End 2 End Digital : Agence Marketing Digital En Tunisie,Marketing agency,"Malek Center, 2ème, Bd de la Terre, Tunis 1003, Tunisia",Tunis,http://end2end.tn/,
MUSE Agency,Marketing agency,"Boulevard la Perle du Sahel Immeuble Gahbiche Khezama Est Sousse, Sousse 4051, Tunisia",Sousse,https://www.muse-agency.net/,https://www.facebook.com/MUSE.ideas.communications.results/
Kyubi Digital,Advertising agency,"Avenue la Perle du Sahel, khzema، Carthage Business Center E4 B5, Sousse 4052, Tunisia",Sousse,,
ACM Marketing Tunisie,Marketing agency,"Avenue yasser arafet, Résidence El Ahmed, Bloc A Bureau N°14 Sahloul 4072, Tunisia",Sousse,http://acm-marketing.tn/,https://www.facebook.com/acm.marketing.tunisie/
iBrand Tunisia,Marketing agency,"Rue d'Alger, Monastir, Tunisia",Monastir,http://www.ibrandtunisia.tn/,https://www.facebook.com/ibrandtunisiaofficiel/
Digital rise solutions | SEO | référencement naturel | Agence SEO Tunisie | سيو,Internet marketing service,"hassan hlel, Kairouan 3100, Tunisia",Kairouan,https://digital-rise-solutions.com/,
Digiheurica Consulting,Marketing agency,"RJMF+PR8 imm Aoun, Rue 20 mars, Sousse 4000, Tunisia",Sousse,,https://www.facebook.com/p/Digiheurica-consulting-61571397397574/
MHM Marketing Agency Sousse,Marketing agency,"Khzema Ouest, Av. Hsan Ben Said, Sousse 4071, Tunisia",Sousse,https://www.mhm-agency.com/,
Eminence - Digital Marketing Agency Tunisia,Marketing agency,"M-B02, Tour des Bureaux, Tunis 1082, Tunisia",Tunis,https://eminence.tn/,
TSA Agence Com,Marketing agency,"Av Maghreb Arabe, Khezama Est Imm Bel Hadj Miled 1er étage Sousse, 4051, Tunisia",Sousse,http://tsaagence.com/,https://www.facebook.com/TSAagencecom/
Impacts Digital - Agence Web Marketing Digital Tunisie,Marketing agency,"Bureau numéro 9, 1 Rue Jean Jacques Rousseau, Tunis 1073, Tunisia",Tunis,https://impacts-digital.com/,
Ikigai Agence de Communication Tunisie,Marketing agency,"إقامة إيناس، Bloc A-1 3ème étage, Tunis 1082, Tunisia",Tunis,https://ikigai.tn/,
E2BUSINESS CONSULTING,Internet marketing service,"Appar N° B 6.1 Résidence Ines Bloc B، Boulevard de la Terre, Tunis 1082, Tunisia",Tunis,https://e2b-consulting.com/,https://www.facebook.com/e2businessconsultingandtraining/
Astronet,Marketing agency,"Khzema Ouest, Rue Imam Boukhari, Sousse 4071, Tunisia",Sousse,https://www.astronetagency.tn/,https://www.facebook.com/astronet.marketing/
Ufuk connect,Advertising agency,"1 étage, immeuble Bousetta, Rue 3 août Trocadéro, Sousse 4000, Tunisia",Sousse,https://ufuk.tn/,https://www.facebook.com/ufuk.connect/
Digital Market,Marketing agency,"QP54+V83, Sahline 5012, Tunisia",Sahline,https://digital-market.fr/,https://www.facebook.com/digitalmarket.tn/
5 Sens Advertising,Marketing agency,"7 Bd de l'Environnement, Sousse 4089, Tunisia",Sousse,https://5sens.tn/,https://www.facebook.com/5sensadvertising/
AFKAR'S agence digitale,Internet marketing service,"Av Mokhtar Laatiri, Immeuble Lejmi, App 26, Hammam Sousse 4011, Tunisia",Hammam Sousse,http://www.afkars.digital/,
Oussema Boufaid : Consultant SEO Tunisie Freelance et Agence,Marketing consultant,"Ariana 2080, Tunisia",Ariana,http://oussemaboufaid.com/,
Vendra Tunisia,Marketing agency,"Rue Khemaies Et-Tarnen, Sousse 4052, Tunisia",Sousse,,
Hello Coconut Studio,Marketing agency,"Rue de la plage, Hammam Sousse 4011, Tunisia",Hammam Sousse,,
Comguru - Agence de communication et publicité tunisie,Advertising agency,"Khezama Est, Av. des orangers, Sousse 4051, Tunisia",Sousse,https://www.facebook.com/comguru.agency/,
Pi 2r,Marketing agency,"14 Rue Saleh Hafsa, Ariana 2080, Tunisia",Ariana,https://pi-2r.com/,
Mynds,Marketing agency,"Le belvedere, 136 Av. de La Liberté, Tunis 1000, Tunisia",Tunis,http://mynds-team.com/,https://www.facebook.com/profile.php
Malek Mwlhi | Consultant en Marketing Digital,Marketing consultant,"V823+M6X, Tunisia",,http://www.malekmwlhi.com/,
Web Media Tunisie,Marketing agency,"N 1, étage, Centre Mariem Bureau, 66, 3 Av. Jean Jaurès, Tunis 1001, Tunisia",Tunis,http://webmedia-tunisie.com/,https://www.facebook.com/webmediainternational/
BM Company,Marketing agency,"Bloc A, IM Hafiene, Rue du Commandant Bejaoui, Sousse 4000, Tunisia",Sousse,https://bm-company.com/,https://www.facebook.com/p/BM-Company-61551041978944/
Jawhara PUB,Advertising agency,"Rue AbdelMajid Arnaz, Sousse 4000, Tunisia",Sousse,,https://www.facebook.com/jawharapub/
SYO Digital marketing Agency,Internet marketing service,"Sousse 4000, Tunisia",Sousse,http://lyksoomu.com/10FSB,
Maxicom,Marketing agency,"1er étage, Imm Galia, place Farhat Hached, Sousse 4000, Tunisia",Sousse,https://maxicom.tn/,
Emmak Prod,Marketing agency,"4 eme étage b42, Immeuble victoria, Trocadéro, rue de la république, Sousse 4000, Tunisia",Sousse,http://www.emmak-prod.com/,https://www.facebook.com/enisoteam/mentions/
Easycom agency - Agence de communication et publicité,Marketing agency,"imm Avicenne, app 605, Rue ibn el jazza Sousse, 4000, Tunisia",Sousse,http://www.easycom-agency.com/,
CHEMEK BROTHERS ad. agency,Advertising agency,"Immeuble AOUN, Av. du 20 Mars 1956, Sousse, Tunisia",Sousse,http://www.chemekbrothers.com/,
24-7 Digital Design,Marketing agency,"13 Ave Habib Bougatfa, Le 2000, Tunisia",Le,http://www.24-7digital.com.tn/,https://www.facebook.com/24.7.digital.design.tunisie/
Olga Digital Agency,Marketing agency,"4000, Sousse 4000, Tunisia",Sousse,https://digital.oia-tn.com/olga-digital-agency/,
MSIT DIGITAL,Marketing agency,"Avenue Habib Bourguiba, Sousse résidence, 6éme étage app N604, Sousse 4000, Tunisia",Sousse,,https://www.facebook.com/msit.digital/
Visioad,Marketing agency,"Immeuble 'Centre Ibrahim, Av. Habib Bourguiba, Sousse 4000, Tunisia",Sousse,http://www.visioad.com/,
Kontesh : Agence marketing digital - SEO - Google & Facebook Ads,Marketing agency,"2ème étage, Immeuble Centre Ibrahim, Av. Habib Bourguiba, Sousse 4000, Tunisia",Sousse,https://kontesh.com/,
Advery Agency,Marketing agency,"Yasser Arafat Ave, Arafet 4054, Tunisia",Arafet,https://www.advery.agency/,https://www.facebook.com/advery.agency/
Ija Taw,Marketing agency,"Résidence Moussa, Rue de la Turquie, 1ᵉʳ étage, Sousse 4054, Tunisia",Sousse,https://www.ijataw.com/,https://www.facebook.com/ijatawcoworky/
Optimal Solution LTD,Marketing agency,"N°204، Imm. Mehdi, Yasser Arafat Ave, Sousse 4054, Tunisia",Sousse,,
Queen Bee Digital - Agence Marketing Digital & Web,Internet marketing service,"Immeuble Jaiam، 01 Yasser Arafat Ave, Sousse 4051, Tunisia",Sousse,https://www.queenbeedigital.tn/,https://www.facebook.com/queenbeedigitalagency/
