"additionalInfo/Accessibility/0/Assisted listening devices","additionalInfo/Accessibility/0/Wheelchair accessible entrance","additionalInfo/Accessibility/0/Wheelchair accessible parking lot","additionalInfo/Accessibility/0/Wheelchair accessible restroom","additionalInfo/Accessibility/0/Wheelchair accessible seating","additionalInfo/Accessibility/1/Assisted listening devices","additionalInfo/Accessibility/1/Wheelchair accessible entrance","additionalInfo/Accessibility/1/Wheelchair accessible parking lot","additionalInfo/Accessibility/1/Wheelchair accessible restroom","additionalInfo/Accessibility/1/Wheelchair accessible seating","additionalInfo/Accessibility/2/Assisted listening devices","additionalInfo/Accessibility/2/Wheelchair accessible entrance","additionalInfo/Accessibility/2/Wheelchair accessible parking lot","additionalInfo/Accessibility/2/Wheelchair accessible restroom","additionalInfo/Accessibility/2/Wheelchair accessible seating","additionalInfo/Accessibility/3/Assisted listening devices","additionalInfo/Accessibility/3/Wheelchair accessible entrance","additionalInfo/Accessibility/3/Wheelchair accessible parking lot","additionalInfo/Accessibility/3/Wheelchair accessible restroom","additionalInfo/Accessibility/3/Wheelchair accessible seating","additionalInfo/Accessibility/4/Assisted listening devices","additionalInfo/Accessibility/4/Wheelchair accessible entrance","additionalInfo/Accessibility/4/Wheelchair accessible parking lot","additionalInfo/Accessibility/4/Wheelchair accessible restroom","additionalInfo/Accessibility/4/Wheelchair accessible seating","additionalInfo/Amenities/0/Gender-neutral restroom","additionalInfo/From the business/0/Identifies as women-owned","additionalInfo/Parking/0/Free parking garage","additionalInfo/Parking/0/Free parking lot","additionalInfo/Parking/0/Free street parking","additionalInfo/Parking/1/Free parking garage","additionalInfo/Parking/1/Free parking lot","additionalInfo/Parking/1/Free street parking","additionalInfo/Parking/2/Free parking garage","additionalInfo/Parking/2/Free parking lot","additionalInfo/Parking/2/Free street parking","additionalInfo/Planning/0/Appointment required","additionalInfo/Service options/0/Online appointments","additionalInfo/Service options/0/Online classes","additionalInfo/Service options/0/Onsite services","additionalInfo/Service options/1/Online appointments","additionalInfo/Service options/1/Online classes","additionalInfo/Service options/1/Onsite services","address","categories/0","categories/1","categories/2","categories/3","categories/4","categories/5","categories/6","categories/7","categories/8","categories/9","categoryName","checkInDate","checkOutDate","cid","city","claimThisBusiness","countryCode","description","fid","floor","googleFoodUrl","hotelDescription","hotelStars","imageUrl","imagesCount","isAdvertisement","kgmid","language","locatedIn","location/lat","location/lng","menu","neighborhood","openingHours/0/day","openingHours/0/hours","openingHours/1/day","openingHours/1/hours","openingHours/2/day","openingHours/2/hours","openingHours/3/day","openingHours/3/hours","openingHours/4/day","openingHours/4/hours","openingHours/5/day","openingHours/5/hours","openingHours/6/day","openingHours/6/hours","permanentlyClosed","phone","phoneUnformatted","placeId","plusCode","popularTimesLivePercent","popularTimesLiveText","postalCode","price","rank","reserveTableUrl","reviewsCount","scrapedAt","searchPageUrl","searchString","servicesLink","state","street","subTitle","temporarilyClosed","title","totalScore","url","website"
,"true",,,,,,"true",,,,,,,,,,,,,,,,,,,,,,,,,,,,,"true","true",,,,,"true","cyber parc avenue ibn al jazzar Monastir, Monastir 5060, Tunisia","Internet marketing service",,,,,,,,,,"Internet marketing service",,,"11438126890280481932","Monastir","false","TN",,"0x130212b00000004f:0x9ebc63ce0f02f48c",,,,,"https://lh3.googleusercontent.com/gps-cs-s/AHRPTWmKfW7KbcJHNxGA8PbU8tLiEUHKPW5bvkErJzueZ7wxDNTOkv_bW-RQ3TUL_GM-zA2md5J5u3xlz3oyq9Yt71qBAijazAhC01Qy-dkXXopeCZ6TxzQLktY9OnCYZwLoX35SdWOG=w408-h270-k-no","61","false","/g/11g8xhsndq","en",,"35.7633193","10.8038707",,,"Monday","Open 24 hours","Tuesday","Open 24 hours","Wednesday","Open 24 hours","Thursday","Open 24 hours","Friday","Open 24 hours","Saturday","8:30 AM to 1:30 PM","Sunday","Closed","false","+216 28 247 546","+21628247546","ChIJTwAAALASAhMRjPQCD85jvJ4",,,,"5060",,"1",,"358","2026-07-14T13:59:25.462Z","https://www.google.com/maps/search/digital%20marketing%20agency%20Tunisia/@35.842160129047954,10.620065984983865,17z?hl=en","digital marketing agency Tunisia",,,"cyber parc avenue ibn al jazzar Monastir",,"false","DIGITAL BRANDING-Agence Digital Marketing Tunisie","4.9","https://www.google.com/maps/search/?api=1&query=DIGITAL%20BRANDING-Agence%20Digital%20Marketing%20Tunisie&query_place_id=ChIJTwAAALASAhMRjPQCD85jvJ4","https://digitalbranding.tn/"
,"true",,,,,,"true",,,,,,,,,,,,,,,,,,,,,,,,,,,,,"true","true",,,,,,"cyber parc avenue ibn al jazzar Monastir، Monastir 5060, Monastir 5000, Tunisia","Marketing consultant",,,,,,,,,,"Marketing consultant",,,"11738870030412793945","Monastir","false","TN",,"0x1302134a946e65c7:0xa2e8d818f33bc859",,,,,"https://lh3.googleusercontent.com/gps-cs-s/AHRPTWk0GHDj4UndriAdsnlbsKdGZIES1hJ1mjqL269rSrU5p9xDiykJtaZyJck9LwTdjahC78K00SyfdVgYeV1dlKpBQkPW9pHYV1__s0D6WEJ1JFEnbWSVlQ9u6ZeGSWKlHidnjo_R=w408-h271-k-no","3","false","/g/11rsg5tbk3","en",,"35.7642515","10.8112885",,,"Monday","Open 24 hours","Tuesday","Open 24 hours","Wednesday","Open 24 hours","Thursday","Open 24 hours","Friday","Open 24 hours","Saturday","Open 24 hours","Sunday","Open 24 hours","false","","","ChIJx2VulEoTAhMRWcg78xjY6KI",,,,"5000",,"2",,"27","2026-07-14T13:59:25.463Z","https://www.google.com/maps/search/digital%20marketing%20agency%20Tunisia/@35.842160129047954,10.620065984983865,17z?hl=en","digital marketing agency Tunisia",,,"cyber parc avenue ibn al jazzar Monastir، Monastir 5060",,"false","DigitalSuccess(Formation Marketing digital Tunisie )","4.9","https://www.google.com/maps/search/?api=1&query=DigitalSuccess(Formation%20Marketing%20digital%20Tunisie%20)&query_place_id=ChIJx2VulEoTAhMRWcg78xjY6KI","https://marketingdigitaltunisie.com/"
,,,,,,,,,,,,,,,,,,,,,,,,,,,,,,,,,,,,,,,,,,,"Khzama Est, Rue des Plamiers، Rez de chaussée، A coté de l'agence Attijari Bank, Sousse 4050, Tunisia","Internet marketing service",,,,,,,,,,"Internet marketing service",,,"9188908174941837718","Sousse","false","TN",,"0x12fd8a76a284a719:0x7f858f4cd9175996",,,,,"https://lh3.googleusercontent.com/gps-cs-s/AHRPTWlLV6t_6yGQ97TDoa9F4c74aIpNlQncGhhzWwqjLF4tiJ1Rmoe2-5IhjVopFX7JId72usiJbENi7N9mL3drAFuokg3yPPnJ_-QwrfjvByJ97Ghz3L4nHQtM106tD7M8MBiGBbjg=w609-h240-k-no","3","false","/g/11g8bvdq0h","en",,"35.851492","10.61529",,,"Monday","9 AM to 6 PM","Tuesday","9 AM to 6 PM","Wednesday","9 AM to 6 PM","Thursday","9 AM to 6 PM","Friday","9 AM to 6 PM","Saturday","9 AM to 1 PM","Sunday","Closed","false","+216 53 006 622","+21653006622","ChIJGaeEonaK_RIRllkX2UyPhX8",,,,"4050",,"3",,"2","2026-07-14T13:59:25.464Z","https://www.google.com/maps/search/digital%20marketing%20agency%20Tunisia/@35.842160129047954,10.620065984983865,17z?hl=en","digital marketing agency Tunisia",,,"Khzama Est, Rue des Plamiers، Rez de chaussée، A coté de l'agence Attijari Bank",,"false","TUNISMART Agence Webmarketing","5","https://www.google.com/maps/search/?api=1&query=TUNISMART%20Agence%20Webmarketing&query_place_id=ChIJGaeEonaK_RIRllkX2UyPhX8","http://www.tunismart.com/"
,,,,,,,,,,,,,,,,,,,,,,,,,,,,,,,,,,,,,,,,,,,"Malek Center, 2ème, Bd de la Terre, Tunis 1003, Tunisia","Marketing agency",,,,,,,,,,"Marketing agency",,,"5452018726580222284","Tunis","false","TN",,"0x12e2cb98b3e87547:0x4ba976255297794c",,,,,"https://lh3.googleusercontent.com/gps-cs-s/AHRPTWmKLkQW6z2-VMFZPKtcoRDSgqhSX7NNV9RP9sy6zrZYf1xofJsHGpSX_ed0MQvO-tJT5f-1ZvSUcFPvWpbB1_0mD-Fzy5ZVvtbw42hrYHmT4DeupoDdWv0KN_WETIX4TO3AfCgKIA=w426-h240-k-no","0","false","/g/11rddrpp5c","en",,"36.843053","10.1981164",,,"Monday","9 AM to 5 PM","Tuesday","9 AM to 5 PM","Wednesday","9 AM to 5 PM","Thursday","9 AM to 5 PM","Friday","9 AM to 3 PM","Saturday","Closed","Sunday","Closed","false","+216 56 300 025","+21656300025","ChIJR3Xos5jL4hIRTHmXUiV2qUs",,,,"1003",,"4",,"23","2026-07-14T13:59:25.464Z","https://www.google.com/maps/search/digital%20marketing%20agency%20Tunisia/@35.842160129047954,10.620065984983865,17z?hl=en","digital marketing agency Tunisia",,,"Malek Center, 2ème, Bd de la Terre",,"false","End 2 End Digital : Agence Marketing Digital En Tunisie","5","https://www.google.com/maps/search/?api=1&query=End%202%20End%20Digital%20%3A%20Agence%20Marketing%20Digital%20En%20Tunisie&query_place_id=ChIJR3Xos5jL4hIRTHmXUiV2qUs","http://end2end.tn/"
,,,,,,,,,,,,,,,,,,,,,,,,,"true",,,,,,,,,,,"true","true",,,,,"true","Boulevard la Perle du Sahel Immeuble Gahbiche Khezama Est Sousse, Sousse 4051, Tunisia","Marketing agency","Advertising agency","Video production service","Website designer",,,,,,,"Marketing agency",,,"1946645642797767184","Sousse","false","TN",,"0x12fd8a42f1a742fb:0x1b03dfe5fa85da10",,,,,"https://lh3.googleusercontent.com/gps-cs-s/AHRPTWlh92F83TamcKNZJhM5dcAqO4QWDjBahYDUW6kbYHZ32jnUuC43x4jOdjaSkI1RGca-4ggXAQNI7MUTG4L_-6JzrDZ4hk5ZTZwZqptiXj0lZvoLvWJgUo3lNqe7D4ElsTLt3Bau=w408-h408-k-no","11","false","/g/1td__pqf","en",,"35.849013","10.609155",,,"Monday","8:30 AM to 5:30 PM","Tuesday","8:30 AM to 5:30 PM","Wednesday","8:30 AM to 5:30 PM","Thursday","8:30 AM to 5:30 PM","Friday","8:30 AM to 5:30 PM","Saturday","Closed","Sunday","Closed","false","+216 73 273 331","+21673273331","ChIJ-0Kn8UKK_RIRENqF-uXfAxs",,,,"4051",,"5",,"1","2026-07-14T13:59:25.465Z","https://www.google.com/maps/search/digital%20marketing%20agency%20Tunisia/@35.842160129047954,10.620065984983865,17z?hl=en","digital marketing agency Tunisia",,,"Boulevard la Perle du Sahel Immeuble Gahbiche Khezama Est Sousse",,"false","MUSE Agency","5","https://www.google.com/maps/search/?api=1&query=MUSE%20Agency&query_place_id=ChIJ-0Kn8UKK_RIRENqF-uXfAxs","https://www.muse-agency.net/"
,,,,,,,,,,,,,,,,,,,,,,,,,,,,,,,,,,,,,,,,,,,"Avenue la Perle du Sahel, khzema، Carthage Business Center E4 B5, Sousse 4052, Tunisia","Advertising agency",,,,,,,,,,"Advertising agency",,,"4355923561317700555","Sousse","false","TN",,"0x12fd8a6e30d34f61:0x3c7359667d1893cb",,,,,"https://lh3.googleusercontent.com/gps-cs-s/AHRPTWkg9EL2h9bX0oGV2LLvowHkedsq_bLPauNQFUcT181vJktAenQtEaEwZ1_OTEAdAbVhLePN35k0h8o5ybnMn4RC_HLvfOiUslylwg2K2eVrcEx-_TVym6mJQOG9eOBsby4UQZI=w630-h240-k-no","1","false","/g/11g7kx0kr4","en",,"35.8501839","10.6068822",,,"Monday","9 AM to 6 PM","Tuesday","9 AM to 6 PM","Wednesday","9 AM to 6 PM","Thursday","9 AM to 6 PM","Friday","9 AM to 6 PM","Saturday","Closed","Sunday","Closed","false","+216 73 274 050","+21673274050","ChIJYU_TMG6K_RIRy5MYfWZZczw",,,,"4052",,"6",,"8","2026-07-14T13:59:25.465Z","https://www.google.com/maps/search/digital%20marketing%20agency%20Tunisia/@35.842160129047954,10.620065984983865,17z?hl=en","digital marketing agency Tunisia",,,"Avenue la Perle du Sahel, khzema، Carthage Business Center E4 B5",,"false","Kyubi Digital","5","https://www.google.com/maps/search/?api=1&query=Kyubi%20Digital&query_place_id=ChIJYU_TMG6K_RIRy5MYfWZZczw",
,,,,,,,,,,,,,,,,,,,,,,,,,,,,,,,,,,,,,,,,,,,"Avenue yasser arafet, Résidence El Ahmed, Bloc A Bureau N°14 Sahloul 4072, Tunisia","Marketing agency",,,,,,,,,,"Marketing agency",,,"8664307467805349228","Sousse","false","TN",,"0x12fd8a6750a37d5b:0x783dcdbc8b4d556c",,,,,"https://lh3.googleusercontent.com/gps-cs-s/AHRPTWlxUtapYnwa72Bvhl8dJKUXg15rOxXHwOdm7Gne3CvjwBaGbFtxzm8RaoBjPG5ky8gdjxI7R7HiB7LpeREqYoasIEb1zCglgdpjp202r5IfmUyX6MNTyg9WfZzSH0AtNdCz6jlr=w646-h240-k-no","17","false","/g/11c2rcyyg5","en",,"35.8347234","10.5933526",,"Sahloul","Monday","8:30 AM to 5:30 PM","Tuesday","8:30 AM to 5:30 PM","Wednesday","8:30 AM to 5:30 PM","Thursday","8:30 AM to 5:30 PM","Friday","8:30 AM to 5:30 PM","Saturday","Closed","Sunday","Closed","false","+216 73 367 402","+21673367402","ChIJW32jUGeK_RIRbFVNi7zNPXg",,,,,,"7",,"4","2026-07-14T13:59:25.465Z","https://www.google.com/maps/search/digital%20marketing%20agency%20Tunisia/@35.842160129047954,10.620065984983865,17z?hl=en","digital marketing agency Tunisia",,,"Avenue yasser arafet, Résidence El Ahmed, Bloc A Bureau N°14 Sahloul 4072",,"false","ACM Marketing Tunisie","5","https://www.google.com/maps/search/?api=1&query=ACM%20Marketing%20Tunisie&query_place_id=ChIJW32jUGeK_RIRbFVNi7zNPXg","http://acm-marketing.tn/"
,,,"false",,,,,,"false",,,,,,,,,,,,,,,,,,,,,,,,,,,"true","true",,,,,"true","Rue d'Alger, Monastir, Tunisia","Marketing agency","Advertising agency","Graphic designer","Internet marketing service","Photographer","Website designer",,,,,"Marketing agency",,,"8109445524743943858","Monastir","false","TN",,"0x13026d18bd03da63:0x708a89bd33be76b2",,,,,"https://lh3.googleusercontent.com/gps-cs-s/AHRPTWkdUtpjUN-5S95cvgrTBzi8ZNV3eHeBnbPgU0mBmZMP7ogwp5QCITTe3dX-EuOguaE0Ww8-HqjYu8bgct5S06Rtrg5LUzK95Cu8KU3ARMj8B7MyBN-m3gAyfHCIS_NQDX-m7sY=w458-h240-k-no","24","false","/g/11fnpm2w5w","en",,"35.7749883","10.8248982",,,"Monday","8:30 AM to 5 PM","Tuesday","8:30 AM to 5 PM","Wednesday","8:30 AM to 5 PM","Thursday","8:30 AM to 5 PM","Friday","8:30 AM to 5 PM","Saturday","Closed","Sunday","Closed","false","+216 51 656 969","+21651656969","ChIJY9oDvRhtAhMRsna-M72JinA",,,,,,"8",,"23","2026-07-14T13:59:25.465Z","https://www.google.com/maps/search/digital%20marketing%20agency%20Tunisia/@35.842160129047954,10.620065984983865,17z?hl=en","digital marketing agency Tunisia",,,"Rue d'Alger",,"false","iBrand Tunisia","5","https://www.google.com/maps/search/?api=1&query=iBrand%20Tunisia&query_place_id=ChIJY9oDvRhtAhMRsna-M72JinA","http://www.ibrandtunisia.tn/"
,"false",,,,,,,"false",,,,,,"false",,,,,,,,,,,,"true",,,,,,,,,,"true","true",,,,,"true","hassan hlel, Kairouan 3100, Tunisia","Internet marketing service","Advertising agency","Consultant","Data entry service","Design agency","Event management company","Event planner","Marketing agency","Marketing consultant","Website designer","Internet marketing service",,,"10974442239083075923","Kairouan","false","TN",,"0x12fdc56894569dfd:0x984d0d124496d953",,,,,"https://lh3.googleusercontent.com/gps-cs-s/AHRPTWm5P_rD_y3QaSVaU0StwybiTAdMKE1gcIwq4lnwRU2vlLdJk8Q05WnUdxQQcfFiCRbKGpT37djNP3iWw9w9ZxzmELeqhaw63CeKhVEgVUXRFOytqMS8YwWCqU87kgod5zSoOA2hwQ=w408-h306-k-no","46","false","/g/11sjjy7jqw","en",,"35.6563556","10.0843537",,"Mansourah","Monday","8 AM to 6 PM","Tuesday","8 AM to 6 PM","Wednesday","8 AM to 6 PM","Thursday","8 AM to 6 PM","Friday","8 AM to 6 PM","Saturday","8 AM to 6 PM","Sunday","Closed","false","+216 22 105 514","+21622105514","ChIJ_Z1WlGjF_RIRU9mWRBINTZg",,,,"3100",,"9",,"28","2026-07-14T13:59:25.465Z","https://www.google.com/maps/search/digital%20marketing%20agency%20Tunisia/@35.842160129047954,10.620065984983865,17z?hl=en","digital marketing agency Tunisia",,,"hassan hlel",,"false","Digital rise solutions | SEO | référencement naturel | Agence SEO Tunisie | سيو","5","https://www.google.com/maps/search/?api=1&query=Digital%20rise%20solutions%20%7C%20SEO%20%7C%20r%C3%A9f%C3%A9rencement%20naturel%20%7C%20Agence%20SEO%20Tunisie%20%7C%20%D8%B3%D9%8A%D9%88&query_place_id=ChIJ_Z1WlGjF_RIRU9mWRBINTZg","https://digital-rise-solutions.com/"
,,,,,,,,,,,,,,,,,,,,,,,,,,,,,,,,,,,,,,,,,,,"RJMF+PR8 imm Aoun, Rue 20 mars, Sousse 4000, Tunisia","Marketing agency",,,,,,,,,,"Marketing agency",,,"3146976663721273409","Sousse","true","TN",,"0x13027500512d6b5d:0x2bac4e9a2d8ce841",,,,,,"0","false","/g/11y0pw5c52","en",,"35.834285","10.6245879",,,"Monday","9 AM to 5 PM","Tuesday","9 AM to 5 PM","Wednesday","9 AM to 5 PM","Thursday","9 AM to 5 PM","Friday","9 AM to 5 PM","Saturday","9 AM to 1 PM","Sunday","Closed","false","+216 29 282 645","+21629282645","ChIJXWstUQB1AhMRQeiMLZpOrCs",,,,"4000",,"10",,"9","2026-07-14T13:59:25.466Z","https://www.google.com/maps/search/digital%20marketing%20agency%20Tunisia/@35.842160129047954,10.620065984983865,17z?hl=en","digital marketing agency Tunisia",,,"RJMF+PR8 imm Aoun, Rue 20 mars",,"false","Digiheurica Consulting","4.9","https://www.google.com/maps/search/?api=1&query=Digiheurica%20Consulting&query_place_id=ChIJXWstUQB1AhMRQeiMLZpOrCs",
,,,"false",,,,,,"false",,,,,,,,,,,,,,,,,,,,,,,,,,,"true","true",,,,,,"Khzema Ouest, Av. Hsan Ben Said, Sousse 4071, Tunisia","Marketing agency",,,,,,,,,,"Marketing agency",,,"2187168100811769730","Sousse","false","TN",,"0x2cd3f3d1e0250c0d:0x1e5a61ccb0f38782",,,,,"https://lh3.googleusercontent.com/gps-cs-s/AHRPTWlpLI_1ZccJLQq6KPqWlCO7ODNs7tBqUqJO1xHzymBdGEnssLJ2XR_8to9Gxatc8ERVolGODpTSRKSoIfzTyq12Omb3dbi-q-6nNk9SSrlZL5FYVBEv_-2o-p81YF_vtGqPB9Mp=w408-h322-k-no","4","false","/g/11ks6mc53c","en",,"35.8470658","10.6014032",,,"Monday","10 AM to 6 PM","Tuesday","10 AM to 6 PM","Wednesday","10 AM to 6 PM","Thursday","10 AM to 6 PM","Friday","10 AM to 6 PM","Saturday","10 AM to 4 PM","Sunday","Closed","false","+216 97 488 830","+21697488830","ChIJDQwl4NHz0ywRgofzsMxhWh4",,,,"4071",,"11",,"10","2026-07-14T13:59:25.466Z","https://www.google.com/maps/search/digital%20marketing%20agency%20Tunisia/@35.842160129047954,10.620065984983865,17z?hl=en","digital marketing agency Tunisia",,,"Khzema Ouest, Av. Hsan Ben Said",,"false","MHM Marketing Agency Sousse","4.9","https://www.google.com/maps/search/?api=1&query=MHM%20Marketing%20Agency%20Sousse&query_place_id=ChIJDQwl4NHz0ywRgofzsMxhWh4","https://www.mhm-agency.com/"
,,,,,,,,,,,,,,,,,,,,,,,,,,,,,,,,,,,,,,,,,,,"M-B02, Tour des Bureaux, Tunis 1082, Tunisia","Marketing agency","Event management company","Internet marketing service","Marketing consultant","Website designer",,,,,,"Marketing agency",,,"4583825872994663253","Tunis","false","TN",,"0x12fd34c42aa7097f:0x3f9d055868177b55",,,,,"https://lh3.googleusercontent.com/gps-cs-s/AHRPTWmWdqL291D6Mer-UijP5McopauJCxIip2go9cI0lYJEKBiPKFOe4q-F_jXAqxI2FWLyfuENIjQnMr3OhtCWSASkhjKM5W2hDvD2KmRknFRnznNddw2gFS2YamM2yFeiSvAf96Y=w408-h267-k-no","4","false","/g/11b6g89751","en",,"36.8498801","10.1919316",,"El Menzah","Monday","8 AM to 6 PM","Tuesday","8 AM to 6 PM","Wednesday","8 AM to 6 PM","Thursday","8 AM to 6 PM","Friday","8 AM to 6 PM","Saturday","Closed","Sunday","Closed","false","+216 22 452 721","+21622452721","ChIJfwmnKsQ0_RIRVXsXaFgFnT8",,,,"1082",,"12",,"12","2026-07-14T13:59:25.466Z","https://www.google.com/maps/search/digital%20marketing%20agency%20Tunisia/@35.842160129047954,10.620065984983865,17z?hl=en","digital marketing agency Tunisia",,,"M-B02, Tour des Bureaux","Eminence Tunisie","false","Eminence - Digital Marketing Agency Tunisia","4","https://www.google.com/maps/search/?api=1&query=Eminence%20-%20Digital%20Marketing%20Agency%20Tunisia&query_place_id=ChIJfwmnKsQ0_RIRVXsXaFgFnT8","https://eminence.tn/"
,,,,,,,,,,,,,,,,,,,,,,,,,,,,,,,,,,,,"true","true",,,,,"false","Av Maghreb Arabe, Khezama Est Imm Bel Hadj Miled 1er étage Sousse, 4051, Tunisia","Marketing agency","Advertising agency",,,,,,,,,"Marketing agency",,,"10095579956272046626","Sousse","false","TN",,"0x12fd8bf36e6a12ff:0x8c1ab47b47262222",,,,,"https://lh3.googleusercontent.com/gps-cs-s/AHRPTWk4he2OpLS5X_PHn6koiLIBkCpHgzfbBJo7AynAiYlVQuwXTDNAMCzVe23I4-TspB83VCLVusHhwJFuKt4ogDYlBa5WJ4xdRIshr3i_Xf7GGeBXW9W56-7iXNQb06JQAXsxdfq1DA=w408-h408-k-no","32","false","/g/11fsmnf58c","en",,"35.847149","10.6105752",,,"Monday","9 AM to 6 PM","Tuesday","9 AM to 6 PM","Wednesday","9 AM to 6 PM","Thursday","9 AM to 6 PM","Friday","9 AM to 6 PM","Saturday","Closed","Sunday","Closed","false","+216 29 308 999","+21629308999","ChIJ_xJqbvOL_RIRIiImR3u0Gow",,,,"4051",,"13",,"8","2026-07-14T13:59:25.466Z","https://www.google.com/maps/search/digital%20marketing%20agency%20Tunisia/@35.842160129047954,10.620065984983865,17z?hl=en","digital marketing agency Tunisia",,,"Av Maghreb Arabe, Khezama Est Imm Bel Hadj Miled 1er étage Sousse",,"false","TSA Agence Com","4.4","https://www.google.com/maps/search/?api=1&query=TSA%20Agence%20Com&query_place_id=ChIJ_xJqbvOL_RIRIiImR3u0Gow","http://tsaagence.com/"
,,,,,,,,,,,,,,,,,,,,,,,,,"true",,,,,,,,,,,,"true",,,,,"true","Bureau numéro 9, 1 Rue Jean Jacques Rousseau, Tunis 1073, Tunisia","Marketing agency","Advertising service","Design agency","Graphic designer","Internet marketing service","Advertising agency","Marketing consultant","Web hosting company","Website designer",,"Marketing agency",,,"9045271259835984322","Tunis","false","TN",,"0x12fd4913e6e16c7b:0x7d8742497392e9c2",,,,,"https://lh3.googleusercontent.com/gps-cs-s/AHRPTWmPXBRLK48UGlZvM-1hUfDkIWIJooysqP7pStUIE2_gIztFS-maVRuVwETu_HHjYaR9pAd2d6lDnnvRtIBe5T38p-hcZKnYNj93ZN4WcSYT_-vJf8bdXOXGPxSNB0bVllOff7kvPQ=w426-h240-k-no","12","false","/g/11nmmqx35d","en",,"36.8192128","10.1853304",,"Montplaisir","Monday","8 AM to 7 PM","Tuesday","8 AM to 7 PM","Wednesday","8 AM to 7 PM","Thursday","8 AM to 7 PM","Friday","8 AM to 7 PM","Saturday","9 AM to 1 PM","Sunday","Closed","false","+216 55 858 708","+21655858708","ChIJe2zh5hNJ_RIRwumSc0lCh30",,,,"1073",,"14",,"17","2026-07-14T13:59:25.466Z","https://www.google.com/maps/search/digital%20marketing%20agency%20Tunisia/@35.842160129047954,10.620065984983865,17z?hl=en","digital marketing agency Tunisia",,,"Bureau numéro 9, 1 Rue Jean Jacques Rousseau",,"false","Impacts Digital - Agence Web Marketing Digital Tunisie","4.9","https://www.google.com/maps/search/?api=1&query=Impacts%20Digital%20-%20Agence%20Web%20Marketing%20Digital%20Tunisie&query_place_id=ChIJe2zh5hNJ_RIRwumSc0lCh30","https://impacts-digital.com/"
,"true",,,,,,"true",,,,,,"true",,,,,,"true",,,,,,"true",,,,,,,,,,,"true","true",,,,,"true","إقامة إيناس، Bloc A-1 3ème étage, Tunis 1082, Tunisia","Marketing agency","Advertising agency","Event management company","Internet marketing service","News service","Video production service",,,,,"Marketing agency",,,"728027793278042240","Tunis","false","TN",,"0x12fd3589b8a47033:0xa1a796bb4f30080",,,,,"https://lh3.googleusercontent.com/gps-cs-s/AHRPTWliOwBU2u99w8_LnTz30att-qG17Ux_XZeC_1c7TwYzo2qtZQePch5lc_zGhgV-Cr7_ADLZnF7K3kJYTYpK52WOt1lEsv_S9Fva5B4rVyNEu3evFhMoHm2MfMZ3obuHi6hqHMp6IA=w408-h285-k-no","211","false","/g/11ll3396_f","en",,"36.8438581","10.1980601",,,"Monday","Open 24 hours","Tuesday","Open 24 hours","Wednesday","Open 24 hours","Thursday","Open 24 hours","Friday","Open 24 hours","Saturday","Open 24 hours","Sunday","Open 24 hours","false","+216 90 601 300","+21690601300","ChIJM3CkuIk1_RIRgADztGt5Ggo",,,,"1082",,"15",,"30","2026-07-14T13:59:25.466Z","https://www.google.com/maps/search/digital%20marketing%20agency%20Tunisia/@35.842160129047954,10.620065984983865,17z?hl=en","digital marketing agency Tunisia",,,"إقامة إيناس، Bloc A-1 3ème étage",,"false","Ikigai Agence de Communication Tunisie","4.7","https://www.google.com/maps/search/?api=1&query=Ikigai%20Agence%20de%20Communication%20Tunisie&query_place_id=ChIJM3CkuIk1_RIRgADztGt5Ggo","https://ikigai.tn/"
,,,,,,,,,,,,,,,,,,,,,,,,,,,,,,,,,,,,,,,,,,,"Appar N° B 6.1 Résidence Ines Bloc B، Boulevard de la Terre, Tunis 1082, Tunisia","Internet marketing service","Branding agency","Design agency","E commerce agency","E-commerce service","Institute of technology","Marketing agency","Marketing consultant","Training center",,"Internet marketing service",,,"11544947802111983291","Tunis","false","TN",,"0x12fd34c6982ff5e9:0xa037e4dbb74fbebb",,,,,"https://lh3.googleusercontent.com/gps-cs-s/AHRPTWnDhUOyBtCkuTTZ7T0bGL4sf4EDXIo6FAAm02rq_Y0w7L3Lu_xpkkpgBNZs2v2FfWVAwKmlGPEO5bQCJbBS5bm2MPwaPQq8woqBVUQtohOd6HW8DmlzlKGlLckDVnn6xJzKocB87A=w408-h264-k-no","230","false","/g/11bwpy9kf9","en",,"36.843851","10.197682",,,"Monday","8 AM to 6 PM","Tuesday","8 AM to 6 PM","Wednesday","8 AM to 6 PM","Thursday","8 AM to 6 PM","Friday","8 AM to 6 PM","Saturday","Closed","Sunday","Closed","false","+216 36 361 552","+21636361552","ChIJ6fUvmMY0_RIRu75Pt9vkN6A",,,,"1082",,"16",,"71","2026-07-14T13:59:25.466Z","https://www.google.com/maps/search/digital%20marketing%20agency%20Tunisia/@35.842160129047954,10.620065984983865,17z?hl=en","digital marketing agency Tunisia",,,"Appar N° B 6.1 Résidence Ines Bloc B، Boulevard de la Terre",,"false","E2BUSINESS CONSULTING","4.9","https://www.google.com/maps/search/?api=1&query=E2BUSINESS%20CONSULTING&query_place_id=ChIJ6fUvmMY0_RIRu75Pt9vkN6A","https://e2b-consulting.com/"
,,,,,,,,,,,,,,,,,,,,,,,,,,,,,,,,,,,,,,,,,,,"Khzema Ouest, Rue Imam Boukhari, Sousse 4071, Tunisia","Marketing agency",,,,,,,,,,"Marketing agency",,,"10063505535289401325","Sousse","false","TN",,"0x130275f8f60b7183:0x8ba8c0f7321a1fed",,,,,"https://lh3.googleusercontent.com/gps-cs-s/AHRPTWmZ7z4YCN0v0bSm-0pPah4Enw-xBDNDsUb5eeeppg6b5BHNjTngMse7rieHByah_8XCqcofvKwAWUoHZyc0h6_7jx9_bksjo57tFYT1hrylZ1wHA3OqCbWvTR6wpQJE29ajfm-cAQ=w457-h240-k-no","6","false","/g/11g1kkrk2z","en",,"35.8458137","10.6074387",,,"Monday","9 AM to 6 PM","Tuesday","9 AM to 6 PM","Wednesday","9 AM to 6 PM","Thursday","9 AM to 6 PM","Friday","9 AM to 6 PM","Saturday","Closed","Sunday","Closed","false","+216 22 054 178","+21622054178","ChIJg3EL9vh1AhMR7R8aMvfAqIs",,,,"4071",,"17",,"3","2026-07-14T13:59:25.467Z","https://www.google.com/maps/search/digital%20marketing%20agency%20Tunisia/@35.842160129047954,10.620065984983865,17z?hl=en","digital marketing agency Tunisia",,,"Khzema Ouest, Rue Imam Boukhari",,"false","Astronet","5","https://www.google.com/maps/search/?api=1&query=Astronet&query_place_id=ChIJg3EL9vh1AhMR7R8aMvfAqIs","https://www.astronetagency.tn/"
,,,,,,,,,,,,,,,,,,,,,,,,,,,"true",,,,"true",,,,"true",,,,,,,,"1 étage, immeuble Bousetta, Rue 3 août Trocadéro, Sousse 4000, Tunisia","Advertising agency",,,,,,,,,,"Advertising agency",,,"7084224431675230094","Sousse","false","TN",,"0x13027512d4b8b61d:0x625038963725478e",,,,,"https://lh3.googleusercontent.com/gps-cs-s/AHRPTWltBml8RQpkJcbORxxgldxVL4V6CFIOa4YhJt40yYI8oIcO-GHmNt-_ulGPvoDMuo0QYErReYPVWNOX7pBjr6CrfBR38ABGq7CZqWEz9fLEdt5ovdmxFfTc00buhiAwcrtxrrvqqQ=w408-h268-k-no","3","false","/g/11w_hjczp9","en",,"35.8296591","10.6340471",,,"Monday","8 AM to 8 PM","Tuesday","8 AM to 8 PM","Wednesday","8 AM to 8:30 PM","Thursday","8 AM to 8 PM","Friday","8 AM to 8 PM","Saturday","8 AM to 8 PM","Sunday","Closed","false","+216 52 056 778","+21652056778","ChIJHba41BJ1AhMRjkclN5Y4UGI",,,,"4000",,"18",,"21","2026-07-14T13:59:25.467Z","https://www.google.com/maps/search/digital%20marketing%20agency%20Tunisia/@35.842160129047954,10.620065984983865,17z?hl=en","digital marketing agency Tunisia",,,"1 étage, immeuble Bousetta, Rue 3 août Trocadéro",,"false","Ufuk connect","4.8","https://www.google.com/maps/search/?api=1&query=Ufuk%20connect&query_place_id=ChIJHba41BJ1AhMRjkclN5Y4UGI","https://ufuk.tn/"
,,,,,,,,,,,,,,,,,,,,,,,,,,,,,,,,,,,,,,"true",,,,,"En face de, Lycée Garçons, Av. Mohamed Maarouf, Sousse 4000, Tunisia","Distance learning center",,,,,,,,,,"Distance learning center",,,"2573116971632882906","Sousse","false","TN",,"0x13026d279c3efec9:0x23b58c40b3b4f4da",,,,,"https://lh3.googleusercontent.com/gps-cs-s/AHRPTWkJqKzfUV1_isWFEOrG-elJsnq1pf-o4fRsWrlu8Ob-4FdJ2h1gM7u6GttfOwkPI38F26omSbFGaBDv-nHFh7xJapQaEenUSPb12f4NZjONQ9vaES10TEeolMdnkv2IDsK8ND8=w426-h240-k-no","5","false","/g/11q968q51v","en",,"35.8286108","10.6370762",,,"Monday","Open 24 hours","Tuesday","Open 24 hours","Wednesday","Open 24 hours","Thursday","Open 24 hours","Friday","Open 24 hours","Saturday","Open 24 hours","Sunday","Open 24 hours","false","+216 50 772 858","+21650772858","ChIJyf4-nCdtAhMR2vS0s0CMtSM",,,,"4000",,"19",,"25","2026-07-14T13:59:25.467Z","https://www.google.com/maps/search/digital%20marketing%20agency%20Tunisia/@35.842160129047954,10.620065984983865,17z?hl=en","digital marketing agency Tunisia",,,"En face de, Lycée Garçons, Av. Mohamed Maarouf",,"false","Formation Marketing Digital Tunisie","4.9","https://www.google.com/maps/search/?api=1&query=Formation%20Marketing%20Digital%20Tunisie&query_place_id=ChIJyf4-nCdtAhMR2vS0s0CMtSM","https://rami.tn/formation/marketing-digital-tunisie/"
,,,,,,,,,,,,,,,,,,,,,,,,,,,,,,,,,,,,,,,,,,,"QP54+V83, Sahline 5012, Tunisia","Marketing agency",,,,,,,,,,"Marketing agency",,,"638202275666297178","Sahline","false","TN",,"0x1302138bcd34f905:0x8db59969fef815a",,,,,"https://lh3.googleusercontent.com/gps-cs-s/AHRPTWmMUilg0ZcnY_PlCil5KBhAOLX2Xfo0uLSDpUKocpO4MpeQq0A931q9zCMOYUYvYyiXhuNxvjWK6Ha8FERbOqdJg6KZle0IL1rKRHJKwIU8g8oKd-wqRpZ4F-KI7TUJx33x3dC-Ig=w408-h408-k-no","31","false","/g/11fq8qtfmm","en",,"35.7596506","10.705867",,,"Monday","8 AM to 5 PM","Tuesday","8 AM to 5 PM","Wednesday","8 AM to 5 PM","Thursday","8 AM to 5 PM","Friday","8 AM to 5 PM","Saturday","Closed","Sunday","Closed","false","+216 55 619 993","+21655619993","ChIJBfk0zYsTAhMRWoHvn5ZZ2wg",,,,"5012",,"20",,"12","2026-07-14T13:59:25.468Z","https://www.google.com/maps/search/digital%20marketing%20agency%20Tunisia/@35.842160129047954,10.620065984983865,17z?hl=en","digital marketing agency Tunisia",,,"QP54+V83",,"false","Digital Market","4.7","https://www.google.com/maps/search/?api=1&query=Digital%20Market&query_place_id=ChIJBfk0zYsTAhMRWoHvn5ZZ2wg","https://digital-market.fr/"
,,,,,,,,,,,,,,,,,,,,,,,,,,,,,,,,,,,,,"true",,,,,"true","7 Bd de l'Environnement, Sousse 4089, Tunisia","Marketing agency","Event management company","Advertising agency","Marketing consultant",,,,,,,"Marketing agency",,,"15674073350000484995","Sousse","false","TN",,"0x12fd893be0883f4f:0xd9857eaac2322283",,,,,"https://lh3.googleusercontent.com/gps-cs-s/AHRPTWl4yob2exvzDt0C-0nTBwzGCv14Lu5iBtLvmtGahl0gUDJGtNF7UX7DHoNez4ccRCkfA7_tUk5JqBAEZaiyVfm0W2VKLzDKcVRt6X8GETWJzeB-9IbJedb-NcsCtgH2g9ewhXQH=w451-h240-k-no","61","false","/g/11hgcns84j","en",,"35.884135","10.5932086",,"Port El Kantaoui","Monday","8 AM to 3:30 PM","Tuesday","8 AM to 3:30 PM","Wednesday","8 AM to 3:30 PM","Thursday","8 AM to 3:30 PM","Friday","8 AM to 3:30 PM","Saturday","Closed","Sunday","Closed","false","+216 26 000 088","+21626000088","ChIJTz-I4DuJ_RIRgyIywqp-hdk",,,,"4089",,"16",,"57","2026-07-14T13:59:26.335Z","https://www.google.com/maps/search/digital%20marketing%20agency%20Tunisia/@35.8491229580959,10.620065984983865,17z?hl=en","digital marketing agency Tunisia",,,"7 Bd de l'Environnement",,"false","5 Sens Advertising","4.8","https://www.google.com/maps/search/?api=1&query=5%20Sens%20Advertising&query_place_id=ChIJTz-I4DuJ_RIRgyIywqp-hdk","https://5sens.tn/"
,,,,,,,,,,,,,,,,,,,,,,,,,,,,,,,,,,,,,"true",,,,,,"Av Mokhtar Laatiri, Immeuble Lejmi, App 26, Hammam Sousse 4011, Tunisia","Internet marketing service",,,,,,,,,,"Internet marketing service",,,"5355621395715993517","Hammam Sousse","false","TN",,"0x12fd8b025cee12e3:0x4a52fd48bb222fad",,,,,"https://streetviewpixels-pa.googleapis.com/v1/thumbnail?panoid=fwJYNMULRuV8_EOEb6K27w&cb_client=search.gws-prod.gps&w=408&h=240&yaw=313.73907&pitch=0&thumbfov=100","2","false","/g/11t2f6qtz1","en",,"35.8638834","10.6054439",,,"Monday","8:30 AM to 6 PM","Tuesday","8:30 AM to 6 PM","Wednesday","8:30 AM to 6 PM","Thursday","8:30 AM to 6 PM","Friday","8:30 AM to 6 PM","Saturday","9 AM to 3 PM","Sunday","Closed","false","+216 53 467 943","+21653467943","ChIJ4xLuXAKL_RIRrS8iu0j9Uko",,,,"4011",,"18",,"15","2026-07-14T13:59:26.335Z","https://www.google.com/maps/search/digital%20marketing%20agency%20Tunisia/@35.8491229580959,10.620065984983865,17z?hl=en","digital marketing agency Tunisia",,,"Av Mokhtar Laatiri, Immeuble Lejmi, App 26",,"false","AFKAR'S agence digitale","4.7","https://www.google.com/maps/search/?api=1&query=AFKAR'S%20agence%20digitale&query_place_id=ChIJ4xLuXAKL_RIRrS8iu0j9Uko","http://www.afkars.digital/"
,,,,,,,,,,,,,,,,,,,,,,,,,,,,,,,,,,,,,"true",,,,,"true","Ariana 2080, Tunisia","Marketing consultant","Web hosting company",,,,,,,,,"Marketing consultant",,,"12287220892414090786","Ariana","false","TN",,"0x12e2cb85018b64e7:0xaa84fa4d19199e22",,,,,"https://lh3.googleusercontent.com/gps-cs-s/AHRPTWkb8C1HYZx9sIDLLnKdZ8fmQdPNVNkeQ-CePrVA3LAj9rEWL0cAeEdcMHCYglUrq_rACEVcZD6edQhXfBY4dXrfeHi1RjiGCs43tn1kWzq4wFwvdwF9r9wlrag_41j3phLfpCY=w408-h272-k-no","5","false","/g/11p3dxnct2","en",,"36.8592175","10.20022",,,"Monday","9 AM to 9 PM","Tuesday","9 AM to 9 PM","Wednesday","9 AM to 9 PM","Thursday","9 AM to 9 PM","Friday","9 AM to 9 PM","Saturday","9 AM to 9 PM","Sunday","Closed","false","+216 56 300 025","+21656300025","ChIJ52SLAYXL4hIRIp4ZGU36hKo",,,,"2080",,"20",,"128","2026-07-14T13:59:26.335Z","https://www.google.com/maps/search/digital%20marketing%20agency%20Tunisia/@35.8491229580959,10.620065984983865,17z?hl=en","digital marketing agency Tunisia",,,,,"false","Oussema Boufaid : Consultant SEO Tunisie Freelance et Agence","4.9","https://www.google.com/maps/search/?api=1&query=Oussema%20Boufaid%20%3A%20Consultant%20SEO%20Tunisie%20Freelance%20et%20Agence&query_place_id=ChIJ52SLAYXL4hIRIp4ZGU36hKo","http://oussemaboufaid.com/"
,,,,,,,,,,,,,,,,,,,,,,,,,,,,,,,,,,,,,,,,,,,"Rue Khemaies Et-Tarnen, Sousse 4052, Tunisia","Marketing agency",,,,,,,,,,"Marketing agency",,,"6022640688514893199","Sousse","true","TN",,"0x12fd8b38eb95ea81:0x5394b7cc00be858f",,,,,"https://streetviewpixels-pa.googleapis.com/v1/thumbnail?panoid=0rJppMXgy49Q4m_y5YNfJw&cb_client=search.gws-prod.gps&w=408&h=240&yaw=170.80307&pitch=0&thumbfov=100","1","false","/g/11s1w3t8x2","en",,"35.8494717","10.6129169",,,"Monday","9 AM to 6 PM","Tuesday","9 AM to 6 PM","Wednesday","9 AM to 6 PM","Thursday","9 AM to 6 PM","Friday","9 AM to 6 PM","Saturday","Closed","Sunday","Closed","false","+216 55 047 275","+21655047275","ChIJgeqV6ziL_RIRj4W-AMy3lFM",,,,"4052",,"22",,,"2026-07-14T13:59:27.035Z","https://www.google.com/maps/search/digital%20marketing%20agency%20Tunisia/@35.8491229580959,10.620065984983865,17z?hl=en","digital marketing agency Tunisia",,,"Rue Khemaies Et-Tarnen",,"false","Vendra Tunisia",,"https://www.google.com/maps/search/?api=1&query=Vendra%20Tunisia&query_place_id=ChIJgeqV6ziL_RIRj4W-AMy3lFM",
,,,,,,,,,,,,,,,,,,,,,,,,,,,,,,,,,,,,,,,,,,,"Rue de la plage, Hammam Sousse 4011, Tunisia","Marketing agency",,,,,,,,,,"Marketing agency",,,"11981340540226800067","Hammam Sousse","false","TN",,"0x12fd8b0632938b77:0xa64645bdd13489c3",,,,,"https://lh3.googleusercontent.com/gps-cs-s/AHRPTWlv2Be12gJ5-8xkB8lXQZNrkm-q8ABlB9OX5enqS5yzw7o0EFKpsl3h0BmcweNt0XYyzB_NPCtP55KhJbI9TdfV0qyau_YUeNRDxXCPv8aUY7x9C74n2UWlX2Rddk7MwB3O3CB1gR1rDTiB=w408-h544-k-no","22","false","/g/11ylmyn1_5","en",,"35.8637125","10.6053911",,,"Monday","8 AM to 5 PM","Tuesday","8 AM to 5 PM","Wednesday","8 AM to 5 PM","Thursday","8 AM to 5 PM","Friday","8 AM to 5 PM","Saturday","Closed","Sunday","Closed","false","","","ChIJd4uTMgaL_RIRw4k00b1FRqY",,,,"4011",,"18",,"4","2026-07-14T13:59:29.291Z","https://www.google.com/maps/search/digital%20marketing%20agency%20Tunisia/@35.85608578714384,10.620065984983865,17z?hl=en","digital marketing agency Tunisia",,,"Rue de la plage",,"false","Hello Coconut Studio","5","https://www.google.com/maps/search/?api=1&query=Hello%20Coconut%20Studio&query_place_id=ChIJd4uTMgaL_RIRw4k00b1FRqY",
,,,,,,,,,,,,,,,,,,,,,,,,,,,,,,,,,,,,,,,,,,,"Khezama Est, Av. des orangers, Sousse 4051, Tunisia","Advertising agency","Graphic designer","Internet marketing service","Video editing service","Website designer",,,,,,"Advertising agency",,,"12372645275741633424","Sousse","false","TN",,"0x12fd8a45d2cac599:0xabb47753407ebb90",,,,,"https://lh3.googleusercontent.com/gps-cs-s/AHRPTWm9vGh9dz7pwca7NbjpY5ncQxgj5jxRFk7bavURjPzW2VxvbrsPYfvniJnhBdNw8n4YLYTvtjvLA0XwPHBNHpRuBdy1C5aB7ijHmot72Kly41wEDseXdjMXWzD2wUHsHpRov6fi=w408-h408-k-no","2","false","/g/1pp2vgkl8","en",,"35.8578452","10.6079408",,,"Monday","9 AM to 1 PM, 2 to 6 PM","Tuesday","9 AM to 1 PM, 2 to 6 PM","Wednesday","9 AM to 1 PM, 2 to 6 PM","Thursday","9 AM to 1 PM, 2 to 6 PM","Friday","9 AM to 1 PM, 2 to 6 PM","Saturday","Closed","Sunday","Closed","false","+216 73 240 771","+21673240771","ChIJmcXK0kWK_RIRkLt-QFN3tKs",,,,"4051",,"19",,"5","2026-07-14T13:59:29.291Z","https://www.google.com/maps/search/digital%20marketing%20agency%20Tunisia/@35.85608578714384,10.620065984983865,17z?hl=en","digital marketing agency Tunisia",,,"Khezama Est, Av. des orangers",,"false","Comguru - Agence de communication et publicité tunisie","5","https://www.google.com/maps/search/?api=1&query=Comguru%20-%20Agence%20de%20communication%20et%20publicit%C3%A9%20tunisie&query_place_id=ChIJmcXK0kWK_RIRkLt-QFN3tKs","https://www.facebook.com/comguru.agency/"
,,,,"true",,,,,,,,,,,,,,,,,,,,,"true",,,"true",,,,"true",,,,"true","true",,,,,"true","App 2, Immeuble Alliance, Route Touristique, Sousse 4051, Tunisia","Computer support and services","Adult education school","Computer networking service","Computer security service","Distance learning center","Engineering consultant","Marketing consultant","Research engineer","Web hosting company","Website designer","Computer support and services",,,"974423969181639557","Sousse","false","TN",,"0x12fd8b20ddb7db33:0xd85d96fefb2a385",,,,,"https://lh3.googleusercontent.com/gps-cs-s/AHRPTWm9jwSGaUMyxUm1bvqkMJEmNq61ZQVD3zWwlHCCqv6xu4JyfjOopti9Vfii5r9w5a0Db8YmDoPhTlF7bxIeia3aT8V_Wcdn_JAtdYrJcaG3u3UfcDwgvPPxTEK2OkGr3N9y2xO2=w408-h544-k-no","7","false","/g/11w1xw75fy","en",,"35.857271","10.6153606",,,"Monday","9 AM to 5 PM","Tuesday","9 AM to 5 PM","Wednesday","9 AM to 5 PM","Thursday","9 AM to 5 PM","Friday","9 AM to 5 PM","Saturday","9 AM to 2 PM","Sunday","Closed","false","+216 29 389 679","+21629389679","ChIJM9u33SCL_RIRhaOy72_ZhQ0",,,,"4051",,"21",,,"2026-07-14T13:59:30.034Z","https://www.google.com/maps/search/digital%20marketing%20agency%20Tunisia/@35.85608578714384,10.620065984983865,17z?hl=en","digital marketing agency Tunisia",,,"App 2, Immeuble Alliance, Route Touristique","CTT Sousse (Carthage Technology & Training)","false","Ctt Sousse",,"https://www.google.com/maps/search/?api=1&query=Ctt%20Sousse&query_place_id=ChIJM9u33SCL_RIRhaOy72_ZhQ0","https://ctt.tn/"
,,"true",,,,,,,,,,,,,,,,,,,,,,,,"true",,,,,,,,,,,,,,,,,"14 Rue Saleh Hafsa, Ariana 2080, Tunisia","Marketing agency","Advertising agency","E commerce agency","Website designer",,,,,,,"Marketing agency",,,"1242708103524432570","Ariana","false","TN",,"0x12fd3472f033a85b:0x113efc6f9e12baba",,,,,"https://lh3.googleusercontent.com/gps-cs-s/APNQkAEfhPjy5OswM02_p0gG571G8lpKLltypVJpFvF_oiCgtpdajC7l87WIUzw-LpiGcfuya8CXJZDMmHPPqI0Vkn-ktLfaohIVZgpK9v_Bz3xMkvVCviyVERmVfCsUXpzSEJmNbu8=w408-h544-k-no","33","false","/g/1tdmxqy8","en",,"36.8561287","10.1861252",,,"Monday","8 AM to 6 PM","Tuesday","8 AM to 6 PM","Wednesday","8 AM to 6 PM","Thursday","8 AM to 6 PM","Friday","8 AM to 6 PM","Saturday","Closed","Sunday","Closed","false","+216 71 723 009","+21671723009","ChIJW6gz8HI0_RIRuroSnm_8PhE",,,,"2080",,"14",,"25","2026-07-14T13:59:32.437Z","https://www.google.com/maps/search/digital%20marketing%20agency%20Tunisia/@35.80734598380824,10.62865055495159,17z?hl=en","digital marketing agency Tunisia",,,"14 Rue Saleh Hafsa",,"false","Pi 2r","4.7","https://www.google.com/maps/search/?api=1&query=Pi%202r&query_place_id=ChIJW6gz8HI0_RIRuroSnm_8PhE","https://pi-2r.com/"
"true",,,,,,"true",,,,,,"true",,,,,,,"true",,,,"false",,,,"true",,,,,,,,,"true","true",,,,,"true","Le belvedere, 136 Av. de La Liberté, Tunis 1000, Tunisia","Marketing agency","Business development service","Computer support and services","Internet marketing service","Marketing consultant",,,,,,"Marketing agency",,,"9845663574451006714","Tunis","false","TN",,"0x12fd350592a1ba61:0x88a2d2db3d27acfa",,,,,"https://lh3.googleusercontent.com/gps-cs-s/APNQkAF5mNtqkmbnOE_gJ2zGwSiIuXnPy8jYROpTvbqj8ngTit5WFIWt2fuLCtiFG489XCJt_uvrmmWRV-KluG5dVM_85lA3xtcs6HN0jutDc8hT8O6apzQWYrVzlue8UH8-4aW8K93g6uuts0nO=w408-h725-k-no","8","false","/g/11kq55nn_k","en",,"36.8182094","10.1784098",,,"Monday","9 AM to 5 PM","Tuesday","9 AM to 5 PM","Wednesday","9 AM to 5 PM","Thursday","9 AM to 5 PM","Friday","9 AM to 3 PM","Saturday","Closed","Sunday","Closed","false","+216 29 543 202","+21629543202","ChIJYbqhkgU1_RIR-qwnPdvSoog",,,,"1000",,"17",,"40","2026-07-14T13:59:32.437Z","https://www.google.com/maps/search/digital%20marketing%20agency%20Tunisia/@35.80734598380824,10.62865055495159,17z?hl=en","digital marketing agency Tunisia",,,"Le belvedere, 136 Av. de La Liberté",,"false","Mynds","4.8","https://www.google.com/maps/search/?api=1&query=Mynds&query_place_id=ChIJYbqhkgU1_RIR-qwnPdvSoog","http://mynds-team.com/"
,,,,,,,,,,,,,,,,,,,,,,,,,,,,,,,,,,,,,,,,,,,"V823+M6X, Tunisia","Marketing consultant","Advertising agency","Graphic designer","Internet marketing service","Marketing agency","Photography service","Video editing service","Website designer",,,"Marketing consultant",,,"15162208524439504059",,"false","TN",,"0x12e2b5003da5a80d:0xd26afc51f59dc4bb",,,,,"https://lh3.googleusercontent.com/gps-cs-s/APNQkAGeFzJLGwTgRBxgaq1pQ4RdK2GsUxG1UiFUdyFaRIJ1j1kG63SpEOb460b2XoO0wkgQnd1lOkGxSq01veOoXdetoxOXILQEMitN-rOrmEeQ0jZOXlb0nUOgYNoSjlwo9DXNnqTeDJpQ98YU=w408-h304-k-no","8","false","/g/11nk2hs98h","en",,"36.8517332","10.3031249",,,"Monday","9:30 AM to 5 PM","Tuesday","9:30 AM to 5 PM","Wednesday","9:30 AM to 5 PM","Thursday","9:30 AM to 5 PM","Friday","9:30 AM to 5 PM","Saturday","10 AM to 1 PM","Sunday","Closed","false","+216 51 787 939","+21651787939","ChIJDailPQC14hIRu8Sd9VH8atI",,,,,,"19",,"23","2026-07-14T13:59:32.437Z","https://www.google.com/maps/search/digital%20marketing%20agency%20Tunisia/@35.80734598380824,10.62865055495159,17z?hl=en","digital marketing agency Tunisia",,,"V823+M6X",,"false","Malek Mwlhi | Consultant en Marketing Digital","5","https://www.google.com/maps/search/?api=1&query=Malek%20Mwlhi%20%7C%20Consultant%20en%20Marketing%20Digital&query_place_id=ChIJDailPQC14hIRu8Sd9VH8atI","http://www.malekmwlhi.com/"
,,,,,,,,,,,,,,,,,,,,,,,,,,,,,,,,,,,,,,,,,,,"N 1, étage, Centre Mariem Bureau, 66, 3 Av. Jean Jaurès, Tunis 1001, Tunisia","Marketing agency","Corporate campus","Design agency","E commerce agency","Website designer","Research and product development","Web hosting company",,,,"Marketing agency",,,"16491066137472839116","Tunis","false","TN",,"0x12fd346e36decab1:0xe4dc0947538aadcc",,,,,"https://lh3.googleusercontent.com/gps-cs-s/APNQkAEVcmPXXD20TIjj4PQhgH8LoHb6h-6yHI4239TZVcG2tRFu9NPcSQkBFUfEV3T90x6t_LqIzte0EjbtVHSli8veYJg14TeQXbVcCCQ4vdAL5UdQQfZxJFlGYc-EFDY2ZLWVq8V30A=w408-h297-k-no","38","false","/g/1thlq566","en",,"36.806987","10.181332",,,"Monday","8 AM to 5 PM","Tuesday","8 AM to 5 PM","Wednesday","8 AM to 5 PM","Thursday","8 AM to 5 PM","Friday","8 AM to 5 PM","Saturday","Closed","Sunday","Closed","false","+216 25 472 525","+21625472525","ChIJscreNm40_RIRzK2KU0cJ3OQ",,,,"1001",,"20",,"178","2026-07-14T13:59:32.438Z","https://www.google.com/maps/search/digital%20marketing%20agency%20Tunisia/@35.80734598380824,10.62865055495159,17z?hl=en","digital marketing agency Tunisia",,,"N 1, étage, Centre Mariem Bureau, 66, 3 Av. Jean Jaurès",,"false","Web Media Tunisie","4.8","https://www.google.com/maps/search/?api=1&query=Web%20Media%20Tunisie&query_place_id=ChIJscreNm40_RIRzK2KU0cJ3OQ","http://webmedia-tunisie.com/"
,,,,,,,,,,,,,,,,,,,,,,,,,,,,,,,,,,,,,,,,,,,"4000 Commandant Bejaoui Rd, Sousse, Tunisia","Website designer",,,,,,,,,,"Website designer",,,"14376043413526750230","Sousse","false","TN",,"0x13027539eb4d56af:0xc781f7512adb2416",,,,,"https://streetviewpixels-pa.googleapis.com/v1/thumbnail?panoid=jbG-OJvur1UdfsCViWu1mQ&cb_client=search.gws-prod.gps&w=408&h=240&yaw=42.052643&pitch=0&thumbfov=100","2","false","/g/11smyls24m","en",,"35.8248496","10.6318526",,,"Monday","9 AM to 6 PM","Tuesday","9 AM to 6 PM","Wednesday","9 AM to 6 PM","Thursday","9 AM to 6 PM","Friday","9 AM to 6 PM","Saturday","9 AM to 1 PM","Sunday","Closed","false","+216 56 552 063","+21656552063","ChIJr1ZN6zl1AhMRFiTbKlH3gcc",,,,,,"2",,"2","2026-07-14T13:59:35.703Z","https://www.google.com/maps/search/digital%20marketing%20agency%20Tunisia/@35.821271641904126,10.62865055495159,17z?hl=en","digital marketing agency Tunisia",,,"4000 Commandant Bejaoui Rd",,"false","Bee digital solutions","4","https://www.google.com/maps/search/?api=1&query=Bee%20digital%20solutions&query_place_id=ChIJr1ZN6zl1AhMRFiTbKlH3gcc","http://www.beedigital-solutions.tn/"
,,,,,,,,,,,,,,,,,,,,,,,,,,,,,,,,,,,,,,,,,,,"Bloc A, IM Hafiene, Rue du Commandant Bejaoui, Sousse 4000, Tunisia","Marketing agency","Web hosting company","Website designer",,,,,,,,"Marketing agency",,,"7093341011499522042","Sousse","false","TN",,"0x130275ff09f458c5:0x62709c115d2397fa",,,,,"https://streetviewpixels-pa.googleapis.com/v1/thumbnail?panoid=jbG-OJvur1UdfsCViWu1mQ&cb_client=search.gws-prod.gps&w=408&h=240&yaw=40.61694&pitch=0&thumbfov=100","2","false","/g/11l5c8mhld","en",,"35.8248838","10.6318734",,,"Monday","9 AM to 6 PM","Tuesday","9 AM to 6 PM","Wednesday","9 AM to 6 PM","Thursday","9 AM to 6 PM","Friday","9 AM to 6 PM","Saturday","Closed","Sunday","Closed","false","+216 99 651 388","+21699651388","ChIJxVj0Cf91AhMR-pcjXRGccGI",,,,"4000",,"4",,"5","2026-07-14T13:59:35.703Z","https://www.google.com/maps/search/digital%20marketing%20agency%20Tunisia/@35.821271641904126,10.62865055495159,17z?hl=en","digital marketing agency Tunisia",,,"Bloc A, IM Hafiene, Rue du Commandant Bejaoui",,"false","BM Company","5","https://www.google.com/maps/search/?api=1&query=BM%20Company&query_place_id=ChIJxVj0Cf91AhMR-pcjXRGccGI","https://bm-company.com/"
,,,,,,,,,,,,,,,,,,,,,,,,,,,,,,,,,,,,,,,,,,,"Rue AbdelMajid Arnaz, Sousse 4000, Tunisia","Advertising agency",,,,,,,,,,"Advertising agency",,,"12744655052986493107","Sousse","false","TN",,"0x1302757aceee2393:0xb0de1c3f2225a8b3",,,,,"https://lh3.googleusercontent.com/gps-cs-s/AHRPTWnlqmb2VKcJJCvlZdXuKmztfbmGQV35yo44OZFGWoUNlV6lii_fODoOc9k7c0N2j3e2jjAgnJTohTNq7IBIWzEoNUuKrDhTPJmiG_2KvAmDsVWqZ57cfiVxUVt52ser8SVnNIyM=w470-h240-k-no","1","false","/g/11b6dg68hk","en",,"35.8231148","10.6290098",,,"Monday","8:30 AM to 6 PM","Tuesday","8:30 AM to 6 PM","Wednesday","8:30 AM to 6 PM","Thursday","8:30 AM to 6 PM","Friday","8:30 AM to 6 PM","Saturday","Closed","Sunday","Closed","false","+216 36 407 836","+21636407836","ChIJkyPuznp1AhMRs6glIj8c3rA",,,,"4000",,"7",,"4","2026-07-14T13:59:35.703Z","https://www.google.com/maps/search/digital%20marketing%20agency%20Tunisia/@35.821271641904126,10.62865055495159,17z?hl=en","digital marketing agency Tunisia",,,"Rue AbdelMajid Arnaz",,"false","Jawhara PUB","4.5","https://www.google.com/maps/search/?api=1&query=Jawhara%20PUB&query_place_id=ChIJkyPuznp1AhMRs6glIj8c3rA",
,,,,,,,,,,,,,,,,,,,,,,,,,,,,,,,,,,,,,,,,,,,"Sousse 4000, Tunisia","Internet marketing service",,,,,,,,,,"Internet marketing service",,,"3536875670742242620","Sousse","false","TN",,"0x130275a2e3f82a99:0x311581aef150153c",,,,,"https://streetviewpixels-pa.googleapis.com/v1/thumbnail?panoid=FsO9MMkdbfMrEcZyrL5oAQ&cb_client=search.gws-prod.gps&w=408&h=240&yaw=11.490964&pitch=0&thumbfov=100","2","false","/g/11t5m53pj8","en",,"35.824566","10.6345625",,,"Monday","9 AM to 5 PM","Tuesday","9 AM to 5 PM","Wednesday","9 AM to 5 PM","Thursday","9 AM to 5 PM","Friday","9 AM to 5 PM","Saturday","9 AM to 5 PM","Sunday","9 AM to 5 PM","false","+216 21 806 937","+21621806937","ChIJmSr446J1AhMRPBVQ8a6BFTE",,,,"4000",,"9",,,"2026-07-14T13:59:35.703Z","https://www.google.com/maps/search/digital%20marketing%20agency%20Tunisia/@35.821271641904126,10.62865055495159,17z?hl=en","digital marketing agency Tunisia",,,,,"false","SYO Digital marketing Agency",,"https://www.google.com/maps/search/?api=1&query=SYO%20Digital%20marketing%20Agency&query_place_id=ChIJmSr446J1AhMRPBVQ8a6BFTE","http://lyksoomu.com/10FSB"
,,,,,,,,,,,,,,,,,,,,,,,,,,"true",,,"true",,,,,,,,,,,,,,"1er étage, Imm Galia, place Farhat Hached, Sousse 4000, Tunisia","Marketing agency",,,,,,,,,,"Marketing agency",,,"7240504218964126146","Sousse","false","TN",,"0x130275b6ceac1a6d:0x647b7039ae12e9c2",,,,,"https://lh3.googleusercontent.com/gps-cs-s/AHRPTWl2BqbdTXhBNRgDR3r6W-OO1h8k3gugXCheLwnmVEZ0zQR3xv9GsMCA58ipbTj4bh7K3NbE1bfiNvYm5lN9o7h-uYSNm017q6Ptk66yHINU3e_bmWFJbxW3BF344WnJmkcPZEUP=w408-h408-k-no","6","false","/g/11tmn0gx9s","en",,"35.8286874","10.6414896",,,"Monday","9:30 AM to 4:30 PM","Tuesday","9:30 AM to 4:30 PM","Wednesday","9:30 AM to 4:30 PM","Thursday","9:30 AM to 4:30 PM","Friday","9:30 AM to 4:30 PM","Saturday","9:30 AM to 2 PM","Sunday","Closed","false","+216 22 666 519","+21622666519","ChIJbRqszrZ1AhMRwukSrjlwe2Q",,,,"4000",,"14",,"9","2026-07-14T13:59:35.703Z","https://www.google.com/maps/search/digital%20marketing%20agency%20Tunisia/@35.821271641904126,10.62865055495159,17z?hl=en","digital marketing agency Tunisia",,,"1er étage, Imm Galia, place Farhat Hached",,"false","Maxicom","5","https://www.google.com/maps/search/?api=1&query=Maxicom&query_place_id=ChIJbRqszrZ1AhMRwukSrjlwe2Q","https://maxicom.tn/"
,,,"true",,,,,,"true",,,,,,,,,,,,,,,,"true",,,,,,,,,,,,,,"true","false",,,"4 eme étage b42, Immeuble victoria, Trocadéro, rue de la république, Sousse 4000, Tunisia","Marketing agency",,,,,,,,,,"Marketing agency",,,"2197369715324342757","Sousse","false","TN",,"0x130275c1285da15f:0x1e7ea01d2a1bd1e5",,,,,"https://lh3.googleusercontent.com/gps-cs-s/AHRPTWl6TzoSgJZXsumrnYacWM7oiapDwx_-Ce7yXxGXqsPsWJzcEUFej1YZHJbZM9PvBHtWoyVX2QXiNtOyIjkQI31S6kdm-BXyf-nfBsIitoCAEyOWf5C6qbdG1iRjl4vKCF8RNI-O=w408-h272-k-no","41","false","/g/11spp19fry","en",,"35.8313936","10.6324818",,,"Monday","8:30 AM to 5:30 PM","Tuesday","8:30 AM to 5:30 PM","Wednesday","8:30 AM to 5:30 PM","Thursday","8:30 AM to 5:30 PM","Friday","8:30 AM to 5:30 PM","Saturday","8:30 AM to 2 PM","Sunday","Closed","false","+216 58 240 150","+21658240150","ChIJX6FdKMF1AhMR5dEbKh2gfh4",,,,"4000",,"18",,"14","2026-07-14T13:59:35.704Z","https://www.google.com/maps/search/digital%20marketing%20agency%20Tunisia/@35.821271641904126,10.62865055495159,17z?hl=en","digital marketing agency Tunisia",,,"4 eme étage b42, Immeuble victoria, Trocadéro, rue de la république",,"false","Emmak Prod","4.7","https://www.google.com/maps/search/?api=1&query=Emmak%20Prod&query_place_id=ChIJX6FdKMF1AhMR5dEbKh2gfh4","http://www.emmak-prod.com/"
,,,,,,,,,,,,,,,,,,,,,,,,,,,,,,,,,,,,,,,,,,,"Sousse, Tunisia","Software company",,,,,,,,,,"Software company",,,"13136439253406295374","Sousse","false","TN",,"0x1302750048fa609b:0xb64e01e6b0c7a54e",,,,,"https://streetviewpixels-pa.googleapis.com/v1/thumbnail?panoid=I-ashb2OGUfWgeXXteJ5rw&cb_client=search.gws-prod.gps&w=408&h=240&yaw=191.23076&pitch=0&thumbfov=100","1","false","/g/11vwm0_8l9","en",,"35.8322824","10.6309482",,,"Monday","9 AM to 6 PM","Tuesday","9 AM to 6 PM","Wednesday","9 AM to 6 PM","Thursday","9 AM to 6 PM","Friday","9 AM to 6 PM","Saturday","Closed","Sunday","Closed","false","+216 50 740 663","+21650740663","ChIJm2D6SAB1AhMRTqXHsOYBTrY",,,,,,"9",,"17","2026-07-14T13:59:38.567Z","https://www.google.com/maps/search/digital%20marketing%20agency%20Tunisia/@35.82823447095207,10.62865055495159,17z?hl=en","digital marketing agency Tunisia",,,,,"false","Celestial Wave Digital","5","https://www.google.com/maps/search/?api=1&query=Celestial%20Wave%20Digital&query_place_id=ChIJm2D6SAB1AhMRTqXHsOYBTrY","http://www.celestialwavedigital.com/"
,"true",,,,,,,,,,,,,,,,,,,,,,,,,,,,,,,,,,,"true","true",,,,,"true","imm Avicenne, app 605, Rue ibn el jazza Sousse, 4000, Tunisia","Marketing agency","Advertising agency",,,,,,,,,"Marketing agency",,,"11382325443318008883","Sousse","false","TN",,"0x1302756efee2eb27:0x9df624af3edc4c33",,,,,"https://lh3.googleusercontent.com/gps-cs-s/AHRPTWndVat437cipaRH0otbJ63BHUbFDDjyMyKqfsKXXbzZagtsHw5H7Kyf0BpDYQF7KGMtVsoLCbsfMNlA0zamonVdKU72LNOPkeeO1ZoqdGB6lfPQOJgIR1um0dqDpg5ESMyWOjy5WA=w408-h262-k-no","2","false","/g/11jp_xms5f","en",,"35.8311064","10.6274989",,,"Monday","9 AM to 6 PM","Tuesday","9 AM to 6 PM","Wednesday","9 AM to 6 PM","Thursday","9 AM to 6 PM","Friday","9 AM to 6 PM","Saturday","9 AM to 6 PM","Sunday","9 AM to 6 PM","false","+216 51 992 992","+21651992992","ChIJJ-vi_m51AhMRM0zcPq8k9p0",,,,"4000",,"12",,"3","2026-07-14T13:59:38.567Z","https://www.google.com/maps/search/digital%20marketing%20agency%20Tunisia/@35.82823447095207,10.62865055495159,17z?hl=en","digital marketing agency Tunisia",,,"imm Avicenne, app 605, Rue ibn el jazza Sousse",,"false","Easycom agency - Agence de communication et publicité","5","https://www.google.com/maps/search/?api=1&query=Easycom%20agency%20-%20Agence%20de%20communication%20et%20publicit%C3%A9&query_place_id=ChIJJ-vi_m51AhMRM0zcPq8k9p0","http://www.easycom-agency.com/"
,,,,,,,,,,,,,,,,,,,,,,,,,,,,,,,,,,,,,,,,,,,"Immeuble AOUN, Av. du 20 Mars 1956, Sousse, Tunisia","Advertising agency",,,,,,,,,,"Advertising agency",,,"13704771314037052532","Sousse","false","TN",,"0x13027561de820817:0xbe3120e62d245474",,,,,"https://lh3.googleusercontent.com/gps-cs-s/AHRPTWk4YmnTzXQ2GgddWIiDFjWelRafqIecFwftANopa4Xc_2EUNLOM0zh4jvyfTh8wuVvmcbbgWZqeoCYhusmZ0zJcLu7pQPw1X6dBHyp4OkUw8n5NfVV6EK6C8p8uaLNwYosU9TU=w408-h408-k-no","16","false","/g/1pxq6n2k7","en",,"35.8305616","10.6249093",,,"Monday","9 AM to 5 PM","Tuesday","9 AM to 5 PM","Wednesday","9 AM to 5 PM","Thursday","9 AM to 5 PM","Friday","9 AM to 5 PM","Saturday","9 AM to 5 PM","Sunday","Closed","false","+216 36 388 525","+21636388525","ChIJFwiC3mF1AhMRdFQkLeYgMb4",,,,,,"13",,"6","2026-07-14T13:59:38.567Z","https://www.google.com/maps/search/digital%20marketing%20agency%20Tunisia/@35.82823447095207,10.62865055495159,17z?hl=en","digital marketing agency Tunisia",,,"Immeuble AOUN, Av. du 20 Mars 1956",,"false","CHEMEK BROTHERS ad. agency","4.3","https://www.google.com/maps/search/?api=1&query=CHEMEK%20BROTHERS%20ad.%20agency&query_place_id=ChIJFwiC3mF1AhMRdFQkLeYgMb4","http://www.chemekbrothers.com/"
,,,,,,,,,,,,,,,,,,,,,,,,,,,,,,,,,,,,,,,,,,,"13 Ave Habib Bougatfa, Le 2000, Tunisia","Marketing agency","Design agency","Design engineer","Graphic designer","Translation service","Website designer",,,,,"Marketing agency",,,"10653895094808467145","Le","false","TN",,"0x12fd33d06b1c3231:0x93da3d245855d6c9",,,,,"https://lh3.googleusercontent.com/gps-cs-s/APNQkAGBhDxsA1uK_j2P4Nzc9Q4agCJNJ6CVsMWIhCelsw96ce0gwB5isThM86D5jORi0SsrDrf7rzPzSQzSxOIyNOyHTgR9eQyDqDMs0vrXCoofhRF_XH2vhtokzDbXYOU8NvgdEDI=w457-h240-k-no","3","false","/g/11f62tpndy","en",,"36.818197","10.1420575",,"Ras Ettabia","Monday","9 AM to 4:30 PM","Tuesday","9 AM to 4:30 PM","Wednesday","9 AM to 4:30 PM","Thursday","9 AM to 4:30 PM","Friday","9 AM to 4:30 PM","Saturday","Closed","Sunday","Closed","false","+216 98 502 519","+21698502519","ChIJMTIca9Az_RIRydZVWCQ92pM",,,,"2000",,"20",,"12","2026-07-14T13:59:42.920Z","https://www.google.com/maps/search/digital%20marketing%20agency%20Tunisia/@35.8003831547603,10.637235124919316,17z?hl=en","digital marketing agency Tunisia",,,"13 Ave Habib Bougatfa",,"false","24-7 Digital Design","5","https://www.google.com/maps/search/?api=1&query=24-7%20Digital%20Design&query_place_id=ChIJMTIca9Az_RIRydZVWCQ92pM","http://www.24-7digital.com.tn/"
,,,,,,,,,,,,,,,,,,,,,,,,,,,,,,,,,,,,,,,,,,,"4000, Sousse 4000, Tunisia","Marketing agency",,,,,,,,,,"Marketing agency",,,"993015937149732038","Sousse","true","TN",,"0x130275af50ceb1fb:0xdc7e6bbce1c84c6",,,,,,"0","false","/g/11sjfvxwhg","en",,"35.8249565","10.6320427",,,"Monday","8 AM to 5 PM","Tuesday","8 AM to 5 PM","Wednesday","8 AM to 5 PM","Thursday","8 AM to 5 PM","Friday","8 AM to 5 PM","Saturday","8 AM to 5 PM","Sunday","Closed","false","+216 53 245 419","+21653245419","ChIJ-7HOUK91AhMRxoQczrvmxw0",,,,"4000",,"11",,,"2026-07-14T13:59:46.581Z","https://www.google.com/maps/search/digital%20marketing%20agency%20Tunisia/@35.821271641904126,10.637235124919316,17z?hl=en","digital marketing agency Tunisia",,,"4000",,"false","Olga Digital Agency",,"https://www.google.com/maps/search/?api=1&query=Olga%20Digital%20Agency&query_place_id=ChIJ-7HOUK91AhMRxoQczrvmxw0","https://digital.oia-tn.com/olga-digital-agency/"
,,,,,,,,,,,,,,,,,,,,,,,,,,,,,,,,,,,,,"true",,,,,"true","Avenue Habib Bourguiba, Sousse résidence, 6éme étage app N604, Sousse 4000, Tunisia","Marketing agency",,,,,,,,,,"Marketing agency",,,"163479168897463465","Sousse","false","TN",,"0x2f52903cff7ebda5:0x244cb701e4f34a9",,,,,"https://streetviewpixels-pa.googleapis.com/v1/thumbnail?panoid=bbqPAmSfaAJn2uney9joRw&cb_client=search.gws-prod.gps&w=408&h=240&yaw=235.27669&pitch=0&thumbfov=100","1","false","/g/11xp8mfnq4","en",,"35.8314464","10.6402308",,,"Monday","8 AM to 5 PM","Tuesday","8 AM to 5 PM","Wednesday","8 AM to 5 PM","Thursday","8 AM to 5 PM","Friday","8 AM to 5 PM","Saturday","Closed","Sunday","Closed","false","","","ChIJpb1-_zyQUi8RqTRPHnDLRAI",,,,"4000",,"3",,"2","2026-07-14T13:59:48.160Z","https://www.google.com/maps/search/digital%20marketing%20agency%20Tunisia/@35.83519730000001,10.637235124919316,17z?hl=en","digital marketing agency Tunisia",,,"Avenue Habib Bourguiba, Sousse résidence, 6éme étage app N604",,"false","MSIT DIGITAL","5","https://www.google.com/maps/search/?api=1&query=MSIT%20DIGITAL&query_place_id=ChIJpb1-_zyQUi8RqTRPHnDLRAI",
,,,,,,,,,,,,,,,,,,,,,,,,,,,,,,,,,,,,,,,,,,,"immeuble Saidane t, Building 2nd flour, Rue de l'indépendance, Sousse 4000, Tunisia","Training center",,,,,,,,,,"Training center",,,"13613581228047557773","Sousse","false","TN",,"0x1302759219c0c565:0xbced27ffc2b3648d",,,,,,"0","false","/g/11tdbkqm9k","en",,"35.8301811","10.6419343",,,"Monday","8 AM to 5 PM","Tuesday","8 AM to 5 PM","Wednesday","8 AM to 5 PM","Thursday","8 AM to 5 PM","Friday","8 AM to 5 PM","Saturday","8 AM to 1 PM","Sunday","Closed","false","+216 20 925 888","+21620925888","ChIJZcXAGZJ1AhMRjWSzwv8n7bw",,,,"4000",,"8",,"17","2026-07-14T13:59:48.161Z","https://www.google.com/maps/search/digital%20marketing%20agency%20Tunisia/@35.83519730000001,10.637235124919316,17z?hl=en","digital marketing agency Tunisia",,,"immeuble Saidane t, Building 2nd flour, Rue de l'indépendance",,"false","Io International","4.9","https://www.google.com/maps/search/?api=1&query=Io%20International&query_place_id=ChIJZcXAGZJ1AhMRjWSzwv8n7bw","https://io-international.com/"
,,,,,,,,,,,,,,,,,,,,,,,,,,,,,,,,,,,,,"true",,,,,"true","Immeuble 'Centre Ibrahim, Av. Habib Bourguiba, Sousse 4000, Tunisia","Marketing agency",,,,,,,,,,"Marketing agency",,,"169479809105089343","Sousse","false","TN",,"0x12fdf5b9bc4b6f5d:0x25a1cfd0a4f533f",,,,,"https://lh3.googleusercontent.com/gps-cs-s/APNQkAGO5o85AKEV9UiVXXaJFpymtaezCfJRWrRAaJEQwciAZ7u8zkmoFzpdTohfwii2frkzkR11yPe0kP25Skn3f8VLTuyvT4XiCaNsJPD133ya6GXHmvRt9FzM2QtKieJzbPUx5Z4Gmw=w513-h240-k-no","9","false","/g/11t88_k_rc","en",,"35.8299374","10.6403451",,,"Monday","8:30 AM to 6 PM","Tuesday","8:30 AM to 6 PM","Wednesday","8:30 AM to 6 PM","Thursday","8:30 AM to 6 PM","Friday","8:30 AM to 6 PM","Saturday","8:30 AM to 6 PM","Sunday","8:30 AM to 6 PM","false","+216 31 439 350","+21631439350","ChIJXW9LvLn1_RIRP1NPCv0cWgI",,,,"4000",,"11",,"9","2026-07-14T13:59:48.161Z","https://www.google.com/maps/search/digital%20marketing%20agency%20Tunisia/@35.83519730000001,10.637235124919316,17z?hl=en","digital marketing agency Tunisia",,,"Immeuble 'Centre Ibrahim, Av. Habib Bourguiba",,"false","Visioad","5","https://www.google.com/maps/search/?api=1&query=Visioad&query_place_id=ChIJXW9LvLn1_RIRP1NPCv0cWgI","http://www.visioad.com/"
,,,,,,,,,,,,,,,,,,,,,,,,,,,,,,,,,,,,,,,,,,,"2ème étage, Immeuble Centre Ibrahim, Av. Habib Bourguiba, Sousse 4000, Tunisia","Marketing agency",,,,,,,,,,"Marketing agency",,,"17031105942014273229","Sousse","false","TN",,"0x130275260da6e811:0xec5aa49e9dce26cd",,,,,"https://streetviewpixels-pa.googleapis.com/v1/thumbnail?panoid=ZEYu2ifwNetWbigNcOCvUw&cb_client=search.gws-prod.gps&w=408&h=240&yaw=285.50452&pitch=0&thumbfov=100","1","false","/g/11mkztm_xr","en",,"35.8298356","10.6403388",,,"Monday","8 AM to 6 PM","Tuesday","8 AM to 6 PM","Wednesday","8 AM to 6 PM","Thursday","8 AM to 6 PM","Friday","8 AM to 6 PM","Saturday","Closed","Sunday","Closed","false","+216 55 555 839","+21655555839","ChIJEeimDSZ1AhMRzSbOnZ6kWuw",,,,"4000",,"12",,,"2026-07-14T13:59:48.161Z","https://www.google.com/maps/search/digital%20marketing%20agency%20Tunisia/@35.83519730000001,10.637235124919316,17z?hl=en","digital marketing agency Tunisia",,,"2ème étage, Immeuble Centre Ibrahim, Av. Habib Bourguiba",,"false","Kontesh : Agence marketing digital - SEO - Google & Facebook Ads",,"https://www.google.com/maps/search/?api=1&query=Kontesh%20%3A%20Agence%20marketing%20digital%20-%20SEO%20-%20Google%20%26%20Facebook%20Ads&query_place_id=ChIJEeimDSZ1AhMRzSbOnZ6kWuw","https://kontesh.com/"
,,,,"true",,,,,,,,,,,,,,,,,,,,,"true",,,,"true",,,,,,,"true","true",,,,,"true","Yasser Arafat Ave, Arafet 4054, Tunisia","Marketing agency","Branding agency","E commerce agency","Advertising agency",,,,,,,"Marketing agency",,,"11978239076971701511","Arafet","false","TN",,"0x12fd8b0e477ed989:0xa63b40fa2199e507",,,,,"https://lh3.googleusercontent.com/gps-cs-s/APNQkAFVkrk4-7nSihmkHjOE0p9P7TtF86wGNX6oRONsBDiLDwnCb0xUAngNaeOF5D0vxIi0zM4_OPzh-LFC5YcQvHR7zaMeQaDuVzfwy5CwDtP4joKPIGVCHUMQdcNcCIBwAe9RfpuAt3xb2sgp=w408-h272-k-no","18","false","/g/11hs_ynysq","en",,"35.8352834","10.5949188",,"Sahloul","Monday","9 AM to 7 PM","Tuesday","9 AM to 7 PM","Wednesday","9 AM to 7 PM","Thursday","9 AM to 7 PM","Friday","9 AM to 7 PM","Saturday","9 AM to 5 PM","Sunday","11 AM to 5 PM","false","+216 25 667 034","+21625667034","ChIJidl-Rw6L_RIRB-WZIfpAO6Y",,,,"4054",,"4",,"20","2026-07-14T13:59:50.773Z","https://www.google.com/maps/search/digital%20marketing%20agency%20Tunisia/@35.83519730000001,10.585727705112964,17z?hl=en","digital marketing agency Tunisia",,,"Yasser Arafat Ave",,"false","Advery Agency","5","https://www.google.com/maps/search/?api=1&query=Advery%20Agency&query_place_id=ChIJidl-Rw6L_RIRB-WZIfpAO6Y","https://www.advery.agency/"
,,,,,,,,,,,,,,,,,,,,,,,,,,"true",,,,,,,,,,,"true",,,,,"true","Résidence Moussa, Rue de la Turquie, 1ᵉʳ étage, Sousse 4054, Tunisia","Marketing agency",,,,,,,,,,"Marketing agency",,,"2671682044611642557","Sousse","false","TN",,"0x12fd8b547d40e72f:0x2513b8aa15ddc4bd",,,,,"https://lh3.googleusercontent.com/gps-cs-s/APNQkAFXlFNADyyUwaYgdJ9ZmGal2CiAZBPBGhhPlmDK757LC3nKunse43xZ6hyhdrrGeeD43OXza1vlt-JIlu-xyB6B_ih0XqVCBYOsomS1bN0wX2DUyknF-EQCMilMLvp3NyqhtxsTPw=w408-h407-k-no","1","false","/g/11vl1xxhcm","en",,"35.8384886","10.5943594",,"Sahloul","Monday","8 AM to 6 PM","Tuesday","8 AM to 6 PM","Wednesday","8 AM to 6 PM","Thursday","8 AM to 6 PM","Friday","8 AM to 6 PM","Saturday","9 AM to 3 PM","Sunday","8 AM to 6 PM","false","","","ChIJL-dAfVSL_RIRvcTdFaq4EyU",,,,"4054",,"6",,"1","2026-07-14T13:59:50.773Z","https://www.google.com/maps/search/digital%20marketing%20agency%20Tunisia/@35.83519730000001,10.585727705112964,17z?hl=en","digital marketing agency Tunisia",,,"Résidence Moussa, Rue de la Turquie, 1ᵉʳ étage",,"false","Ija Taw","5","https://www.google.com/maps/search/?api=1&query=Ija%20Taw&query_place_id=ChIJL-dAfVSL_RIRvcTdFaq4EyU","https://www.ijataw.com/"
,,,,,,,,,,,,,,,,,,,,,,,,,,,,,,,,,,,,,,,,,,,"N°204، Imm. Mehdi, Yasser Arafat Ave, Sousse 4054, Tunisia","Marketing agency","Internet marketing service",,,,,,,,,"Marketing agency",,,"12950823357576776408","Sousse","false","TN",,"0x12fd8af51d61302b:0xb3ba913a31320ad8",,,,,"https://lh3.googleusercontent.com/gps-cs-s/APNQkAE2SqcmW5-o_NNjWhF1PNy05K-84FwF_ZNb3JS3Jfx5Yk-dPIdPI8q_0YoSmYW0lNa3zJa2hJJdVDPEFx4EmT0nyWIk-CEeHsIzfbCyedgEsKwov9DDGsfxCwXSIKxR_KDQT7eD=w426-h240-k-no","5","false","/g/11c148h0gm","en",,"35.8351377","10.5949583",,"Sahloul","Monday","8 AM to 5 PM","Tuesday","8 AM to 5 PM","Wednesday","8 AM to 5 PM","Thursday","8 AM to 5 PM","Friday","8 AM to 5 PM","Saturday","8 AM to 12 PM","Sunday","Closed","false","+216 73 820 315","+21673820315","ChIJKzBhHfWK_RIR2AoyMTqRurM",,,,"4054",,"8",,"1","2026-07-14T13:59:50.773Z","https://www.google.com/maps/search/digital%20marketing%20agency%20Tunisia/@35.83519730000001,10.585727705112964,17z?hl=en","digital marketing agency Tunisia",,,"N°204، Imm. Mehdi, Yasser Arafat Ave","Optimal Solution","false","Optimal Solution LTD","5","https://www.google.com/maps/search/?api=1&query=Optimal%20Solution%20LTD&query_place_id=ChIJKzBhHfWK_RIR2AoyMTqRurM",
,,,,,,,,,,,,,,,,,,,,,,,,,,,,,,,,,,,,,"true",,,,,"true","Immeuble Jaiam، 01 Yasser Arafat Ave, Sousse 4051, Tunisia","Internet marketing service","Advertising agency","Branding agency","Marketing agency","Website designer",,,,,,"Internet marketing service",,,"8247653740253112346","Sousse","false","TN",,"0x12fd8b0b1a9afd49:0x72758d60fa35681a",,,,,"https://streetviewpixels-pa.googleapis.com/v1/thumbnail?panoid=HrL9zyXEhNvh4pmW1V5RxQ&cb_client=search.gws-prod.gps&w=408&h=240&yaw=132.64322&pitch=0&thumbfov=100","8","false","/g/11fjz8y2_w","en",,"35.8374551","10.5964347",,"Sahloul","Monday","9 AM to 12:30 PM, 1:30 to 5:30 PM","Tuesday","9 AM to 12:30 PM, 1:30 to 5:30 PM","Wednesday","9 AM to 12:30 PM, 1:30 to 5:30 PM","Thursday","9 AM to 12:30 PM, 1:30 to 5:30 PM","Friday","9 AM to 12:30 PM, 1:30 to 5:30 PM","Saturday","9 AM to 3 PM","Sunday","Closed","false","+216 58 084 275","+21658084275","ChIJSf2aGguL_RIRGmg1-mCNdXI",,,,"4051",,"9",,"1","2026-07-14T13:59:50.773Z","https://www.google.com/maps/search/digital%20marketing%20agency%20Tunisia/@35.83519730000001,10.585727705112964,17z?hl=en","digital marketing agency Tunisia",,,"Immeuble Jaiam، 01 Yasser Arafat Ave",,"false","Queen Bee Digital - Agence Marketing Digital & Web","5","https://www.google.com/maps/search/?api=1&query=Queen%20Bee%20Digital%20-%20Agence%20Marketing%20Digital%20%26%20Web&query_place_id=ChIJSf2aGguL_RIRGmg1-mCNdXI","https://www.queenbeedigital.tn/"
