date,theme,auteur,source,sentiment,post_url,produit_service,contenu_original,likes,type_contenu,langue,hashtags,promotion
2026-08-03T20:00:59.000Z,Concours Ooredoo,ooredootn,instagram,positif,https://www.instagram.com/p/DblzFVHjy_J/,Oppo A6c et Oppo Enco Buds 2,"⁨	.
تحب تربح Oppo A6c📱 و إلا Oppo Enco Buds 2 🎧؟
زيد في صوت الـVideo 🔊 تبّع الحسّ 🎶 و طلّع البلاصة الي في التصويرة باش تعرف وين باش نحفلوها بالـOoredoo Beach Tour by @oppotunisie 🌊⛱️ نهار الأربعاء 5 أ",221,promotion produit,mixte,[],Gagner un Oppo A6c ou des Oppo Enco Buds 2 en participant à un concours
2026-08-04T11:09:42.000Z,Ooredoo Beach Tour,ooredootn,instagram,positif,https://www.instagram.com/p/DbnbEC_DpoW/,Ooredoo Beach Tour by Oppo,".
هكا كانت أجواء 🌊☀️ Ooredoo Beach Tour by Oppo في Rimmel Beach بنزرت نهار 1 أوت! 🏖️
الـTour مازال متواصل🎉 وبرشا كادوات 🎁 و مفاجآت🔥تستنّى فيكم في شطوط أخرين! 😍
تبعونا باش تعرفوا البلاصة الجاية وين و م",33,promotion produit,arabe,[],cadeaux et surprises
2026-08-04T15:00:17.000Z,Ooredoo Beach Tour,ooredootn,instagram,positif,https://www.instagram.com/p/Dbn1giRjSfT/,Ooredoo,"⁨	.
إيجا Activi صيفك و أغطس في الجوّ مع Ooredoo Beach Tour by @oppotunisie 🌊⛱️
تلقاونا غدوة 5 أوت في سيدي بوسعيد Plage 🤩 إبتداءً مالـ14H باش نحفلوها مع بعضنا : فما Animation و موزيكا و Des Challenges ",12,promotion produit,arabe,[],événement plage avec animations et challenges
2026-08-03T09:00:20.000Z,Jeux concours,ooredootn,instagram,positif,https://www.instagram.com/p/DbknhQxGIHL/,MFAWLA,"ـActivi صيفك بالربح 🥳
مع MFAWLA، شرجي إبتداءً من 2 دينارات و أدخل في القرعة بش تربح voyage للمغرب 😍🇲🇦✈️
فاش تستنى باش تشرجي على My Ooredoo 
✒️قانون اللعبة مودع لدى الأستاذة نور الهدى العجمي",15,promotion produit,mixte,[],Voyage au Maroc à gagner
2026-08-05T15:00:16.000Z,Téléphone offre,ooredootn,instagram,positif,https://www.instagram.com/p/DbqaTSCDYYj/,SPARK 30C 5G,"ـActivi صيفك مع Ooredoo و TECNO ⛱️🌊
خوذ الـ  SPARK 30C 5G 📱و زيد خوذ معاه Casque هديّة 🎧✨
ما تفلتش الفرصة و أدخل على My Ooredoo، عالـ E-shop و امشي لأقرب boutique ليك 🤩
⏳ في حدود الكميات المتوفرة 
فاش",8,promotion produit,mixte,[],Casque offert avec l'achat
2026-08-03T15:00:14.000Z,offre téléphonie,ooredootn,instagram,positif,https://www.instagram.com/p/DblQtPKDcAK/,Offre Nkalmek,".
خوذ الـOffre Nkalmek و Activi صيفك بأقوى أفار ! 
بـ36 في الشهر أكهاو🔥تكلّم En Illimité نحو كلّ المشغّلين في تونس🤙 و تمتّع بـ35Go انترنات🌐 و 150SMS💬 و زيد تنجم تختار Service بلاش 🎁 ما بين : SHAHID، V",17,promotion produit,mixte,[],"36 dinars par mois pour un forfait incluant appel illimité, 35Go d'internet, 150SMS et un service gratuit parmi SHAHID, VIU, MBC ou StarzPlay"
2026-08-02T15:00:04.000Z,Forfait internet,ooredootn,instagram,positif,https://www.instagram.com/p/Dbir5M9CfxG/,Forfait 55Go,"ـActivi صيفك بالأنترنات و زيدها فرجة وموزيكا بلاش 🍿🎶
الـForfait 55Go بـ49 دينار و 500 ملّيم أكهو كي تشريه بالبطاقة البنكيّة على My Ooredoo نزيدوك معاه حتى لـ5 services  بلاش لمدة شهر 🎁 
فاش تستنى باش ",16,promotion produit,mixte,[],49 dinars avec 5 services gratuits pendant 1 mois
2026-08-04T09:00:16.000Z,Mehrej Carthage,ooredootn,instagram,positif,https://www.instagram.com/p/DbnMTpHgcUU/,compte bancaire,"ـActivi صيفك بمهرجان قرطاج الدولي 🎶
مركي صاحبك إلي تحب تمشي معاه لسهرية فلكلور من العالم نهار 11 أوت باش تدخل فالقرعة و تربح 2 تساكر 😍
👍🏼 حط follow لل page
❤️ أعمل like عالـ publication
🔂 باش تقوي حظو",36,promotion produit,arabe,[],gagner 2 tickets pour un spectacle
2026-08-02T19:00:06.000Z,Offre Nkalmek,ooredootn,instagram,positif,https://www.instagram.com/p/DbjHXP8jale/,Offre Nkalmek,".
مع الـOffre Nkalmek✨ تمتع و Activi صيفك بالآفاريات !
بـ119 دينار تكلّم En Illimité نحو كلّ المشغّلين في تونس 📞 و كونكتي بـ200Go انترنات 🌐 و معاهم 1000SMS 💬 و تنجم زادة تختار زوز إشتراكات بلاش من بين",15,promotion produit,mixte,[],"119 dinars pour appel illimité, 200Go internet, 1000SMS, choix d'un abonnement gratuit parmi plusieurs options et 45 minutes de calls internationales"
2026-08-02T09:00:12.000Z,Forfait Ooredoo,ooredootn,instagram,positif,https://www.instagram.com/p/DbiCtYdjABw/,Forfait Les Boutiques Ooredoo,".
بدل Les Points Merci متاعك و ACTIVI صيفك بالأنترنات و مكالمات! 🌞🎁 
كل ما تشرجي فلوس، تشري Forfait مالـLes Boutiques Ooredoo و إلا تخلّص فاتورة، تربح Des Points MERCI ⭐ تنجم تبدّلهم و تاخو بيهم أنترن",10,promotion produit,arabe,[],gagner des points MERCI échangeables contre des internets ou des bonus de minutes
2026-08-05T09:01:35.000Z,mehragan kartaj,ooredootn,instagram,positif,https://www.instagram.com/p/DbpxMyDjUd0/,,هكا كانت أجواء حفلة سامي يوسف في مهرجان قرطاج الدولي! 🇹🇳🎉,45,actualité,arabe,[],
2026-08-01T09:00:21.000Z,Mehraj Carthage,ooredootn,instagram,positif,https://www.instagram.com/p/Dbfd7rOjM23/,compte bancaire,"ـActivi صيفك بمهرجان قرطاج الدولي 🎶
مركي صاحبك إلي تحب تمشي معاه لسهرية ميادة الحناوي و محمد خيري نهار 6 أوت باش تدخل فالقرعة و تربح 2 تساكر 😍
👍🏼 حط follow لل page
❤️ أعمل like عالـ publication
🔂 باش ",109,promotion produit,arabe,[],gagner 2 tickets pour un concert
2026-08-01T19:00:09.000Z,Roaming à l'étranger,ooredootn,instagram,positif,https://www.instagram.com/p/DbgiknMCHFt/,Roaming Passeport,".
مسافر لتركيا و تخمم كيفاش تقعد Connecté بنومروك ؟
ساهل برشا! Activi صيفك و خوذ الـRoaming Passeport باش تتمتّع بـ5Go أنترنات بـ30 دينار أكهاو 📶😎",11,promotion produit,mixte,[],5Go d'internet pour 30 dinars
2026-08-05T19:00:42.000Z,Offre internet,ooredootn,instagram,positif,https://www.instagram.com/p/Dbq10NMj2X3/,Fibre Box 100Mbps,"ـActivi صيفك بأقوى الافريّات 😎
خوذ الـFibre Box 100Mbps بسوم الـMbps50 🚀 و تمتّع بأكثر débit بـ64.9د في عوض 99.9د في الشهر ✨
وزيد نهديولك 2 services و répéteur wifi بلاش 🎁
فاش تستنى؟ أدخل على الـEshop",9,promotion produit,mixte,[],"Fibre Box 100Mbps au prix de 50Mbps, avec 2 services et répéteur wifi offerts"
2026-07-31T21:01:02.000Z,mehragan kartaj,ooredootn,instagram,positif,https://www.instagram.com/p/DbeLkL4ja0L/,,✨ هكا كانت أجواء حفلة يسرى محنوش في مهرجان قرطاج الدولي! 🇹🇳🎉,39,relations publiques,arabe,[],
2026-07-31T09:00:37.000Z,Gagner des séjours,orange_tunisie,instagram,positif,https://www.instagram.com/p/Dbc5Kvcjb3q/,Max it,"هيّا يلّا جوّ  على Max it في ال""Rubrique ""Tous gagnants
أكتيفي les options internet بش تربح تساكر للسهريات 💃🎁
✨ الجوّ  الكل عندك على Maxit من هوني👈 https://onelink.to/max-it",106,promotion produit,arabe,[],gagner des séjours en activant les options internet
2026-08-03T12:30:05.000Z,Offre internet,orange_tunisie,instagram,positif,https://www.instagram.com/p/Dbk_hgPIMZj/,Max it,"جسّيت Max it ؟ 📱 تلقى الفرجة بين يديك
اكتيفي الoption 30Go وأختار الservice إلي تحب عليه بش تشيخ بالفرجة
ب34.2 دينار أكهو من هوني👈https://onelink.to/max-it",4,promotion produit,arabe,[],Option 30Go à 34.2 dinars
2026-08-04T13:00:11.000Z,Offre internet,orange_tunisie,instagram,positif,https://www.instagram.com/p/Dbnnw7PDZ43/,MAXBOX 5G,"الصيف هبال مع الMAXBOX 5G ، أقوى انترنات للدار 😎
تمتع ب50Mbps و حفلها بأحسن BOX و أقوى Wifi ب 64.9 د في الشهر من هوني 👈 https://onelink.to/maxbox-5g
عرض مع إشتراك 24 شهر,  دفع مسبق لشهرين",5,promotion produit,arabe,[],"50Mbps, BOX et Wifi à 64.9 dinars par mois avec abonnement 24 mois et paiement anticipé de 2 mois"
2026-08-04T10:00:06.000Z,Gagner des séjours,orange_tunisie,instagram,positif,https://www.instagram.com/p/DbnTJ0VDx5-/,Max it,"هيّا يلّا جوّ  على Max it في ال""Rubrique ""Tous gagnants
أكتيفي les options internet بش تربح تساكر للسهريات 💃🎁
✨ الجوّ  الكل عندك على Maxit من هوني👈 https://onelink.to/max-it",34,promotion produit,arabe,[],gagner des séjours avec les options internet
2026-07-31T10:00:10.000Z,Offre Max Bonus,orange_tunisie,instagram,positif,https://www.instagram.com/p/Dbc_-69DGNk/,Max Bonus,"لـoffre Max Bonus ماتتراتاش 🎉
كل ما تشرجي أكثر تربح أكثر 🤩
تشرجي ب10 د ولا أكثر عندك 500% bonus 📲صالحة 14 يوم
من هوني👈 https://orange.tn/max-bonus
و إلا من هوني 👈https://onelink.to/nos-boutiques",8,promotion produit,mixte,[],"500% bonus pour un rechargement de 10 dinars, valable 14 jours"
2026-04-01T14:30:04.000Z,Internet 5G,orange_tunisie,instagram,positif,https://www.instagram.com/p/DWl6r1VD-15/,Maxbox 5G,"حبيتوها ، و أحسن Internet اخترتوها
الـMaxbox 5G élue produit de l'année 🥇🎉
أحسن Internet illimité للدّار بشهادة التّوانسة 🤩
من هوني👈 https://oran.ge/4iE5Q7i",115,promotion produit,arabe,[],Internet illimité
2026-07-06T12:00:19.000Z,Offre Giga Klem,orange_tunisie,instagram,positif,https://www.instagram.com/p/Dac12_rFdtX/,Giga Klem,"مع لـoffre Giga Klem الجديدة 🎉  حافلة حكايات  و انترنات
تمتّع ب29Go  و معاهم مكالمات illimités ب 29.9 دينار في الشهر أكهو 🤩
من هوني 👈https://onelink.to/mix_giga_klem
👈🏼بـ35 مليم الدقيقة hors forfait
👈",115,promotion produit,mixte,[],29Go et appel illimité pour 29.9 dinars par mois
2026-07-31T08:00:19.000Z,Promo Bébé Joue,orange_tunisie,instagram,positif,https://www.instagram.com/p/DbcyREpmJZP/,Maxit,"مع Orange وين ما تمشي، الأفاريات  تستنا فيك!
كان تحب تتمتع بالـdeal متع Bébé Joue  في العوينة
أدخل على Maxit، تلقى rubrique Win Win فيها الdeal
وتمتع ب des promos يعملو الكيف 😉
من هوني 👈https://onelin",1474,promotion produit,mixte,[],des promos avec Bébé Joue
2026-07-30T11:00:20.000Z,Gagner des prix,orange_tunisie,instagram,positif,https://www.instagram.com/p/DbaiEg-iKcZ/,Maxit,"على Maxit الربح يولي double 😎
جاوب على ال quiz على digitala3 و إربح 30 مليون كاش، des iPhone 16 و برشة كادوات أخرين 🤩🥳
من هوني 👈https://ekl.tn/Digitala3",19,promotion produit,arabe,[],"Gagner 30 millions de cash, des iPhone 16 et d'autres cadeaux"
2026-07-28T14:00:14.000Z,Promo parfum,orange_tunisie,instagram,positif,https://www.instagram.com/p/DbVtEmZDIv3/,AMBRA Parfum,"مع Orange وين ما تمشي، الأفاريات  تستنا فيك!
كان تحب تتمتع بالـdeal متع AMBRA Parfum في المروج 6
أدخل على Maxit، تلقى rubrique Win Win فيها الdeal
وتمتع ب des promos يعملو الكيف 😉
من هوني 👈https://one",1970,promotion produit,mixte,[],des promos
2026-08-03T13:51:17.000Z,Offre Giga Klem,orange_tunisie,instagram,positif,https://www.instagram.com/p/DblI0N6FacM/,Giga Klem,"مع لـoffre Giga Klem 🎉 حافلة حكايات و انترنات
تمتّع ب35Go و معاهم مكالمات illimités ب 35.9 دينار في الشهر أكهو 🤩
من هوني 👈https://onelink.to/mix_giga_klem
👈🏼بـ35 مليم الدقيقة hors forfait
👈🏼عرض متوفّر",3,promotion produit,mixte,[],35Go et appel illimités pour 35.9 dinars par mois
2026-08-03T19:21:23.000Z,Orange Tunisie,orange_tunisie,instagram,positif,https://www.instagram.com/p/DbluYcTI0e5/,services Orange,"من بنزرت لحمّامات و صفاقس
كنا حاضرين حفّلتوها 💃 بالجوّ والربح مع Orange 
ومزال بش نزيدو نحفّلوها 😎 إستناونا 😉",55,promotion produit,arabe,[],joie et gains avec Orange
2026-08-05T13:00:06.000Z,Offre Max Bonus,orange_tunisie,instagram,positif,https://www.instagram.com/p/DbqMjKRDyvY/,Max Bonus,"لـoffre Max Bonus ماتتراتاش 🎉

كل ما تشرجي أكثر تربح أكثر 🤩

تشرجي ب10 د ولا أكثر عندك 500% bonus 📲صالحة 14 يوم ولا شرجي من 5 د حتى لأقل من 10 د عندك 300% Bonus
 صالح 7 أيام

من هوني👈
https://orange.t",4,promotion produit,arabe,[],"500% bonus pour un rechargement de 10 dinars ou plus, valable 14 jours, ou 300% bonus pour un rechargement de 5 dinars ou plus, valable 7 jours"
2026-07-30T13:44:15.000Z,Offre Airbox,orange_tunisie,instagram,positif,https://www.instagram.com/p/Dba01RhlRlp/,Airbox prépayée,"عيش صيفك مع الAirbox prépayée 😎
تمتّع ب 150Go ب129د 💸 و كونكتي وين ماتكون من هوني 👈 https://onelink.to/nos-boutiques
👈عرض متوفّر بدون إشتراك",7,promotion produit,arabe,[],150Go pour 129 dinars sans abonnement
2026-08-01T13:00:35.000Z,Offre Flybox,orange_tunisie,instagram,positif,https://www.instagram.com/p/Dbf5bKDjcNf/,Flybox Prépayée,"صيف السنة حفّلها انترنات وين ماتكون مع الـFlybox Prépayée🤩
إشري توّا و تمتع بـ220Go بـ169دينار 💸
و تمتع بالعرض من هوني👈https://onelink.to/flybox-prepayee
📌عرض من غير إشتراك",5,promotion produit,arabe,[],220Go pour 169 dinars
2026-07-29T09:00:08.000Z,Offre mobile,tunisietelecom,instagram,positif,https://www.instagram.com/p/DbXvhackfpM/,forfait 29 Go,"وقيت باش إنت زادا تفنسي بال Offre Fancy de TT 🤩
أكتيفي الforfait 29 Go و معاه des appels illimités ب 29.6 دينار أكهو 📱
كلنا على موجة ال illimité 🌊
*Offre à engagement 12 Mois
*Tarif hors forfait 50 mi",927,promotion produit,mixte,[],des appels illimités pour 29.6 dinars
2026-07-25T06:00:34.000Z,Jour de la République,tunisietelecom,instagram,positif,https://www.instagram.com/p/DbNHysuDOTH/,,"25 جويلية 1957
ذكرى عيد الجمهورية التونسية 🇹🇳",1111,relations publiques,arabe,[],
2026-07-24T16:36:57.000Z,événement sportif,tunisietelecom,instagram,positif,https://www.instagram.com/p/DbLr05KjR6n/,,"كلنا على موجة الBEACHVOLLEY مع TT !
نستناوكم 25 و 26 جويلة في جزيرة قرقنة على شاطئ Grand Hôtel ...
كونوا في الموعد !",756,relations publiques,arabe,[],
2026-07-22T11:25:59.000Z,vitesse et sécurité,tunisietelecom,instagram,positif,https://www.instagram.com/p/DbF-nP3FeP-/,,"⁨	الأسرع...والسلام⁩",12419,autre,arabe,[],
2026-07-31T11:02:25.000Z,forfait internet,tunisietelecom,instagram,positif,https://www.instagram.com/p/DbdHG20jd-r/,forfait PASS-PARTOUT,"مع forfait PASS-PARTOUT متع TT، كلنا على فرد موجة ال connexion حتى في تركيا✈️📱
كمبوزي #235* و اختار الforfait الي يساعدك 🙌
و حتى كان قعدلك الforfait، كمّل استعملو في تونس",729,promotion produit,arabe,['#235'],"connexion internet à l'étranger, notamment en Turquie"
2026-08-03T08:00:41.000Z,FIBA 3X3 Youth,tunisietelecom,instagram,positif,https://www.instagram.com/p/DbkgsWzDyqc/,,"مستقبل كرة السلة التونسية يبدأ من هنا 🔥🏀
اتصالات تونس ديما مع شبابنا ومواهبنا اللي ينوروا في البلاد 🇹🇳✨
كونوا في الموعد مع FIBA 3X3 Youth Nations League 2026 في المنستير من 3 لـ 9 أوت 🏆📍",1838,relations publiques,arabe,[],
2026-07-21T16:55:39.000Z,vitesse et sécurité,tunisietelecom,instagram,positif,https://www.instagram.com/p/DbD_lI7DbGa/,,الأسرع...والسلام,12178,autre,arabe,[],
2026-08-01T15:18:10.000Z,Fibre optique,tunisietelecom,instagram,positif,https://www.instagram.com/p/DbgJKzuDQbs/,Fibre TT,"Fibre TT, الأسرع و السلام",4823,promotion produit,mixte,[],
2026-08-04T12:00:13.000Z,Concours tickets,tunisietelecom,instagram,positif,https://www.instagram.com/p/Dbng5sbjXjk/,tickets,"تحب تكون من الحاضرين في Le Café Délires نهار 10 ولا 11 أوت 😍 ؟ 
مركي صاحبك في commentaire واربح 2 تساكر 🎟️",1308,promotion produit,arabe,[],gagner 2 tickets
2026-08-03T17:00:07.000Z,Offre internet,tunisietelecom,instagram,positif,https://www.instagram.com/p/DblebW0j2_e/,SOS SOLDE,وفالك Solde ولّا وفاتلك الinternet ؟ TT توفرلك SOS SOLDE، كومبوزي #150* و خوذ تسبقة في Solde ولّا في internet توصل لـ55Go ! 💰📶,802,promotion produit,arabe,['150*'],55Go pour le combo #150*
2026-07-20T16:09:49.000Z,mehragan nabel,tunisietelecom,instagram,positif,https://www.instagram.com/p/DbBViqYDT6S/,,كلنا على موجة الفن في مهرجان نابل الدولي 🎶,1308,relations publiques,arabe,[],
2026-07-17T18:00:09.000Z,Forfait internet,tunisietelecom,instagram,positif,https://www.instagram.com/p/Da5zyGpiZVx/,forfait 4Go,"كلنا على فرد موجة مع أنترنات TT 📱
كومبوزي #140* وأختار forfait 4Go ب 10 دينارات أكهو 🥳",1096,promotion produit,arabe,['#140*'],10 dinars
2026-07-18T09:00:12.000Z,Offre forfait,tunisietelecom,instagram,positif,https://www.instagram.com/p/Da7ayS4j2gK/,forfait 30 GO,"ماتفلّتش حتى ماتش الصيف هذا ⚽🔥
أكتيفي forfait 30 GO على #7*140* واتمتع بـ abonnement بلاش لـ FOOT 24 MAX صالح شهر كامل 🎁🤩
مع Internet TT كلنا على موجة الـ FOOT! 🌊🚀",1068,promotion produit,arabe,['7*140*'],abonnement gratuit à FOOT 24 MAX pour un mois
2026-07-17T10:41:04.000Z,forfait internet,tunisietelecom,instagram,positif,https://www.instagram.com/p/Da5BiQGDZEW/,forfait PASS-PARTOUT,"مع forfait PASS-PARTOUT متع TT، كلنا على فرد موجة ال connexion حتى في تركيا✈️📱
كمبوزي #235* و اختار الforfait الي يساعدك 🙌
و حتى كان قعدلك الforfait، كمّل استعملو في تونس",1137,promotion produit,arabe,['#235'],"connexion internet à l'étranger, notamment en Turquie"
,,,,,,,,,,,,
