content,url,page_name,likes,date_posted
"مع الأنترنات بالملّي📊 ركّح أنترناتك على كيفك أختار الoption internet بالسوم إلّي يساعدك
ولّا بالGiga زيد تمتّع ب5% تخفيض و أعمل أقوى آفار 💰حصريََا على Max it
من هوني 👈https://onelink.to/max-it",https://www.facebook.com/reel/1727165658483500/,orange.tn,0,2026-08-06T10:01:08.000Z
"مركي صاحبك ولا صاحبتك في commentaire وإربح 2 تساكر 🎟️🎟️
بش تمشيو لسهرية مرتضى   نهار 10 أوت في مهرجان صفاقس  برشة جوّ يستنا فيكم 🤩",https://www.facebook.com/orange.tn/posts/pfbid0KPVD9oCzLw9kUyCRYe92iCH8RxDccphxherfx2qBXAyFwfkkdgbinKvZQVGEwmnMl,orange.tn,21,2026-08-06T09:00:14.000Z
"لـoffre Max Bonus ماتتراتاش 🎉
كل ما تشرجي أكثر تربح أكثر 🤩
تشرجي ب10 د ولا أكثر عندك 500% bonus 📲صالحة 14 يوم ولا شرجي من 5 د حتى لأقل من 10 د عندك 300% Bonus
صالح 7 أيام من هوني👈https://orange.tn/max-bonus 
و إلا من هوني 👈https://onelink.to/nos-boutiques",https://www.facebook.com/orange.tn/posts/pfbid034heSLYUaCN3UGoH8ed5v4dNDDbVB9zHRgYBKxLgCEpQufPRVMchrXuiQCFYQvSgCl,orange.tn,15,2026-08-05T13:00:01.000Z
"تحب تكون من الحاضرين في Le Café Délires نهار 10 ولا 11 أوت 😍 ؟ 
مركي صاحبك في commentaire واربح 2 تساكر 🎟️",https://www.facebook.com/TunisieTelecom/posts/pfbid0nx71DDNsyno1vDCMr1ccPBi9wLyu2huy1jhNDiFSGkXoMUFis9BCweehjzJnfebol,TunisieTelecom,1593,2026-08-04T12:00:18.000Z
وفالك Solde ولّا وفاتلك الinternet ؟ TT توفرلك SOS SOLDE، كومبوزي #150* و خوذ تسبقة في Solde ولّا في internet توصل لـ55Go ! 💰📶,https://www.facebook.com/TunisieTelecom/posts/pfbid0sHHdfMGXEBPnKPRjK27W2R1ts3eP6XMCe9GSVXCs4XhvgcL6fvXbDRpXJ9dFF4Cel,TunisieTelecom,1020,2026-08-03T17:00:02.000Z
"مستقبل كرة السلة التونسية يبدأ من هنا 🔥🏀
اتصالات تونس ديما مع شبابنا ومواهبنا اللي ينوروا في البلاد 🇹🇳✨
كونوا في الموعد مع FIBA 3X3 Youth Nations League 2026 في المنستير من 3 لـ 9 أوت 🏆📍",https://www.facebook.com/TunisieTelecom/posts/pfbid031nb7kp9T5dtmaLm5f5sGnXiLxa7o3SrouRjW53eMdpBUPMFbdXwz6HoEnzaypJVTl,TunisieTelecom,2106,2026-08-03T03:51:41.000Z
"ـActivi صيفك بأقوى الافريّات 😎
خوذ الـFibre Box 100Mbps بسوم الـMbps50 🚀 و تمتّع بأكثر débit بـ64.9د في عوض 99.9د في الشهر ✨
وزيد نهديولك 2 services و répéteur wifi بلاش 🎁
من هوني 👈 https://ore.do/fibre
📌مع إشتراك 12 شهر أو 24 شهر في المناطق إلّي تتوفّر فيها الخدمة. عرض صالح حتّى لـ31 أوت.",https://www.facebook.com/ooredootn/posts/pfbid05kUg4e2GKkw5FLRjWMPssBAjknCuRLYJwfr7KB21pz4L2yi7fBauCfrEbhEBXd5il,ooredootn,36,2026-08-05T19:00:48.000Z
"ـActivi صيفك مع Ooredoo و TECNO ⛱️🌊
خوذ الـ  SPARK 30C 5G 📱و زيد خوذ معاه Casque هديّة 🎧✨
ما تفلتش الفرصة و أدخل على My Ooredoo، عالـ E-shop و امشي لأقرب boutique ليك 🤩
⏳ في حدود الكميات المتوفرة 
فاش تستنى  من هوني 👈 https://ore.do/tecnospark30c5g",https://www.facebook.com/ooredootn/posts/pfbid0357fxZ8WzSPRxez6SoHci7vaHkhTuz1CH7iRATJoyt4PDLxHQGLFfqGtrHPxgAMvWl,ooredootn,44,2026-08-05T15:00:09.000Z
هكا كانت أجواء حفلة سامي يوسف في مهرجان قرطاج الدولي! 🇹🇳🎉,https://www.facebook.com/reel/1473955788095791/,ooredootn,31,2026-08-05T09:01:10.000Z
"مركي صاحبك ولا صاحبتك في commentaire وإربح 2 تساكر 🎟️🎟️
بش تمشيو لسهرية Boutchart نهار 9 أوت في مهرجان بنزرت  برشة جوّ يستنا فيكم 🤩",https://www.facebook.com/orange.tn/posts/pfbid02zdka3YcH5bXf3dNeZhCGzcChLJ8aN7Moh53ovVfcDKr3L4K2MiNJ7ACuEEaEhiS5l,orange.tn,39,2026-08-05T12:00:15.000Z
"مبروك للرابحة 💃
إلي ربحت معانا زوز تساكر بش تحضر في سهرية الحضرة و مرشد بو ليلة نهار 6 أوت🎟️🎟️  في مهرجان صفاقس",https://www.facebook.com/orange.tn/posts/pfbid0369dRiPsG7c2E6GCsDxoAPypZZ5hyNBXmbNzbs1H6JXqoGXw2EXPQ2NXZaRbwf6Url,orange.tn,9,2026-08-05T11:11:07.000Z
"خلّص فاتوراتك بالcarte bancaire💳 ليك و للعزاز عليك و تليشرجيهم وقت ماتحب و وين ما تحب على Max it 💸📱
من هوني 👈https://onelink.to/max-it",https://www.facebook.com/orange.tn/posts/pfbid02Tq5HMu9NxMV3HyGYhGEBN5Q2UhdefWhDpRKU8vac1u8xB87M4Z7b6aWc7jqUzXYLl,orange.tn,17,2026-08-05T09:00:00.000Z
"FIBRE TT, الأسرع...و السلام",https://www.facebook.com/TunisieTelecom/posts/pfbid02QRx5Q5rBFDTYDuNGiLeDPqa3F4BWkCRQDTbHPKoWy8e1UezAmRU5BiCKb4QHqUJzl,TunisieTelecom,7028,2026-08-01T10:05:23.000Z
"مع forfait PASS-PARTOUT متع TT، كلنا على فرد موجة ال connexion حتى في تركيا✈️📱
كمبوزي #235* و اختار الforfait الي يساعدك 🙌
و حتى كان قعدلك الforfait، كمّل استعملو في تونس",https://www.facebook.com/TunisieTelecom/posts/pfbid02HtLUCr2g5KMyuxBU1iXQUYxWxZwbtYY3YTHj3eVq1yCYX3iCaN8JuNMUPacChuiil,TunisieTelecom,762,2026-07-31T11:01:05.000Z
"وقيت باش إنت زادا تفنسي بال Offre Fancy de TT 🤩
أكتيفي الforfait 29 Go و معاه des appels illimités ب 29.6 دينار أكهو 📱
كلنا على موجة ال illimité 🌊
*Offre à engagement 12 Mois
*Tarif hors forfait 50 millimes/min",https://www.facebook.com/TunisieTelecom/posts/pfbid0cMMtqdcc2RhGxpEz5TQbsBTQhXrvTBStSkfM5hfk7QSfBzSecTheTprNaZdsHRrbl,TunisieTelecom,1166,2026-07-29T09:00:21.000Z
"إيجا Activi صيفك و أغطس في الجوّ مع Ooredoo Beach Tour by Oppo 🌊⛱️
تلقاونا غدوة 5 أوت في سيدي بوسعيد Plage 🤩 إبتداءً مالـ14H باش نحفلوها مع بعضنا : فما Animation و موزيكا و Des Challenges و برشا كادوات تستنّا 🎁🎉",https://www.facebook.com/ooredootn/posts/pfbid0pSVM1XNcKZBphAFcFbyrJM4JgLTjKPk6gpbpEukzZPoQiJpMXfaB7MnrdwegyDv7l,ooredootn,558,2026-08-04T15:00:14.000Z
"هكا كانت أجواء 🌊☀️ Ooredoo Beach Tour by OPPO  في Rimmel Beach بنزرت نهار 1 أوت! 🏖️

الـTour مازال متواصل🎉 وبرشا كادوات 🎁 و مفاجآت🔥تستنّى فيكم في شطوط أخرين! 😍
تبعونا باش تعرفوا البلاصة الجاية وين و ما يفوتكم حتى تفصيل! 👀",https://www.facebook.com/ooredootn/posts/pfbid02dpKokrG12VRsLks5FqCCidX1sd7uuf1NEibVFfVbdVrAm2G9VQ4S3rfTrYMGSTBxl,ooredootn,184,2026-08-04T11:10:13.000Z
"ـActivi صيفك بمهرجان قرطاج الدولي 🎶
مركي صاحبك إلي تحب تمشي معاه لسهرية فلكلور من العالم نهار 11 أوت باش تدخل فالقرعة و تربح 2 تساكر 😍
👍🏼 حط follow لل page
❤️ أعمل like عالـ publication
🔂 باش تقوي حظوظك في الربح، partagi اللعبة",https://www.facebook.com/ooredootn/posts/pfbid03T8f6R8YdByZfL26Ldk1YXrZiL682wcmWMJ2mGGhWVs7VYBKe5HfM8tRNTjGquHGl,ooredootn,51,2026-08-04T09:00:17.000Z
"مركي صاحبك ولا صاحبتك في commentaire وإربح 2 تساكر 🎟️🎟️
بش تمشيو لسهرية الحضرة  و مرشد بو ليلة نهار 6 أوت في مهرجان صفاقس  برشة جوّ يستنا فيكم 🤩",https://www.facebook.com/orange.tn/posts/pfbid0xrL9zqmsM2NyDYoBgMhtaoA8AH9V669Cn6U5Ypm8PaRnzL4ss4HA5D29EefgNFprl,orange.tn,62,2026-08-04T19:00:01.000Z
"الصيف هبال مع الMAXBOX 5G ، أقوى انترنات للدار 😎
تمتع ب50Mbps و حفلها بأحسن BOX و أقوى Wifi ب 64.9 د في الشهر من هوني 👈 https://onelink.to/maxbox-5g
عرض مع إشتراك 24 شهر,  دفع مسبق لشهرين",https://www.facebook.com/orange.tn/posts/pfbid02H7fmCihkXnmrAYe7QeYbQiNq7XDYm9FwSTfaAoK98YkCeKyitw9NEEqDLH3GAnmpl,orange.tn,293,2026-08-04T13:00:24.000Z
"هيّا يلّا جوّ  على Max it في ال""Rubrique ""Tous gagnants
أكتيفي les options internet بش تربح تساكر للسهريات  💃🎁
✨ الجوّ  الكل عندك على Maxit من هوني👈 https://onelink.to/max-it",https://www.facebook.com/orange.tn/posts/pfbid0MM4mGa8brGExwmg5XUHqM9x3NWwTPEMDvAXCVdZCZWm8WkxAJXUHD2p2WLPhABG7l,orange.tn,423,2026-08-04T10:00:06.000Z
"تحب تربح Oppo A6c📱 و إلا Oppo Enco Buds 2 🎧؟
زيد في صوت الـVideo 🔊 تبّع الحسّ 🎶 و طلّع البلاصة الي في التصويرة باش تعرف وين باش نحفلوها بالـOoredoo Beach Tour by OPPO  🌊⛱️ نهار الأربعاء 5 أوت!
باش تدخل في القرعة :
👍🏼 حط Follow للـPage
❤️ أعمل Like عالـPublication
🔂 باش تقوي حظوظك في الربح Partagi اللعبة 

تبعونا... برشا جو و برشا كادوات تستنا فيكم",https://www.facebook.com/ooredootn/posts/pfbid0rixjnbWLGgwRaadBULXgtkfsFBonEmp4qsx2nZZ8pGVdCSm4pzepLVfnUneDkxMtl,ooredootn,258,2026-08-03T20:00:45.000Z
"خوذ الـOffre Nkalmek و Activi صيفك بأقوى أفار ! 
بـ36 في الشهر أكهاو🔥تكلّم En Illimité نحو كلّ المشغّلين في تونس🤙 و تمتّع بـ35Go انترنات🌐 و 150SMS💬 و زيد تنجم تختار Service بلاش 🎁 ما بين : SHAHID، VIU ،MBC و إلا StarzPlay 📽️ أكثر تفاصيل : https://ore.do/nkalmek

📌العرض صالح للخطوط بالفاتورة مع إشتراك 12 شهر
📌35 مليم / الدقيقة Hors Forfait",https://www.facebook.com/ooredootn/posts/pfbid02kLjmB6R5pqNVbYZwkPdU8s6omLMTAsu6vKeMuTjMN7F55ES6zDXfFrGgvQhwR7Qpl,ooredootn,28,2026-08-03T15:00:06.000Z
"ـActivi صيفك بالربح 🥳
مع MFAWLA، شرجي إبتداءً من 2 دينارات و أدخل في القرعة بش تربح voyage للمغرب 😍🇲🇦✈️
فاش تستنى باش تشرجي 👈http://ore.do/myo_mfawla
✒️قانون اللعبة مودع لدى الأستاذة نور الهدى العجمي",https://www.facebook.com/ooredootn/posts/pfbid0FgzqtXGXBspiLus7UdCZYP7w5HXRhuSmQF36fHNfjL5rmr579ecAitcsU3V3jzukl,ooredootn,26,2026-08-03T09:00:12.000Z
"من بنزرت لحمّامات و صفاقس
كنا  حاضرين حفّلتوها 💃 بالجوّ والربح مع Orange 
ومزال بش نزيدو نحفّلوها 😎 إستناونا 😉",https://www.facebook.com/reel/1056823773449306/,orange.tn,261,2026-08-03T19:23:18.000Z
"مع لـoffre Giga Klem 🎉 حافلة حكايات و انترنات
تمتّع ب35Go و معاهم مكالمات illimités ب 35.9 دينار في الشهر أكهو 🤩
من هوني 👈https://onelink.to/mix_giga_klem
👈🏼بـ35 مليم الدقيقة hors forfait
👈🏼عرض متوفّر مع إشتراك 12 شهر",https://www.facebook.com/orange.tn/posts/pfbid0YZxVMEiH6CUUQZ8xhFNcV2MfX6mbyPbWi4thgChqpUSBpMgiKVK5px9ATMUft8Ael,orange.tn,478,2026-08-03T13:51:15.000Z
"جسّيت Max it ؟ 📱 تلقى الفرجة بين يديك
اكتيفي الoption 30Go وأختار الservice إلي تحب عليه بش تشيخ بالفرجة
ب34.2 دينار أكهو من هوني👈https://onelink.to/max-it",https://www.facebook.com/orange.tn/posts/pfbid02mv9Uaj8Ssbb4bCKVjLmbr7RpswpvSgzCLKq3Zs47cLyFERa2Kj6rpah1rquVgGMbl,orange.tn,511,2026-08-03T12:30:06.000Z
"مع الـOffre Nkalmek✨ تمتع و Activi صيفك بالآفاريات !
بـ119 دينار تكلّم En Illimité نحو كلّ المشغّلين في تونس 📞 و كونكتي بـ200Go انترنات 🌐 و معاهم 1000SMS 💬 و تنجم زادة تختار زوز إشتراكات بلاش من بين : MBC SHAHID ، VIU، TOD ANGHAMI،  و إلا STARZPLAY 🤩 و زيد معاهم 45 دقيقة مكالمات دولية 🌍 و 2.5Go انترنات en Roaming ✈️

أكثر تفاصيل : https://ore.do/nkalmek
📌العرض صالح للخطوط بالفاتورة مع إشتراك 12 شهر
📌35 مليم / الدقيقة Hors Forfait",https://www.facebook.com/ooredootn/posts/pfbid049kx4aFc8vnjAFA8MDaprXjaVNSmesAFkcpTAg2g9NDtivnsrfgrBaUy2rQ3VVG2l,ooredootn,498,2026-08-02T19:00:05.000Z
"ـActivi صيفك بالأنترنات و زيدها فرجة وموزيكا بلاش 🍿🎶
الـForfait 55Go بـ49 دينار و 500 ملّيم أكهو كي تشريه بالبطاقة البنكيّة على My Ooredoo نزيدوك معاه حتى لـ5 services  بلاش لمدة شهر   🎁 
من هوني 👈 https://ore.do/myo_internet",https://www.facebook.com/ooredootn/posts/pfbid02VYEiwvSjusB2uSKNeM6iDZXfbcT5aYMZMnme7SH1sMgYTDQvhxzNWiAgW5SgbX3hl,ooredootn,462,2026-08-02T15:00:04.000Z
"بدل Les Points Merci متاعك و ACTIVI صيفك بالأنترنات و مكالمات! 🌞🎁 
كل ما تشرجي فلوس، تشري Forfait مالـLes Boutiques Ooredoo و إلا تخلّص فاتورة، تربح Des Points MERCI ⭐ تنجم تبدّلهم و تاخو بيهم أنترنات🌐 و إلا Bonus تستعملو في المكالمات 📞

إستعمل الكود *222*8# و إلا أدخل على My Ooredoo من هنا https://ore.do/myo-merci",https://www.facebook.com/ooredootn/posts/pfbid023MzsCS7sibJcSUDQ9b5dj6zGv2wTJgcKV4pB6LD6fz7PDhJ6b4HihrXR4TeCJU18l,ooredootn,29,2026-08-02T09:00:10.000Z
"تحب تتمتع بالـ Big Bonus متاع TT؟🎁
أعمل Puce TT وتمتع بـ %500 Bonus على كل Recharge⚡️
معناها تشرجي 10 دينارات ، تلقى 50 دينار Bonus 💰📞
كلنا على موجة ال big bonus 📱",https://www.facebook.com/TunisieTelecom/posts/pfbid02QqebU4dGhor8MYK3A8YUHoGgotdnaGhx2pnFU72muy5RA5szywq6FYkCmHSggJKNl,TunisieTelecom,1392,2026-07-27T13:43:55.000Z
"25 جويلية 1957
ذكرى عيد الجمهورية التونسية 🇹🇳",https://www.facebook.com/TunisieTelecom/posts/pfbid0KwhmeMDQNf4JJyDV9Z2bTuBYw5pzJsx4AQG4LxnXusH5dJwwiHmiM7gXQoVhr6ZZl,TunisieTelecom,653,2026-07-25T06:00:40.000Z
"كلنا على موجة الBEACHVOLLEY مع TT !
نستناوكم 25 و 26 جويلة في جزيرة قرقنة على شاطئ Grand Hôtel ...
كونوا في الموعد !",https://www.facebook.com/TunisieTelecom/posts/pfbid0hduvwHWt7oiYRdg9apJ37yLvibiuYiup3spDr1YQPihBbmokf5qbpkSGtxqHWqrCl,TunisieTelecom,1332,2026-07-24T16:36:36.000Z
"مبروك للرابحة 💃
إلي ربحت معانا زوز تساكر بش تحضر في سهرية الشامي🎟️🎟️  اليوم في مهرجان صفاقس",https://www.facebook.com/orange.tn/posts/pfbid02AeyCEbr78mGQWCfQMxgQJ4aamMzXCgGFFeDgYhozofMG8feYNgBSRmWsPhvJDy53l,orange.tn,52,2026-08-03T10:43:18.000Z
"مع Orange 📱 جنڨل بالمكالمات والأنترنات
أحكي و كونكتي 💸📱 مع صحابك و أحبابك ب 25Go انترنات
معاها 11 ساعة مكالمات 😮 صالحين لمدة 30 يوم ب35 دينار أكهو
على Max it من هوني 👈https://onelink.to/max-it
ولّا كومبوزي *202#",https://www.facebook.com/orange.tn/posts/pfbid03716ngy84pxpuZ2aAjuVHLUoZjVzasaMqsa7awCuxgVf9aoiPf9dACLfAwys6WXzCl,orange.tn,1830,2026-08-02T10:00:01.000Z
"صيف السنة حفّلها انترنات وين ماتكون مع الـFlybox Prépayée🤩
إشري توّا و تمتع بـ220Go بـ169دينار 💸
و تمتع بالعرض من هوني👈https://onelink.to/flybox-prepayee
📌عرض من غير إشتراك",https://www.facebook.com/orange.tn/posts/pfbid02PmBSW8vBgCVTEeEgZTFXJuZgVeZj33iixY5eTM5WpNGspjTRqjqTJtLTRMZ71G2Jl,orange.tn,956,2026-08-01T13:00:28.000Z
"مسافر لتركيا و تخمم كيفاش تقعد Connecté بنومروك ؟
ساهل برشا! Activi صيفك و خوذ الـRoaming Passeport باش تتمتّع بـ5Go أنترنات بـ30 دينار أكهاو 📶😎
أكثر تفاصيل من هوني 👈 https://ore.do/myo_roaming_passeport",https://www.facebook.com/ooredootn/posts/pfbid0GidJuBMU5MmezbLCzZJ49nX741NoGQkdWypjGKN89AjKSd7XWuZCSpHPRAZRw2rTl,ooredootn,584,2026-08-01T19:00:04.000Z
"ـActivi صيفك بمهرجان قرطاج الدولي 🎶
مركي صاحبك إلي تحب تمشي معاه لسهرية ميادة الحناوي و محمد خيري نهار 6 أوت باش تدخل فالقرعة و تربح 2 تساكر 😍
👍🏼 حط follow لل page
❤️ أعمل like عالـ publication
🔂 باش تقوي حظوظك في الربح، partagi اللعبة",https://www.facebook.com/ooredootn/posts/pfbid0g2yYApEg5SWvKC8r6hiNGSd73rDVzG6FJkHr3vhNiy7WHV3JDHzugRrNEoAbF6Lel,ooredootn,117,2026-08-01T09:00:16.000Z
✨ هكا كانت أجواء حفلة يسرى محنوش في مهرجان قرطاج الدولي! 🇹🇳🎉,https://www.facebook.com/reel/2102941807312460/,ooredootn,68,2026-07-31T21:00:45.000Z
الأسرع...والسلام,https://www.facebook.com/reel/1954733841834862/,TunisieTelecom,2705,2026-07-21T19:00:30.000Z
الأسرع...والسلام,https://www.facebook.com/TunisieTelecom/posts/pfbid02zALgxgAr4UR93tvZZp8kJ9uRcDXdCXMBU3cYgM1RPvyRqpYAavFqNVECvNioyCBnl,TunisieTelecom,18351,2026-07-21T16:51:52.000Z
كلنا على موجة الفن في مهرجان نابل الدولي 🎶,https://www.facebook.com/TunisieTelecom/posts/pfbid02hrUKvc3uHnZjpnqRvZCm2DEzcAaP2gGUDsBriU8N4B8HQpdNmDJj3ccCdx4QHRrgl,TunisieTelecom,2909,2026-07-20T16:08:52.000Z
"ماتفلّتش حتى ماتش الصيف هذا ⚽🔥
أكتيفي forfait 30 GO على #7*140* واتمتع بـ abonnement بلاش لـ FOOT 24 MAX صالح شهر كامل 🎁🤩
مع Internet TT كلنا على موجة الـ FOOT! 🌊🚀",https://www.facebook.com/TunisieTelecom/posts/pfbid0w6mMzMsTxiebkFW72v8N1qQLqGToi4tqCnpGHecR3ifjUnFrByFkPs5aZ9QK2HHml,TunisieTelecom,1544,2026-07-18T09:00:02.000Z
"كلنا على فرد موجة مع أنترنات TT 📱
كومبوزي #140* وأختار forfait 4Go ب 10 دينارات أكهو 🥳",https://www.facebook.com/TunisieTelecom/posts/pfbid037X2MaVvKCbR7fyUBhqE5QA6vZbKLHGVtFuGvKShPYzYrc6r2coMjFnup86HpmrNVl,TunisieTelecom,1715,2026-07-17T18:00:04.000Z
"مع forfait PASS-PARTOUT متع TT، كلنا على فرد موجة ال connexion حتى في تركيا✈️📱
كمبوزي #235* و اختار الforfait الي يساعدك 🙌
و حتى كان قعدلك الforfait، كمّل استعملو في تونس",https://www.facebook.com/TunisieTelecom/posts/pfbid02NaGbPVKViKwx2RgLWoWCCrBAYhhmmQB5YaMGbnEpWamGuSSQx7BJGVUxrZrKUYH8l,TunisieTelecom,1864,2026-07-17T10:40:12.000Z
