langue,produit_service,date,promotion,source,post_url,auteur,likes,type_contenu,hashtags,sentiment,contenu_original,theme
arabe,Max it,2026-08-04T10:00:06.000Z,gagner des séjours,instagram,https://www.instagram.com/p/DbnTJ0VDx5-/,orange_tunisie,34,promotion produit,[],positif,"هيّا يلّا جوّ  على Max it في ال""Rubrique ""Tous gagnants
أكتيفي les options internet بش تربح تساكر للسهريات 💃🎁
✨ الجوّ  الكل عندك على Maxit من هوني👈 https://onelink.to/max-it",Gagner des séjours
arabe,MAXBOX 5G,2026-08-04T13:00:11.000Z,50Mbps pour 64.9 dinars par mois avec un engagement de 24 mois et deux mois de paiement anticipé,instagram,https://www.instagram.com/p/Dbnnw7PDZ43/,orange_tunisie,5,promotion produit,[],positif,"الصيف هبال مع الMAXBOX 5G ، أقوى انترنات للدار 😎
تمتع ب50Mbps و حفلها بأحسن BOX و أقوى Wifi ب 64.9 د في الشهر من هوني 👈 https://onelink.to/maxbox-5g
عرض مع إشتراك 24 شهر,  دفع مسبق لشهرين",Offre internet
arabe,Max Bonus,2026-08-05T13:00:06.000Z,"500% bonus pour un rechargement de 10 dinars, valable 14 jours, ou 300% bonus pour un rechargement de 5 dinars, valable 7 jours",instagram,https://www.instagram.com/p/DbqMjKRDyvY/,orange_tunisie,3,promotion produit,[],positif,"لـoffre Max Bonus ماتتراتاش 🎉

كل ما تشرجي أكثر تربح أكثر 🤩

تشرجي ب10 د ولا أكثر عندك 500% bonus 📲صالحة 14 يوم ولا شرجي من 5 د حتى لأقل من 10 د عندك 300% Bonus
 صالح 7 أيام

من هوني👈
https://orange.t",Offre Max Bonus
arabe,Max it,2026-07-31T09:00:37.000Z,gagner des séjours en activant les options internet,instagram,https://www.instagram.com/p/Dbc5Kvcjb3q/,orange_tunisie,104,promotion produit,[],positif,"هيّا يلّا جوّ  على Max it في ال""Rubrique ""Tous gagnants
أكتيفي les options internet بش تربح تساكر للسهريات 💃🎁
✨ الجوّ  الكل عندك على Maxit من هوني👈 https://onelink.to/max-it",Gagner des séjours
arabe,Orange,2026-08-03T19:21:23.000Z,Jo et gagnez avec Orange,instagram,https://www.instagram.com/p/DbluYcTI0e5/,orange_tunisie,54,promotion produit,[],positif,"من بنزرت لحمّامات و صفاقس
كنا حاضرين حفّلتوها 💃 بالجوّ والربح مع Orange 
ومزال بش نزيدو نحفّلوها 😎 إستناونا 😉",Orange Tunisie
mixte,AMBRA Parfum,2026-07-28T14:00:14.000Z,des promos,instagram,https://www.instagram.com/p/DbVtEmZDIv3/,orange_tunisie,1970,promotion produit,[],positif,"مع Orange وين ما تمشي، الأفاريات  تستنا فيك!
كان تحب تتمتع بالـdeal متع AMBRA Parfum في المروج 6
أدخل على Maxit، تلقى rubrique Win Win فيها الdeal
وتمتع ب des promos يعملو الكيف 😉
من هوني 👈https://one",Promo parfum
arabe,Max Bonus,2026-07-31T10:00:10.000Z,"500% bonus pour un achat de 10 dinars, valable 14 jours",instagram,https://www.instagram.com/p/Dbc_-69DGNk/,orange_tunisie,8,promotion produit,[],positif,"لـoffre Max Bonus ماتتراتاش 🎉
كل ما تشرجي أكثر تربح أكثر 🤩
تشرجي ب10 د ولا أكثر عندك 500% bonus 📲صالحة 14 يوم
من هوني👈 https://orange.tn/max-bonus
و إلا من هوني 👈https://onelink.to/nos-boutiques",Offre Max Bonus
arabe,Airbox prépayée,2026-07-30T13:44:15.000Z,150Go pour 129 dinars,instagram,https://www.instagram.com/p/Dba01RhlRlp/,orange_tunisie,7,promotion produit,[],positif,"عيش صيفك مع الAirbox prépayée 😎
تمتّع ب 150Go ب129د 💸 و كونكتي وين ماتكون من هوني 👈 https://onelink.to/nos-boutiques
👈عرض متوفّر بدون إشتراك",offre internet
mixte,Maxit,2026-07-31T08:00:19.000Z,des promos,instagram,https://www.instagram.com/p/DbcyREpmJZP/,orange_tunisie,1474,promotion produit,[],positif,"مع Orange وين ما تمشي، الأفاريات  تستنا فيك!
كان تحب تتمتع بالـdeal متع Bébé Joue  في العوينة
أدخل على Maxit، تلقى rubrique Win Win فيها الdeal
وتمتع ب des promos يعملو الكيف 😉
من هوني 👈https://onelin",Promo Bébé Joue
arabe,Maxit,2026-07-30T11:00:20.000Z,"Gagner 30 millions de cash, des iPhone 16 et d'autres cadeaux",instagram,https://www.instagram.com/p/DbaiEg-iKcZ/,orange_tunisie,19,promotion produit,[],positif,"على Maxit الربح يولي double 😎
جاوب على ال quiz على digitala3 و إربح 30 مليون كاش، des iPhone 16 و برشة كادوات أخرين 🤩🥳
من هوني 👈https://ekl.tn/Digitala3",Gagner des prix
mixte,Giga Klem,2026-07-06T12:00:19.000Z,29Go et appel illimité pour 29.9 dinars par mois,instagram,https://www.instagram.com/p/Dac12_rFdtX/,orange_tunisie,115,promotion produit,[],positif,"مع لـoffre Giga Klem الجديدة 🎉  حافلة حكايات  و انترنات
تمتّع ب29Go  و معاهم مكالمات illimités ب 29.9 دينار في الشهر أكهو 🤩
من هوني 👈https://onelink.to/mix_giga_klem
👈🏼بـ35 مليم الدقيقة hors forfait
👈",Offre Giga Klem
arabe,Maxbox 5G,2026-04-01T14:30:04.000Z,Internet illimité,instagram,https://www.instagram.com/p/DWl6r1VD-15/,orange_tunisie,115,promotion produit,[],positif,"حبيتوها ، و أحسن Internet اخترتوها
الـMaxbox 5G élue produit de l'année 🥇🎉
أحسن Internet illimité للدّار بشهادة التّوانسة 🤩
من هوني👈 https://oran.ge/4iE5Q7i",Internet 5G
arabe,Flybox Prépayée,2026-08-01T13:00:35.000Z,220Go pour 169 dinars,instagram,https://www.instagram.com/p/Dbf5bKDjcNf/,orange_tunisie,5,promotion produit,[],positif,"صيف السنة حفّلها انترنات وين ماتكون مع الـFlybox Prépayée🤩
إشري توّا و تمتع بـ220Go بـ169دينار 💸
و تمتع بالعرض من هوني👈https://onelink.to/flybox-prepayee
📌عرض من غير إشتراك",Offre Flybox
mixte,Giga Klem,2026-08-03T13:51:17.000Z,35Go et appel illimités pour 35.9 dinars par mois,instagram,https://www.instagram.com/p/DblI0N6FacM/,orange_tunisie,3,promotion produit,[],positif,"مع لـoffre Giga Klem 🎉 حافلة حكايات و انترنات
تمتّع ب35Go و معاهم مكالمات illimités ب 35.9 دينار في الشهر أكهو 🤩
من هوني 👈https://onelink.to/mix_giga_klem
👈🏼بـ35 مليم الدقيقة hors forfait
👈🏼عرض متوفّر",Offre Giga Klem
arabe,Max it,2026-08-03T12:30:05.000Z,Option 30Go à 34.2 dinars,instagram,https://www.instagram.com/p/Dbk_hgPIMZj/,orange_tunisie,4,promotion produit,[],positif,"جسّيت Max it ؟ 📱 تلقى الفرجة بين يديك
اكتيفي الoption 30Go وأختار الservice إلي تحب عليه بش تشيخ بالفرجة
ب34.2 دينار أكهو من هوني👈https://onelink.to/max-it",Offre internet
français,,2026-07-27T16:21:25.000Z,,instagram,https://www.instagram.com/p/DbTYbZuNT4L/,lecafedelires,138,relations publiques,[],positif,"Le Café Délires est fier d’accueillir Tunisie Telecom comme partenaire officiel. 💙

Merci de nous accompagner et de soutenir chacun de nos événements. L’aventure continue.",Partenariat officiel
arabe,,2026-07-20T16:09:49.000Z,,instagram,https://www.instagram.com/p/DbBViqYDT6S/,tunisietelecom,1308,relations publiques,[],positif,كلنا على موجة الفن في مهرجان نابل الدولي 🎶,mehragan nabel
arabe,,2026-07-22T11:25:59.000Z,,instagram,https://www.instagram.com/p/DbF-nP3FeP-/,tunisietelecom,12419,autre,[],positif,⁨	الأسرع...والسلام⁩,vitesse et sécurité
mixte,Fibre TT,2026-08-01T15:18:10.000Z,,instagram,https://www.instagram.com/p/DbgJKzuDQbs/,tunisietelecom,4806,promotion produit,[],positif,"Fibre TT, الأسرع و السلام",Fibre optique
arabe,forfait 30 GO,2026-07-18T09:00:12.000Z,abonnement gratuit à FOOT 24 MAX pour un mois,instagram,https://www.instagram.com/p/Da7ayS4j2gK/,tunisietelecom,1068,promotion produit,['7*140*'],positif,"ماتفلّتش حتى ماتش الصيف هذا ⚽🔥
أكتيفي forfait 30 GO على #7*140* واتمتع بـ abonnement بلاش لـ FOOT 24 MAX صالح شهر كامل 🎁🤩
مع Internet TT كلنا على موجة الـ FOOT! 🌊🚀",Offre forfait
arabe,,2026-07-24T16:36:57.000Z,,instagram,https://www.instagram.com/p/DbLr05KjR6n/,tunisietelecom,756,relations publiques,[],positif,"كلنا على موجة الBEACHVOLLEY مع TT !
نستناوكم 25 و 26 جويلة في جزيرة قرقنة على شاطئ Grand Hôtel ...
كونوا في الموعد !",beach volley
arabe,,2026-07-25T06:00:34.000Z,,instagram,https://www.instagram.com/p/DbNHysuDOTH/,tunisietelecom,1111,relations publiques,[],positif,"25 جويلية 1957
ذكرى عيد الجمهورية التونسية 🇹🇳",Jour de la République
arabe,,2026-07-21T16:55:39.000Z,,instagram,https://www.instagram.com/p/DbD_lI7DbGa/,tunisietelecom,12148,autre,[],positif,الأسرع...والسلام,vitesse et sécurité
arabe,tickets,2026-08-04T12:00:13.000Z,2 tickets à gagner,instagram,https://www.instagram.com/p/Dbng5sbjXjk/,tunisietelecom,1273,promotion produit,[],positif,"تحب تكون من الحاضرين في Le Café Délires نهار 10 ولا 11 أوت 😍 ؟ 
مركي صاحبك في commentaire واربح 2 تساكر 🎟️",Concours tickets
arabe,,2026-08-03T08:00:41.000Z,,instagram,https://www.instagram.com/p/DbkgsWzDyqc/,tunisietelecom,1822,relations publiques,[],positif,"مستقبل كرة السلة التونسية يبدأ من هنا 🔥🏀
اتصالات تونس ديما مع شبابنا ومواهبنا اللي ينوروا في البلاد 🇹🇳✨
كونوا في الموعد مع FIBA 3X3 Youth Nations League 2026 في المنستير من 3 لـ 9 أوت 🏆📍",FIBA 3X3 Youth
arabe,forfait 4Go,2026-07-17T18:00:09.000Z,10 dinars,instagram,https://www.instagram.com/p/Da5zyGpiZVx/,tunisietelecom,1096,promotion produit,['#140*'],positif,"كلنا على فرد موجة مع أنترنات TT 📱
كومبوزي #140* وأختار forfait 4Go ب 10 دينارات أكهو 🥳",offre internet
arabe,SOS SOLDE,2026-08-03T17:00:07.000Z,55Go pour le combo #150*,instagram,https://www.instagram.com/p/DblebW0j2_e/,tunisietelecom,789,promotion produit,['#150*'],positif,وفالك Solde ولّا وفاتلك الinternet ؟ TT توفرلك SOS SOLDE، كومبوزي #150* و خوذ تسبقة في Solde ولّا في internet توصل لـ55Go ! 💰📶,Offre internet
arabe,forfait PASS-PARTOUT,2026-07-31T11:02:25.000Z,"connexion internet à l'étranger, notamment en Turquie",instagram,https://www.instagram.com/p/DbdHG20jd-r/,tunisietelecom,729,promotion produit,['#235'],positif,"مع forfait PASS-PARTOUT متع TT، كلنا على فرد موجة ال connexion حتى في تركيا✈️📱
كمبوزي #235* و اختار الforfait الي يساعدك 🙌
و حتى كان قعدلك الforfait، كمّل استعملو في تونس",forfait internet
mixte,Forfait 29 Go,2026-07-29T09:00:08.000Z,29.6 dinars avec appels illimités,instagram,https://www.instagram.com/p/DbXvhackfpM/,tunisietelecom,927,promotion produit,[],positif,"وقيت باش إنت زادا تفنسي بال Offre Fancy de TT 🤩
أكتيفي الforfait 29 Go و معاه des appels illimités ب 29.6 دينار أكهو 📱
كلنا على موجة ال illimité 🌊
*Offre à engagement 12 Mois
*Tarif hors forfait 50 mi",Offre téléphonie
arabe,forfait PASS-PARTOUT,2026-07-17T10:41:04.000Z,"connexion internet à l'étranger, notamment en Turquie",instagram,https://www.instagram.com/p/Da5BiQGDZEW/,tunisietelecom,1137,promotion produit,['#235'],positif,"مع forfait PASS-PARTOUT متع TT، كلنا على فرد موجة ال connexion حتى في تركيا✈️📱
كمبوزي #235* و اختار الforfait الي يساعدك 🙌
و حتى كان قعدلك الforfait، كمّل استعملو في تونس",forfait internet
arabe,,2026-08-04T09:00:16.000Z,Gagner 2 tickets pour une soirée de folklore,instagram,https://www.instagram.com/p/DbnMTpHgcUU/,ooredootn,36,promotion produit,[],positif,"ـActivi صيفك بمهرجان قرطاج الدولي 🎶
مركي صاحبك إلي تحب تمشي معاه لسهرية فلكلور من العالم نهار 11 أوت باش تدخل فالقرعة و تربح 2 تساكر 😍
👍🏼 حط follow لل page
❤️ أعمل like عالـ publication
🔂 باش تقوي حظو",Mehragan Cartage
arabe,,2026-07-31T21:01:02.000Z,,instagram,https://www.instagram.com/p/DbeLkL4ja0L/,ooredootn,39,relations publiques,[],positif,✨ هكا كانت أجواء حفلة يسرى محنوش في مهرجان قرطاج الدولي! 🇹🇳🎉,Festival de musique
mixte,Oppo A6c et Oppo Enco Buds 2,2026-08-03T20:00:59.000Z,Concours pour gagner un Oppo A6c ou des Oppo Enco Buds 2,instagram,https://www.instagram.com/p/DblzFVHjy_J/,ooredootn,219,promotion produit,[],positif,"⁨	.
تحب تربح Oppo A6c📱 و إلا Oppo Enco Buds 2 🎧؟
زيد في صوت الـVideo 🔊 تبّع الحسّ 🎶 و طلّع البلاصة الي في التصويرة باش تعرف وين باش نحفلوها بالـOoredoo Beach Tour by @oppotunisie 🌊⛱️ نهار الأربعاء 5 أ",Concours Ooredoo
arabe,,2026-08-05T09:01:35.000Z,,instagram,https://www.instagram.com/p/DbpxMyDjUd0/,ooredootn,45,actualité,[],positif,هكا كانت أجواء حفلة سامي يوسف في مهرجان قرطاج الدولي! 🇹🇳🎉,mehragan kartaj
mixte,MFAWLA,2026-08-03T09:00:20.000Z,achat à partir de 2 dinars pour participer à un concours pour gagner un voyage au Maroc,instagram,https://www.instagram.com/p/DbknhQxGIHL/,ooredootn,15,promotion produit,[],positif,"ـActivi صيفك بالربح 🥳
مع MFAWLA، شرجي إبتداءً من 2 دينارات و أدخل في القرعة بش تربح voyage للمغرب 😍🇲🇦✈️
فاش تستنى باش تشرجي على My Ooredoo 
✒️قانون اللعبة مودع لدى الأستاذة نور الهدى العجمي",jeu concours voyage
arabe,Ooredoo Beach Tour,2026-08-04T11:09:42.000Z,cadeaux et surprises,instagram,https://www.instagram.com/p/DbnbEC_DpoW/,ooredootn,33,promotion produit,[],positif,".
هكا كانت أجواء 🌊☀️ Ooredoo Beach Tour by Oppo في Rimmel Beach بنزرت نهار 1 أوت! 🏖️
الـTour مازال متواصل🎉 وبرشا كادوات 🎁 و مفاجآت🔥تستنّى فيكم في شطوط أخرين! 😍
تبعونا باش تعرفوا البلاصة الجاية وين و م",Ooredoo Beach Tour
arabe,Forfait Les Boutiques Ooredoo,2026-08-02T09:00:12.000Z,"gagner des points MERCI en achetant le forfait ou en payant la facture, échangeables contre des données internet ou des bonus de appel",instagram,https://www.instagram.com/p/DbiCtYdjABw/,ooredootn,10,promotion produit,[],positif,".
بدل Les Points Merci متاعك و ACTIVI صيفك بالأنترنات و مكالمات! 🌞🎁 
كل ما تشرجي فلوس، تشري Forfait مالـLes Boutiques Ooredoo و إلا تخلّص فاتورة، تربح Des Points MERCI ⭐ تنجم تبدّلهم و تاخو بيهم أنترن",Forfait Ooredoo
mixte,Forfait 55Go,2026-08-02T15:00:04.000Z,49 dinars avec 500 minutes et 5 services gratuits pendant 1 mois,instagram,https://www.instagram.com/p/Dbir5M9CfxG/,ooredootn,16,promotion produit,[],positif,"ـActivi صيفك بالأنترنات و زيدها فرجة وموزيكا بلاش 🍿🎶
الـForfait 55Go بـ49 دينار و 500 ملّيم أكهو كي تشريه بالبطاقة البنكيّة على My Ooredoo نزيدوك معاه حتى لـ5 services  بلاش لمدة شهر 🎁 
فاش تستنى باش ",Forfait internet
mixte,Roaming Passeport,2026-08-01T19:00:09.000Z,5Go d'internet pour 30 dinars,instagram,https://www.instagram.com/p/DbgiknMCHFt/,ooredootn,11,promotion produit,[],positif,".
مسافر لتركيا و تخمم كيفاش تقعد Connecté بنومروك ؟
ساهل برشا! Activi صيفك و خوذ الـRoaming Passeport باش تتمتّع بـ5Go أنترنات بـ30 دينار أكهاو 📶😎",Roaming à l'étranger
mixte,Compte bancaire,2026-08-01T09:00:21.000Z,Gagner 2 tickets pour un concert,instagram,https://www.instagram.com/p/Dbfd7rOjM23/,ooredootn,109,promotion produit,[],positif,"ـActivi صيفك بمهرجان قرطاج الدولي 🎶
مركي صاحبك إلي تحب تمشي معاه لسهرية ميادة الحناوي و محمد خيري نهار 6 أوت باش تدخل فالقرعة و تربح 2 تساكر 😍
👍🏼 حط follow لل page
❤️ أعمل like عالـ publication
🔂 باش ",Concours festival
mixte,Offre Nkalmek,2026-08-02T19:00:06.000Z,"119 dinars pour appel illimité, 200Go internet, 1000SMS, choix d'un abonnement gratuit parmi plusieurs options et 45 minutes de calls internationales",instagram,https://www.instagram.com/p/DbjHXP8jale/,ooredootn,15,promotion produit,[],positif,".
مع الـOffre Nkalmek✨ تمتع و Activi صيفك بالآفاريات !
بـ119 دينار تكلّم En Illimité نحو كلّ المشغّلين في تونس 📞 و كونكتي بـ200Go انترنات 🌐 و معاهم 1000SMS 💬 و تنجم زادة تختار زوز إشتراكات بلاش من بين",Offre Nkalmek
mixte,SPARK 30C 5G,2026-08-05T15:00:16.000Z,Casque offert avec l'achat,instagram,https://www.instagram.com/p/DbqaTSCDYYj/,ooredootn,8,promotion produit,[],positif,"ـActivi صيفك مع Ooredoo و TECNO ⛱️🌊
خوذ الـ  SPARK 30C 5G 📱و زيد خوذ معاه Casque هديّة 🎧✨
ما تفلتش الفرصة و أدخل على My Ooredoo، عالـ E-shop و امشي لأقرب boutique ليك 🤩
⏳ في حدود الكميات المتوفرة 
فاش",Téléphone offert
arabe,Offre Nkalmek,2026-08-03T15:00:14.000Z,"36 dinars par mois avec appel illimité, 35Go d'internet, 150 SMS et choix d'un service gratuit",instagram,https://www.instagram.com/p/DblQtPKDcAK/,ooredootn,17,promotion produit,[],positif,".
خوذ الـOffre Nkalmek و Activi صيفك بأقوى أفار ! 
بـ36 في الشهر أكهاو🔥تكلّم En Illimité نحو كلّ المشغّلين في تونس🤙 و تمتّع بـ35Go انترنات🌐 و 150SMS💬 و زيد تنجم تختار Service بلاش 🎁 ما بين : SHAHID، V",offre téléphonie
arabe,Ooredoo Beach Tour,2026-08-04T15:00:17.000Z,"Animation, musique, défis et cadeaux",instagram,https://www.instagram.com/p/Dbn1giRjSfT/,ooredootn,12,promotion produit,[],positif,"⁨	.
إيجا Activi صيفك و أغطس في الجوّ مع Ooredoo Beach Tour by @oppotunisie 🌊⛱️
تلقاونا غدوة 5 أوت في سيدي بوسعيد Plage 🤩 إبتداءً مالـ14H باش نحفلوها مع بعضنا : فما Animation و موزيكا و Des Challenges ",Ooredoo Beach Tour
mixte,Fibre Box 100Mbps,2026-08-05T19:00:42.000Z,"Fibre Box 100Mbps au prix de 50Mbps, avec répéteur wifi offert et 2 services supplémentaires, pour 64.9 dinars par mois au lieu de 99.9 dinars",instagram,https://www.instagram.com/p/Dbq10NMj2X3/,ooredootn,8,promotion produit,[],positif,"ـActivi صيفك بأقوى الافريّات 😎
خوذ الـFibre Box 100Mbps بسوم الـMbps50 🚀 و تمتّع بأكثر débit بـ64.9د في عوض 99.9د في الشهر ✨
وزيد نهديولك 2 services و répéteur wifi بلاش 🎁
فاش تستنى؟ أدخل على الـEshop",Offre internet
